photo.code,str.code,lado,site,origin,spp,nursery,frag.date,date,month,year,gira,area.cm2,num.frag,mort.,mort.parc,perd,blanq,notas,digitador
DSCN7856,169,1,Guiri,,Pocillopora spp,arana,,18/12/2020,12,2020,dic-2020,150.250,10,0,0,0,0,,Monica
DSCN7857,169,2,Guiri,,Pocillopora spp,arana,,18/12/2020,12,2020,dic-2020,151.290,11,0,0,0,0,,Monica
DSCN7858,169,3,Guiri,,Pocillopora spp,arana,,18/12/2020,12,2020,dic-2020,151.360,11,0,0,0,0,,Monica
DSCN7859,169,4,Guiri,,Pocillopora spp,arana,,18/12/2020,12,2020,dic-2020,155.870,12,0,0,0,0,,Monica
DSCN7860,169,5,Guiri,,Pocillopora spp,arana,,18/12/2020,12,2020,dic-2020,90.671,11,0,0,0,0,,Monica
DSCN7861,169,6,Guiri,,Pocillopora spp,arana,,18/12/2020,12,2020,dic-2020,196.950,11,0,0,0,0,,Monica
DSCN7862,169,7,Guiri,,Pocillopora spp,arana,,18/12/2020,12,2020,dic-2020,345.130,20,0,0,0,0,,Monica
DSCN7849,170,1,Guiri,,Pocillopora spp,arana,,18/12/2020,12,2020,dic-2020,NA,NA,NA,NA,NA,NA,,Monica
DSCN7850,170,2,Guiri,,Pocillopora spp,arana,,18/12/2020,12,2020,dic-2020,124.558,8,0,0,0,0,,Monica
DSCN7851,170,3,Guiri,,Pocillopora spp,arana,,18/12/2020,12,2020,dic-2020,129.642,7,0,0,0,0,,Monica
DSCN7852,170,4,Guiri,,Pocillopora spp,arana,,18/12/2020,12,2020,dic-2020,144.038,8,0,0,0,0,,Monica
DSCN7853,170,5,Guiri,,Pocillopora spp,arana,,18/12/2020,12,2020,dic-2020,145.425,8,0,0,0,0,,Monica
DSCN7854,170,6,Guiri,,Pocillopora spp,arana,,18/12/2020,12,2020,dic-2020,112.457,7,0,0,0,0,,Monica
DSCN7855,170,7,Guiri,,Pocillopora spp,arana,,18/12/2020,12,2020,dic-2020,230.449,12,0,0,0,0,,Monica
DSCN7870,171,1,Guiri,,Pocillopora spp,arana,,18/12/2020,12,2020,dic-2020,61.551,10,0,0,0,0,,Monica
DSCN7871,171,2,Guiri,,Pocillopora spp,arana,,18/12/2020,12,2020,dic-2020,68.977,11,0,0,0,0,,Monica
DSCN7872,171,3,Guiri,,Pocillopora spp,arana,,18/12/2020,12,2020,dic-2020,106.816,11,0,0,0,0,,Monica
DSCN7873,171,4,Guiri,,Pocillopora spp,arana,,18/12/2020,12,2020,dic-2020,108.529,11,0,0,0,0,,Monica
DSCN7874,171,5,Guiri,,Pocillopora spp,arana,,18/12/2020,12,2020,dic-2020,111.550,9,0,0,0,0,,Monica
DSCN7875,171,6,Guiri,,Pocillopora spp,arana,,18/12/2020,12,2020,dic-2020,67.600,10,0,0,0,0,,Monica
DSCN7876,171,7,Guiri,,Pocillopora spp,arana,,18/12/2020,12,2020,dic-2020,198.005,18,0,0,0,0,,Monica
DSCN7863,172,1,Guiri,,Pocillopora spp,arana,,18/12/2020,12,2020,dic-2020,129.188,10,0,0,0,0,,Monica
DSCN7864,172,2,Guiri,,Pocillopora spp,arana,,18/12/2020,12,2020,dic-2020,130.736,10,0,0,0,0,,Monica
DSCN7865,172,3,Guiri,,Pocillopora spp,arana,,18/12/2020,12,2020,dic-2020,77.553,10,0,0,0,0,,Monica
DSCN7866,172,4,Guiri,,Pocillopora spp,arana,,18/12/2020,12,2020,dic-2020,118.750,10,0,0,0,0,,Monica
DSCN7867,172,5,Guiri,,Pocillopora spp,arana,,18/12/2020,12,2020,dic-2020,135.370,10,0,0,0,0,,Monica
DSCN7868,172,6,Guiri,,Pocillopora spp,arana,,18/12/2020,12,2020,dic-2020,114.550,11,0,0,0,0,,Monica
DSCN7869,172,7,Guiri,,Pocillopora spp,arana,,18/12/2020,12,2020,dic-2020,390.628,19,0,0,0,0,,Monica
DSCN7877,175,1,Guiri,,Pocillopora spp,arana,,18/12/2020,12,2020,dic-2020,12.705,2,0,0,0,0,,Monica
DSCN7878,175,2,Guiri,,Pocillopora spp,arana,,18/12/2020,12,2020,dic-2020,13.058,1,0,0,0,0,,Monica
DSCN7879,175,3,Guiri,,Pocillopora spp,arana,,18/12/2020,12,2020,dic-2020,22.613,6,0,0,0,0,,Monica
DSCN7880,175,4,Guiri,,Pocillopora spp,arana,,18/12/2020,12,2020,dic-2020,77.978,9,1,1,0,0,,Monica
DSCN7881,175,5,Guiri,,Pocillopora spp,arana,,18/12/2020,12,2020,dic-2020,84.690,11,0,0,0,0,,Monica
DSCN7882,175,6,Guiri,,Pocillopora spp,arana,,18/12/2020,12,2020,dic-2020,128.330,11,0,0,0,0,,Monica
DSCN7883,175,7,Guiri,,Pocillopora spp,arana,,18/12/2020,12,2020,dic-2020,146.443,10,1,0,0,0,,Monica
DSCN8407,169,1,Guiri,,Pocillopora spp,arana,,24/1/21,1,2021,ene-21,208.118,13,0,0,0,0,,Monica
DSCN8408,169,2,Guiri,,Pocillopora spp,arana,,24/1/21,1,2021,ene-21,245.669,11,0,0,0,0,,Monica
DSCN8409,169,3,Guiri,,Pocillopora spp,arana,,24/1/21,1,2021,ene-21,245.856,11,0,0,0,0,,Monica
DSCN8410,169,4,Guiri,,Pocillopora spp,arana,,24/1/21,1,2021,ene-21,194.781,12,0,0,0,0,,Monica
DSCN8411,169,5,Guiri,,Pocillopora spp,arana,,24/1/21,1,2021,ene-21,129.114,10,0,0,0,0,,Monica
DSCN8413,169,6,Guiri,,Pocillopora spp,arana,,24/1/21,1,2021,ene-21,195.045,11,0,0,0,0,,Monica
DSCN8414,169,7,Guiri,,Pocillopora spp,arana,,24/1/21,1,2021,ene-21,515.023,20,0,1,0,0,,Monica
DSCN8396,170,1,Guiri,,Pocillopora spp,arana,,24/1/21,1,2021,ene-21,NA,NA,NA,NA,NA,NA,,Monica
DSCN8398,170,2,Guiri,,Pocillopora spp,arana,,24/1/21,1,2021,ene-21,168.796,7,0,0,0,0,,Monica
DSCN8399,170,3,Guiri,,Pocillopora spp,arana,,24/1/21,1,2021,ene-21,163.767,6,0,0,0,0,,Monica
DSCN8400,170,4,Guiri,,Pocillopora spp,arana,,24/1/21,1,2021,ene-21,164.125,8,0,0,0,0,,Monica
DSCN8403,170,5,Guiri,,Pocillopora spp,arana,,24/1/21,1,2021,ene-21,191.191,8,0,0,0,0,,Monica
DSCN8404,170,6,Guiri,,Pocillopora spp,arana,,24/1/21,1,2021,ene-21,158.343,7,0,0,0,0,,Monica
DSCN8405,170,7,Guiri,,Pocillopora spp,arana,,24/1/21,1,2021,ene-21,313.646,11,0,0,0,0,,Monica
DSCN8432,171,1,Guiri,,Pocillopora spp,arana,,24/1/21,1,2021,ene-21,103.925,9,0,0,0,0,,Monica
DSCN8433,171,2,Guiri,,Pocillopora spp,arana,,24/1/21,1,2021,ene-21,118.295,8,0,0,0,0,Imagen cortada,Monica
DSCN8434,171,3,Guiri,,Pocillopora spp,arana,,24/1/21,1,2021,ene-21,126.413,8,0,0,0,0,,Monica
DSCN8435,171,4,Guiri,,Pocillopora spp,arana,,24/1/21,1,2021,ene-21,158.820,8,0,0,0,0,,Monica
DSCN8436,171,5,Guiri,,Pocillopora spp,arana,,24/1/21,1,2021,ene-21,189.787,7,0,0,0,0,,Monica
DSCN8438,171,6,Guiri,,Pocillopora spp,arana,,24/1/21,1,2021,ene-21,97.986,10,0,0,0,0,,Monica
DSCN8440,171,7,Guiri,,Pocillopora spp,arana,,24/1/21,1,2021,ene-21,283.742,15,0,0,0,0,,Monica
DSCN8416,172,1,Guiri,,Pocillopora spp,arana,,24/1/21,1,2021,ene-21,158.419,9,0,0,0,0,,Monica
DSCN8417,172,2,Guiri,,Pocillopora spp,arana,,24/1/21,1,2021,ene-21,160.421,9,0,0,0,0,,Monica
DSCN8418,172,3,Guiri,,Pocillopora spp,arana,,24/1/21,1,2021,ene-21,137.092,9,0,0,0,0,,Monica
DSCN8419,172,4,Guiri,,Pocillopora spp,arana,,24/1/21,1,2021,ene-21,224.981,9,0,0,0,0,,Monica
DSCN8420,172,5,Guiri,,Pocillopora spp,arana,,24/1/21,1,2021,ene-21,158.385,8,0,0,0,0,Imagen cortada,Monica
DSCN8421,172,6,Guiri,,Pocillopora spp,arana,,24/1/21,1,2021,ene-21,160.960,10,0,0,0,0,Imagen cortada,Monica
DSCN8422,172,7,Guiri,,Pocillopora spp,arana,,24/1/21,1,2021,ene-21,445.265,19,0,1,0,0,4 pequenos fragmentos en el suelo,Monica
DSCN8424,175,1,Guiri,,Pocillopora spp,arana,,24/1/21,1,2021,ene-21,23.084,1,0,0,0,0,,Monica
DSCN8425,175,2,Guiri,,Pocillopora spp,arana,,24/1/21,1,2021,ene-21,30.528,1,0,0,0,0,,Monica
DSCN8426,175,3,Guiri,,Pocillopora spp,arana,,24/1/21,1,2021,ene-21,41.188,5,0,0,0,0,,Monica
DSCN8427,175,4,Guiri,,Pocillopora spp,arana,,24/1/21,1,2021,ene-21,82.446,5,1,0,1,0,10 pequenos fragmentos en el suelo,Monica
DSCN8428,175,5,Guiri,,Pocillopora spp,arana,,24/1/21,1,2021,ene-21,111.332,8,0,0,0,0,,Monica
DSCN8429,175,6,Guiri,,Pocillopora spp,arana,,24/1/21,1,2021,ene-21,152.634,12,0,0,0,0,,Monica
DSCN8430,175,7,Guiri,,Pocillopora spp,arana,,24/1/21,1,2021,ene-21,165.327,8,0,1,0,0,,Monica
DSCN9001,169,1,Guiri,,Pocillopora spp,arana,,26/2/2021,2,2021,feb-21,293.278,10,0,0,0,0,,Monica
DSCN9002,169,2,Guiri,,Pocillopora spp,arana,,26/2/2021,2,2021,feb-21,231.582,10,0,0,0,0,,Monica
DSCN9003,169,3,Guiri,,Pocillopora spp,arana,,26/2/2021,2,2021,feb-21,276.967,11,0,0,0,0,,Monica
DSCN9004,169,4,Guiri,,Pocillopora spp,arana,,26/2/2021,2,2021,feb-21,241.977,12,0,0,0,0,,Monica
DSCN9005,169,5,Guiri,,Pocillopora spp,arana,,26/2/2021,2,2021,feb-21,185.736,9,0,0,0,0,,Monica
DSCN9006,169,6,Guiri,,Pocillopora spp,arana,,26/2/2021,2,2021,feb-21,301.024,12,0,0,0,0,,Monica
DSCN9007,169,7,Guiri,,Pocillopora spp,arana,,26/2/2021,2,2021,feb-21,459.070,17,0,0,0,0,,Monica
DSCN8994,170,1,Guiri,,Pocillopora spp,arana,,26/2/2021,2,2021,feb-21,NA,NA,NA,NA,NA,NA,,Monica
DSCN8995,170,2,Guiri,,Pocillopora spp,arana,,26/2/2021,2,2021,feb-21,167.762,7,0,0,0,0,,Monica
DSCN8996,170,3,Guiri,,Pocillopora spp,arana,,26/2/2021,2,2021,feb-21,178.116,6,0,0,0,0,,Monica
DSCN8997,170,4,Guiri,,Pocillopora spp,arana,,26/2/2021,2,2021,feb-21,200.671,8,0,0,0,0,,Monica
DSCN8998,170,5,Guiri,,Pocillopora spp,arana,,26/2/2021,2,2021,feb-21,228.691,8,0,0,0,0,,Monica
DSCN8999,170,6,Guiri,,Pocillopora spp,arana,,26/2/2021,2,2021,feb-21,185.453,7,0,0,0,0,,Monica
DSCN9000,170,7,Guiri,,Pocillopora spp,arana,,26/2/2021,2,2021,feb-21,344.596,10,0,0,0,0,,Monica
DSCN9008,171,1,Guiri,,Pocillopora spp,arana,,26/2/2021,2,2021,feb-21,139.649,9,0,0,0,0,,Monica
DSCN9009,171,2,Guiri,,Pocillopora spp,arana,,26/2/2021,2,2021,feb-21,172.331,8,0,0,0,0,,Monica
DSCN9010,171,3,Guiri,,Pocillopora spp,arana,,26/2/2021,2,2021,feb-21,180.888,10,0,0,0,0,,Monica
DSCN9011,171,4,Guiri,,Pocillopora spp,arana,,26/2/2021,2,2021,feb-21,205.725,8,0,0,0,0,,Monica
DSCN9012,171,5,Guiri,,Pocillopora spp,arana,,26/2/2021,2,2021,feb-21,272.767,7,0,0,0,0,,Monica
DSCN9013,171,6,Guiri,,Pocillopora spp,arana,,26/2/2021,2,2021,feb-21,164.820,8,0,0,0,0,,Monica
DSCN9014,171,7,Guiri,,Pocillopora spp,arana,,26/2/2021,2,2021,feb-21,314.131,13,0,0,0,0,,Monica
DSCN9015,172,1,Guiri,,Pocillopora spp,arana,,26/2/2021,2,2021,feb-21,115.791,9,0,0,0,0,,Monica
DSCN9016,172,2,Guiri,,Pocillopora spp,arana,,26/2/2021,2,2021,feb-21,205.898,10,0,0,0,0,,Monica
DSCN9017,172,3,Guiri,,Pocillopora spp,arana,,26/2/2021,2,2021,feb-21,154.523,10,0,0,0,0,,Monica
DSCN9018,172,4,Guiri,,Pocillopora spp,arana,,26/2/2021,2,2021,feb-21,234.371,10,0,1,0,0,,Monica
DSCN9019,172,5,Guiri,,Pocillopora spp,arana,,26/2/2021,2,2021,feb-21,233.087,10,0,2,0,0,,Monica
DSCN9020,172,6,Guiri,,Pocillopora spp,arana,,26/2/2021,2,2021,feb-21,324.382,10,0,0,0,0,,Monica
DSCN9021,172,7,Guiri,,Pocillopora spp,arana,,26/2/2021,2,2021,feb-21,547.949,18,2,0,0,0,,Monica
DSCN9022,175,1,Guiri,,Pocillopora spp,arana,,26/2/2021,2,2021,feb-21,25.689,2,0,0,0,0,,Monica
DSCN9023,175,2,Guiri,,Pocillopora spp,arana,,26/2/2021,2,2021,feb-21,25.310,1,0,0,0,0,,Monica
DSCN9025,175,3,Guiri,,Pocillopora spp,arana,,26/2/2021,2,2021,feb-21,56.845,4,0,0,0,0,,Monica
DSCN9026,175,4,Guiri,,Pocillopora spp,arana,,26/2/2021,2,2021,feb-21,130.200,5,0,0,0,0,,Monica
DSCN9027,175,5,Guiri,,Pocillopora spp,arana,,26/2/2021,2,2021,feb-21,149.056,10,0,0,0,0,,Monica
DSCN9028,175,6,Guiri,,Pocillopora spp,arana,,26/2/2021,2,2021,feb-21,206.476,12,0,0,0,0,,Monica
DSCN9029,175,7,Guiri,,Pocillopora spp,arana,,26/2/2021,2,2021,feb-21,198.247,10,2,0,0,0,,Monica
DSCN0306,169,1,Guiri,,Pocillopora spp,arana,,27/3/2021,3,2021,mar-21,377.129,11,0,0,0,0,,Monica
DSCN0307,169,2,Guiri,,Pocillopora spp,arana,,27/3/2021,3,2021,mar-21,267.983,11,0,0,0,0,,Monica
DSCN0308,169,3,Guiri,,Pocillopora spp,arana,,27/3/2021,3,2021,mar-21,331.284,11,0,0,0,0,,Monica
DSCN0309,169,4,Guiri,,Pocillopora spp,arana,,27/3/2021,3,2021,mar-21,276.721,11,0,0,0,0,,Monica
DSCN0310,169,5,Guiri,,Pocillopora spp,arana,,27/3/2021,3,2021,mar-21,211.103,10,0,0,0,0,,Monica
DSCN0311,169,6,Guiri,,Pocillopora spp,arana,,27/3/2021,3,2021,mar-21,306.085,11,0,0,0,0,,Monica
DSCN0312,169,7,Guiri,,Pocillopora spp,arana,,27/3/2021,3,2021,mar-21,551.562,19,0,0,0,0,,Monica
DSCN0299,170,1,Guiri,,Pocillopora spp,arana,,27/3/2021,3,2021,mar-21,NA,NA,NA,NA,NA,NA,,Monica
DSCN0300,170,2,Guiri,,Pocillopora spp,arana,,27/3/2021,3,2021,mar-21,224.600,8,0,0,0,0,,Monica
DSCN0301,170,3,Guiri,,Pocillopora spp,arana,,27/3/2021,3,2021,mar-21,229.419,6,0,0,0,0,,Monica
DSCN0302,170,4,Guiri,,Pocillopora spp,arana,,27/3/2021,3,2021,mar-21,274.958,8,0,0,0,0,,Monica
DSCN0303,170,5,Guiri,,Pocillopora spp,arana,,27/3/2021,3,2021,mar-21,327.034,8,0,0,0,0,,Monica
DSCN0304,170,6,Guiri,,Pocillopora spp,arana,,27/3/2021,3,2021,mar-21,245.618,7,0,0,0,0,,Monica
DSCN0305,170,7,Guiri,,Pocillopora spp,arana,,27/3/2021,3,2021,mar-21,403.998,10,0,0,0,0,,Monica
DSCN0277,171,1,Guiri,,Pocillopora spp,arana,,27/3/2021,3,2021,mar-21,240.473,10,0,0,0,0,,Monica
DSCN0278,171,2,Guiri,,Pocillopora spp,arana,,27/3/2021,3,2021,mar-21,224.538,10,0,0,1,0,,Monica
DSCN0279,171,3,Guiri,,Pocillopora spp,arana,,27/3/2021,3,2021,mar-21,221.290,10,1,0,0,0,,Monica
DSCN0280,171,4,Guiri,,Pocillopora spp,arana,,27/3/2021,3,2021,mar-21,265.921,8,0,0,0,0,,Monica
DSCN0281,171,5,Guiri,,Pocillopora spp,arana,,27/3/2021,3,2021,mar-21,293.914,9,0,0,0,0,,Monica
DSCN0282,171,6,Guiri,,Pocillopora spp,arana,,27/3/2021,3,2021,mar-21,260.854,10,0,0,0,0,,Monica
DSCN0284,171,7,Guiri,,Pocillopora spp,arana,,27/3/2021,3,2021,mar-21,510.228,13,0,0,1,0,,Monica
DSCN0270,172,1,Guiri,,Pocillopora spp,arana,,27/3/2021,3,2021,mar-21,237.756,9,0,0,0,0,,Monica
DSCN0271,172,2,Guiri,,Pocillopora spp,arana,,27/3/2021,3,2021,mar-21,262.635,10,0,0,0,0,,Monica
DSCN0272,172,3,Guiri,,Pocillopora spp,arana,,27/3/2021,3,2021,mar-21,218.646,11,0,0,2,0,,Monica
DSCN0273,172,4,Guiri,,Pocillopora spp,arana,,27/3/2021,3,2021,mar-21,307.968,10,0,0,0,0,,Monica
DSCN0274,172,5,Guiri,,Pocillopora spp,arana,,27/3/2021,3,2021,mar-21,263.420,10,0,0,0,0,,Monica
DSCN0275,172,6,Guiri,,Pocillopora spp,arana,,27/3/2021,3,2021,mar-21,394.237,11,0,0,0,0,,Monica
DSCN0276,172,7,Guiri,,Pocillopora spp,arana,,27/3/2021,3,2021,mar-21,631.996,19,0,1,0,0,,Monica
DSCN0263,175,1,Guiri,,Pocillopora spp,arana,,27/3/2021,3,2021,mar-21,27.268,2,0,0,0,0,,Monica
DSCN0264,175,2,Guiri,,Pocillopora spp,arana,,27/3/2021,3,2021,mar-21,31.580,1,0,0,0,0,,Monica
DSCN0265,175,3,Guiri,,Pocillopora spp,arana,,27/3/2021,3,2021,mar-21,78.559,5,0,0,0,0,,Monica
DSCN0266,175,4,Guiri,,Pocillopora spp,arana,,27/3/2021,3,2021,mar-21,155.953,6,0,0,0,0,,Monica
DSCN0267,175,5,Guiri,,Pocillopora spp,arana,,27/3/2021,3,2021,mar-21,207.915,10,1,1,0,0,,Monica
DSCN0268,175,6,Guiri,,Pocillopora spp,arana,,27/3/2021,3,2021,mar-21,226.882,12,0,0,1,0,,Monica
DSCN0269,175,7,Guiri,,Pocillopora spp,arana,,27/3/2021,3,2021,mar-21,233.883,10,2,0,0,0,,Monica
DSCN0650,169,1,Guiri,,Pocillopora spp,arana,,23/4/2021,4,2021,abr-21,361.690,11,0,0,0,0,,Monica
DSCN0651,169,2,Guiri,,Pocillopora spp,arana,,23/4/2021,4,2021,abr-21,261.247,9,0,0,1,0,,Monica
DSCN0652,169,3,Guiri,,Pocillopora spp,arana,,23/4/2021,4,2021,abr-21,310.620,10,0,0,0,0,,Monica
DSCN0653,169,4,Guiri,,Pocillopora spp,arana,,23/4/2021,4,2021,abr-21,233.639,12,0,0,0,0,,Monica
DSCN0654,169,5,Guiri,,Pocillopora spp,arana,,23/4/2021,4,2021,abr-21,204.593,10,0,0,0,0,,Monica
DSCN0655,169,6,Guiri,,Pocillopora spp,arana,,23/4/2021,4,2021,abr-21,344.060,12,0,0,0,0,,Monica
DSCN0656,169,7,Guiri,,Pocillopora spp,arana,,23/4/2021,4,2021,abr-21,590.451,19,0,0,0,0,,Monica
DSCN0658,170,1,Guiri,,Pocillopora spp,arana,,23/4/2021,4,2021,abr-21,NA,NA,NA,NA,NA,NA,,Monica
DSCN0659,170,2,Guiri,,Pocillopora spp,arana,,23/4/2021,4,2021,abr-21,205.484,6,0,0,1,0,,Monica
DSCN0660,170,3,Guiri,,Pocillopora spp,arana,,23/4/2021,4,2021,abr-21,218.297,8,0,0,0,0,,Monica
DSCN0661,170,4,Guiri,,Pocillopora spp,arana,,23/4/2021,4,2021,abr-21,223.202,8,0,0,0,0,,Monica
DSCN0662,170,5,Guiri,,Pocillopora spp,arana,,23/4/2021,4,2021,abr-21,316.935,7,0,0,0,0,,Monica
DSCN0665,170,6,Guiri,,Pocillopora spp,arana,,23/4/2021,4,2021,abr-21,262.107,9,0,0,0,0,,Monica
DSCN0666,170,7,Guiri,,Pocillopora spp,arana,,23/4/2021,4,2021,abr-21,382.027,9,0,0,0,0,,Monica
DSCN0636,171,1,Guiri,,Pocillopora spp,arana,,23/4/2021,4,2021,abr-21,230.108,10,1,0,0,0,,Monica
DSCN0637,171,2,Guiri,,Pocillopora spp,arana,,23/4/2021,4,2021,abr-21,242.339,9,0,1,0,0,4 fragmentos en la arena,Monica
DSCN0638,171,3,Guiri,,Pocillopora spp,arana,,23/4/2021,4,2021,abr-21,294.381,11,0,0,0,0,5 fragmentos en el fondo,Monica
DSCN0639,171,4,Guiri,,Pocillopora spp,arana,,23/4/2021,4,2021,abr-21,342.195,10,0,0,0,0,,Monica
DSCN0640,171,5,Guiri,,Pocillopora spp,arana,,23/4/2021,4,2021,abr-21,337.762,8,0,0,0,0,,Monica
DSCN0641,171,6,Guiri,,Pocillopora spp,arana,,23/4/2021,4,2021,abr-21,316.116,9,0,0,0,0,,Monica
DSCN0642,171,7,Guiri,,Pocillopora spp,arana,,23/4/2021,4,2021,abr-21,407.647,16,0,0,0,0,,Monica
DSCN0643,172,1,Guiri,,Pocillopora spp,arana,,23/4/2021,4,2021,abr-21,313.800,9,0,0,0,0,,Monica
DSCN0644,172,2,Guiri,,Pocillopora spp,arana,,23/4/2021,4,2021,abr-21,313.482,10,0,0,0,0,,Monica
DSCN0645,172,3,Guiri,,Pocillopora spp,arana,,23/4/2021,4,2021,abr-21,242.439,10,0,0,0,0,,Monica
DSCN0646,172,4,Guiri,,Pocillopora spp,arana,,23/4/2021,4,2021,abr-21,292.581,10,1,0,0,0,,Monica
DSCN0647,172,5,Guiri,,Pocillopora spp,arana,,23/4/2021,4,2021,abr-21,302.820,10,0,0,0,0,,Monica
DSCN0648,172,6,Guiri,,Pocillopora spp,arana,,23/4/2021,4,2021,abr-21,407.096,11,0,0,0,0,,Monica
DSCN0649,172,7,Guiri,,Pocillopora spp,arana,,23/4/2021,4,2021,abr-21,771.417,20,0,0,0,0,,Monica
DSCN0629,175,1,Guiri,,Pocillopora spp,arana,,23/4/2021,4,2021,abr-21,37.600,2,0,0,0,0,,Monica
DSCN0630,175,2,Guiri,,Pocillopora spp,arana,,23/4/2021,4,2021,abr-21,23.810,1,0,0,0,0,,Monica
DSCN0631,175,3,Guiri,,Pocillopora spp,arana,,23/4/2021,4,2021,abr-21,780.790,6,0,0,0,0,,Monica
DSCN0632,175,4,Guiri,,Pocillopora spp,arana,,23/4/2021,4,2021,abr-21,168.894,7,0,0,0,0,,Monica
DSCN0633,175,5,Guiri,,Pocillopora spp,arana,,23/4/2021,4,2021,abr-21,164.976,10,0,0,0,0,,Monica
DSCN0634,175,6,Guiri,,Pocillopora spp,arana,,23/4/2021,4,2021,abr-21,300.745,12,0,0,0,0,,Monica
DSCN0635,175,7,Guiri,,Pocillopora spp,arana,,23/4/2021,4,2021,abr-21,248.402,8,0,0,0,0,,Monica
DSCN1272,169,1,Guiri,,Pocillopora spp,arana,,22/5/2021,5,2021,may-21,458.664,11,0,0,0,0,,Monica
DSCN1273,169,2,Guiri,,Pocillopora spp,arana,,22/5/2021,5,2021,may-21,325.114,9,2,0,0,0,,Monica
DSCN1274,169,3,Guiri,,Pocillopora spp,arana,,22/5/2021,5,2021,may-21,373.181,11,0,0,0,0,,Monica
DSCN1276,169,4,Guiri,,Pocillopora spp,arana,,22/5/2021,5,2021,may-21,316.526,12,0,0,0,0,,Monica
DSCN1277,169,5,Guiri,,Pocillopora spp,arana,,22/5/2021,5,2021,may-21,250.171,10,0,0,0,0,,Monica
DSCN1278,169,6,Guiri,,Pocillopora spp,arana,,22/5/2021,5,2021,may-21,424.276,11,0,1,0,0,,Monica
DSCN1281,169,7,Guiri,,Pocillopora spp,arana,,22/5/2021,5,2021,may-21,683.984,19,0,1,0,0,,Monica
DSCN1262,170,1,Guiri,,Pocillopora spp,arana,,22/5/2021,5,2021,may-21,NA,NA,NA,NA,NA,NA,,Monica
DSCN1263,170,2,Guiri,,Pocillopora spp,arana,,22/5/2021,5,2021,may-21,258.031,8,0,0,0,0,,Monica
DSCN1264,170,3,Guiri,,Pocillopora spp,arana,,22/5/2021,5,2021,may-21,279.506,7,0,0,0,0,,Monica
DSCN1265,170,4,Guiri,,Pocillopora spp,arana,,22/5/2021,5,2021,may-21,313.182,8,0,0,0,0,,Monica
DSCN1267,170,5,Guiri,,Pocillopora spp,arana,,22/5/2021,5,2021,may-21,352.050,8,0,0,0,0,,Monica
DSCN1268,170,6,Guiri,,Pocillopora spp,arana,,22/5/2021,5,2021,may-21,343.635,7,0,0,0,0,,Monica
DSCN1270,170,7,Guiri,,Pocillopora spp,arana,,22/5/2021,5,2021,may-21,532.536,10,0,0,0,0,,Monica
DSCN1284,171,1,Guiri,,Pocillopora spp,arana,,22/5/2021,5,2021,may-21,265.735,10,0,0,0,0,,Monica
DSCN1286,171,2,Guiri,,Pocillopora spp,arana,,22/5/2021,5,2021,may-21,301.461,10,0,0,0,0,,Monica
DSCN1287,171,3,Guiri,,Pocillopora spp,arana,,22/5/2021,5,2021,may-21,326.549,10,0,0,0,0,,Monica
DSCN1289,171,4,Guiri,,Pocillopora spp,arana,,22/5/2021,5,2021,may-21,258.164,8,0,0,0,0,,Monica
DSCN1290,171,5,Guiri,,Pocillopora spp,arana,,22/5/2021,5,2021,may-21,377.480,9,0,0,0,0,,Monica
DSCN1291,171,6,Guiri,,Pocillopora spp,arana,,22/5/2021,5,2021,may-21,330.300,10,0,0,0,0,,Monica
DSCN1292,171,7,Guiri,,Pocillopora spp,arana,,22/5/2021,5,2021,may-21,669.704,13,0,0,0,0,,Monica
DSCN1295,172,1,Guiri,,Pocillopora spp,arana,,22/5/2021,5,2021,may-21,342.527,9,0,1,0,0,,Monica
DSCN1296,172,2,Guiri,,Pocillopora spp,arana,,22/5/2021,5,2021,may-21,430.883,10,0,0,0,0,,Monica
DSCN1297,172,3,Guiri,,Pocillopora spp,arana,,22/5/2021,5,2021,may-21,313.632,11,0,2,0,0,,Monica
DSCN1298,172,4,Guiri,,Pocillopora spp,arana,,22/5/2021,5,2021,may-21,309.679,10,1,1,0,0,,Monica
DSCN1299,172,5,Guiri,,Pocillopora spp,arana,,22/5/2021,5,2021,may-21,NA,NA,NA,NA,NA,NA,No hay foto,Monica
DSCN1300,172,6,Guiri,,Pocillopora spp,arana,,22/5/2021,5,2021,may-21,383.916,11,0,0,0,0,,Monica
DSCN1301,172,7,Guiri,,Pocillopora spp,arana,,22/5/2021,5,2021,may-21,964.443,19,0,0,0,0,,Monica
DSCN1304,175,1,Guiri,,Pocillopora spp,arana,,22/5/2021,5,2021,may-21,37.761,2,0,0,0,0,,Monica
DSCN1306,175,2,Guiri,,Pocillopora spp,arana,,22/5/2021,5,2021,may-21,36.097,1,0,0,0,0,Imagen cortada,Monica
DSCN1307,175,3,Guiri,,Pocillopora spp,arana,,22/5/2021,5,2021,may-21,112.243,5,0,0,0,0,,Monica
DSCN1308,175,4,Guiri,,Pocillopora spp,arana,,22/5/2021,5,2021,may-21,216.488,6,1,0,0,0,,Monica
DSCN1309,175,5,Guiri,,Pocillopora spp,arana,,22/5/2021,5,2021,may-21,237.366,10,0,0,0,0,,Monica
DSCN1310,175,6,Guiri,,Pocillopora spp,arana,,22/5/2021,5,2021,may-21,389.295,12,0,0,0,0,,Monica
DSCN1311,175,7,Guiri,,Pocillopora spp,arana,,22/5/2021,5,2021,may-21,289.793,10,0,0,0,0,,Monica
DSCN03323700,169,1,Guiri,,Pocillopora spp,arana,,24/6/2021,6,2021,jun-21,419.003,11,0,0,0,0,,Monica
DSCN03324600,169,2,Guiri,,Pocillopora spp,arana,,24/6/2021,6,2021,jun-21,351.485,9,1,0,0,0,,Monica
DSCN03330200,169,3,Guiri,,Pocillopora spp,arana,,24/6/2021,6,2021,jun-21,496.794,11,0,0,0,0,,Monica
DSCN03331200,169,4,Guiri,,Pocillopora spp,arana,,24/6/2021,6,2021,jun-21,465.922,12,0,0,0,0,,Monica
DSCN03332700,169,5,Guiri,,Pocillopora spp,arana,,24/6/2021,6,2021,jun-21,279.736,10,0,0,0,0,,Monica
DSCN03334000,169,6,Guiri,,Pocillopora spp,arana,,24/6/2021,6,2021,jun-21,402.944,11,0,0,0,0,,Monica
DSCN03335000,169,7,Guiri,,Pocillopora spp,arana,,24/6/2021,6,2021,jun-21,743.331,19,0,0,0,0,,Monica
DSCN03304600,170,1,Guiri,,Pocillopora spp,arana,,24/6/2021,6,2021,jun-21,NA,NA,NA,NA,NA,NA,,Monica
DSCN03305900,170,2,Guiri,,Pocillopora spp,arana,,24/6/2021,6,2021,jun-21,294.433,8,0,0,0,0,,Monica
DSCN03311600,170,3,Guiri,,Pocillopora spp,arana,,24/6/2021,6,2021,jun-21,350.373,7,0,0,0,0,,Monica
DSCN03313000,170,4,Guiri,,Pocillopora spp,arana,,24/6/2021,6,2021,jun-21,346.311,8,0,0,0,0,,Monica
DSCN03314400,170,5,Guiri,,Pocillopora spp,arana,,24/6/2021,6,2021,jun-21,392.731,8,0,0,0,0,,Monica
DSCN03315800,170,6,Guiri,,Pocillopora spp,arana,,24/6/2021,6,2021,jun-21,414.440,7,0,0,0,0,,Monica
DSCN03320800,170,7,Guiri,,Pocillopora spp,arana,,24/6/2021,6,2021,jun-21,621.074,10,0,0,0,0,,Monica
DSCN03342000,171,1,Guiri,,Pocillopora spp,arana,,24/6/2021,6,2021,jun-21,299.719,10,0,0,0,0,,Monica
DSCN3343100,171,2,Guiri,,Pocillopora spp,arana,,24/6/2021,6,2021,jun-21,374.394,10,0,0,0,0,,Monica
DSCN03344700,171,3,Guiri,,Pocillopora spp,arana,,24/6/2021,6,2021,jun-21,353.181,10,0,0,0,0,,Monica
DSCN03345600,171,4,Guiri,,Pocillopora spp,arana,,24/6/2021,6,2021,jun-21,356.032,8,0,0,0,0,,Monica
DSCN03350600,171,5,Guiri,,Pocillopora spp,arana,,24/6/2021,6,2021,jun-21,498.556,9,0,0,0,0,,Monica
DSCN03351800,171,6,Guiri,,Pocillopora spp,arana,,24/6/2021,6,2021,jun-21,423.719,10,0,0,0,0,,Monica
DSCN03353600,171,7,Guiri,,Pocillopora spp,arana,,24/6/2021,6,2021,jun-21,576.608,13,0,0,0,0,,Monica
DSCN03360800,172,1,Guiri,,Pocillopora spp,arana,,24/6/2021,6,2021,jun-21,323.419,9,0,0,0,0,,Monica
DSCN03361600,172,2,Guiri,,Pocillopora spp,arana,,24/6/2021,6,2021,jun-21,452.548,10,0,1,0,0,,Monica
DSCN03363000,172,3,Guiri,,Pocillopora spp,arana,,24/6/2021,6,2021,jun-21,338.706,11,0,0,0,0,,Monica
DSCN03364200,172,4,Guiri,,Pocillopora spp,arana,,24/6/2021,6,2021,jun-21,410.310,10,1,0,0,0,,Monica
DSCN03365400,172,5,Guiri,,Pocillopora spp,arana,,24/6/2021,6,2021,jun-21,396.707,9,0,0,0,0,,Monica
DSCN03370300,172,6,Guiri,,Pocillopora spp,arana,,24/6/2021,6,2021,jun-21,511.830,11,0,0,0,0,,Monica
DSCN03371000,172,7,Guiri,,Pocillopora spp,arana,,24/6/2021,6,2021,jun-21,884.746,19,0,0,0,0,,Monica
DSCN03373700,175,1,Guiri,,Pocillopora spp,arana,,24/6/2021,6,2021,jun-21,NA,NA,NA,NA,NA,NA,Foto cortada,Monica
DSCN03374800,175,2,Guiri,,Pocillopora spp,arana,,24/6/2021,6,2021,jun-21,39.629,1,0,0,0,0,,Monica
DSCN03380000,175,3,Guiri,,Pocillopora spp,arana,,24/6/2021,6,2021,jun-21,124.118,5,0,0,0,0,,Monica
DSCN03381100,175,4,Guiri,,Pocillopora spp,arana,,24/6/2021,6,2021,jun-21,205.406,6,0,0,0,0,,Monica
DSCN03381800,175,5,Guiri,,Pocillopora spp,arana,,24/6/2021,6,2021,jun-21,270.582,10,0,0,0,0,,Monica
DSCN03382900,175,6,Guiri,,Pocillopora spp,arana,,24/6/2021,6,2021,jun-21,418.873,12,0,0,0,0,,Monica
DSCN03383900,175,7,Guiri,,Pocillopora spp,arana,,24/6/2021,6,2021,jun-21,274.139,10,0,0,0,0,,Monica
DSCN7931,169,1,Guiri,,Pocillopora spp,arana,,28/7/2021,7,2021,jul-21,504.351,11,1,0,0,0,,Monica
DSCN7932,169,2,Guiri,,Pocillopora spp,arana,,28/7/2021,7,2021,jul-21,372.986,9,0,0,0,0,,Monica
DSCN7933,169,3,Guiri,,Pocillopora spp,arana,,28/7/2021,7,2021,jul-21,509.076,11,0,0,0,0,,Monica
DSCN7934,169,4,Guiri,,Pocillopora spp,arana,,28/7/2021,7,2021,jul-21,453.811,12,0,0,0,0,,Monica
DSCN7935,169,5,Guiri,,Pocillopora spp,arana,,28/7/2021,7,2021,jul-21,321.531,10,0,0,0,0,,Monica
DSCN7936,169,6,Guiri,,Pocillopora spp,arana,,28/7/2021,7,2021,jul-21,394.000,11,0,1,0,0,,Monica
DSCN7937,169,7,Guiri,,Pocillopora spp,arana,,28/7/2021,7,2021,jul-21,863.253,19,0,0,0,0,,Monica
DSCN7923,170,1,Guiri,,Pocillopora spp,arana,,28/7/2021,7,2021,jul-21,NA,NA,NA,NA,NA,NA,,Monica
DSCN7924,170,2,Guiri,,Pocillopora spp,arana,,28/7/2021,7,2021,jul-21,280.852,8,0,0,0,0,,Monica
DSCN7925,170,3,Guiri,,Pocillopora spp,arana,,28/7/2021,7,2021,jul-21,347.865,7,0,0,0,0,,Monica
DSCN7926,170,4,Guiri,,Pocillopora spp,arana,,28/7/2021,7,2021,jul-21,312.858,8,0,0,0,0,,Monica
DSCN7927,170,5,Guiri,,Pocillopora spp,arana,,28/7/2021,7,2021,jul-21,397.742,8,0,0,0,0,,Monica
DSCN7928,170,6,Guiri,,Pocillopora spp,arana,,28/7/2021,7,2021,jul-21,363.404,7,0,0,0,0,,Monica
DSCN7929,170,7,Guiri,,Pocillopora spp,arana,,28/7/2021,7,2021,jul-21,700.527,10,0,0,0,0,,Monica
DSCN7939,171,1,Guiri,,Pocillopora spp,arana,,28/7/2021,7,2021,jul-21,291.388,10,0,0,0,0,,Monica
DSCN7940,171,2,Guiri,,Pocillopora spp,arana,,28/7/2021,7,2021,jul-21,347.258,10,0,0,0,0,,Monica
DSCN7941,171,3,Guiri,,Pocillopora spp,arana,,28/7/2021,7,2021,jul-21,407.419,10,0,1,0,0,,Monica
DSCN7942,171,4,Guiri,,Pocillopora spp,arana,,28/7/2021,7,2021,jul-21,346.077,8,0,0,0,0,,Monica
DSCN7943,171,5,Guiri,,Pocillopora spp,arana,,28/7/2021,7,2021,jul-21,453.878,9,0,0,0,0,,Monica
DSCN7944,171,6,Guiri,,Pocillopora spp,arana,,28/7/2021,7,2021,jul-21,446.241,10,0,0,0,0,,Monica
DSCN7946,171,7,Guiri,,Pocillopora spp,arana,,28/7/2021,7,2021,jul-21,833.805,13,0,0,0,0,,Monica
DSCN7948,172,1,Guiri,,Pocillopora spp,arana,,28/7/2021,7,2021,jul-21,439.595,9,0,0,0,0,,Monica
DSCN7949,172,2,Guiri,,Pocillopora spp,arana,,28/7/2021,7,2021,jul-21,502.130,10,0,0,0,0,,Monica
DSCN7950,172,3,Guiri,,Pocillopora spp,arana,,28/7/2021,7,2021,jul-21,387.791,11,1,0,0,0,,Monica
DSCN7951,172,4,Guiri,,Pocillopora spp,arana,,28/7/2021,7,2021,jul-21,585.871,10,0,1,0,0,,Monica
DSCN7952,172,5,Guiri,,Pocillopora spp,arana,,28/7/2021,7,2021,jul-21,473.391,9,0,0,0,0,,Monica
DSCN7953,172,6,Guiri,,Pocillopora spp,arana,,28/7/2021,7,2021,jul-21,460.269,11,0,0,0,0,,Monica
DSCN7954,172,7,Guiri,,Pocillopora spp,arana,,28/7/2021,7,2021,jul-21,"1,027.967",19,0,1,0,0,,Monica
DSCN7956,175,1,Guiri,,Pocillopora spp,arana,,28/7/2021,7,2021,jul-21,42.830,2,0,0,0,0,,Monica
DSCN7957,175,2,Guiri,,Pocillopora spp,arana,,28/7/2021,7,2021,jul-21,57.818,1,0,0,0,0,,Monica
DSCN7958,175,3,Guiri,,Pocillopora spp,arana,,28/7/2021,7,2021,jul-21,154.450,5,0,0,0,0,,Monica
DSCN7959,175,4,Guiri,,Pocillopora spp,arana,,28/7/2021,7,2021,jul-21,243.884,6,0,0,0,0,,Monica
DSCN7960,175,5,Guiri,,Pocillopora spp,arana,,28/7/2021,7,2021,jul-21,308.513,10,0,0,0,0,,Monica
DSCN7961,175,6,Guiri,,Pocillopora spp,arana,,28/7/2021,7,2021,jul-21,464.879,12,0,0,0,0,,Monica
DSCN7962,175,7,Guiri,,Pocillopora spp,arana,,28/7/2021,7,2021,jul-21,402.033,10,1,0,0,0,,Monica
DSCN0035,169,1,Guiri,,Pocillopora spp,arana,,27/8/2021,8,2021,ago-21,581.217,11,0,0,1,0,,Monica
DSCN0036,169,2,Guiri,,Pocillopora spp,arana,,27/8/2021,8,2021,ago-21,452.461,9,1,0,0,0,,Monica
DSCN0037,169,3,Guiri,,Pocillopora spp,arana,,27/8/2021,8,2021,ago-21,620.082,11,0,0,1,0,,Monica
DSCN0038,169,4,Guiri,,Pocillopora spp,arana,,27/8/2021,8,2021,ago-21,574.094,12,0,0,0,0,,Monica
DSCN0039,169,5,Guiri,,Pocillopora spp,arana,,27/8/2021,8,2021,ago-21,464.471,10,0,0,0,0,,Monica
DSCN0041,169,6,Guiri,,Pocillopora spp,arana,,27/8/2021,8,2021,ago-21,568.429,11,0,0,0,0,,Monica
DSCN0043,169,7,Guiri,,Pocillopora spp,arana,,27/8/2021,8,2021,ago-21,908.759,19,0,0,0,0,,Monica
DSCN0045,170,1,Guiri,,Pocillopora spp,arana,,27/8/2021,8,2021,ago-21,NA,NA,NA,NA,NA,NA,,Monica
DSCN0046,170,2,Guiri,,Pocillopora spp,arana,,27/8/2021,8,2021,ago-21,295.362,8,0,0,0,0,,Monica
DSCN0047,170,3,Guiri,,Pocillopora spp,arana,,27/8/2021,8,2021,ago-21,394.150,7,0,0,0,0,,Monica
DSCN0048,170,4,Guiri,,Pocillopora spp,arana,,27/8/2021,8,2021,ago-21,498.472,8,0,0,0,0,,Monica
DSCN0049,170,5,Guiri,,Pocillopora spp,arana,,27/8/2021,8,2021,ago-21,478.484,8,0,0,0,0,,Monica
DSCN0050,170,6,Guiri,,Pocillopora spp,arana,,27/8/2021,8,2021,ago-21,382.554,7,0,0,0,0,,Monica
DSCN0052,170,7,Guiri,,Pocillopora spp,arana,,27/8/2021,8,2021,ago-21,774.002,10,0,0,0,0,,Monica
DSCN0027,171,1,Guiri,,Pocillopora spp,arana,,27/8/2021,8,2021,ago-21,371.741,10,0,0,0,0,,Monica
DSCN0028,171,2,Guiri,,Pocillopora spp,arana,,27/8/2021,8,2021,ago-21,383.338,10,0,0,0,0,,Monica
DSCN0029,171,3,Guiri,,Pocillopora spp,arana,,27/8/2021,8,2021,ago-21,480.241,10,0,0,0,0,,Monica
DSCN0030,171,4,Guiri,,Pocillopora spp,arana,,27/8/2021,8,2021,ago-21,594.533,8,0,0,0,0,,Monica
DSCN0031,171,5,Guiri,,Pocillopora spp,arana,,27/8/2021,8,2021,ago-21,555.218,9,0,0,0,0,4 fragmentos en el suelo,Monica
DSCN0032,171,6,Guiri,,Pocillopora spp,arana,,27/8/2021,8,2021,ago-21,503.466,10,0,0,0,0,,Monica
DSCN0033,171,7,Guiri,,Pocillopora spp,arana,,27/8/2021,8,2021,ago-21,796.669,13,0,1,0,0,,Monica
DSCN0018,172,1,Guiri,,Pocillopora spp,arana,,27/8/2021,8,2021,ago-21,572.896,9,0,0,0,0,,Monica
DSCN0019,172,2,Guiri,,Pocillopora spp,arana,,27/8/2021,8,2021,ago-21,623.666,10,0,0,0,0,,Monica
DSCN0020,172,3,Guiri,,Pocillopora spp,arana,,27/8/2021,8,2021,ago-21,447.411,11,0,0,0,0,,Monica
DSCN0021,172,4,Guiri,,Pocillopora spp,arana,,27/8/2021,8,2021,ago-21,532.240,10,1,0,0,0,,Monica
DSCN0022,172,5,Guiri,,Pocillopora spp,arana,,27/8/2021,8,2021,ago-21,542.487,9,0,0,0,0,2 fragmentos en el suelo,Monica
DSCN0023,172,6,Guiri,,Pocillopora spp,arana,,27/8/2021,8,2021,ago-21,791.620,11,0,0,0,0,,Monica
DSCN0024,172,7,Guiri,,Pocillopora spp,arana,,27/8/2021,8,2021,ago-21,"1,268.557",19,0,0,0,0,,Monica
DSCN0010,175,1,Guiri,,Pocillopora spp,arana,,27/8/2021,8,2021,ago-21,79.568,2,0,0,0,0,,Monica
DSCN0011,175,2,Guiri,,Pocillopora spp,arana,,27/8/2021,8,2021,ago-21,33.793,1,0,0,0,0,,Monica
DSCN0012,175,3,Guiri,,Pocillopora spp,arana,,27/8/2021,8,2021,ago-21,170.624,5,0,0,0,0,,Monica
DSCN0013,175,4,Guiri,,Pocillopora spp,arana,,27/8/2021,8,2021,ago-21,344.159,6,0,0,0,0,,Monica
DSCN0014,175,5,Guiri,,Pocillopora spp,arana,,27/8/2021,8,2021,ago-21,363.324,10,0,0,0,0,2 fragmentos en el suelo,Monica
DSCN0015,175,6,Guiri,,Pocillopora spp,arana,,27/8/2021,8,2021,ago-21,587.598,12,0,0,0,0,,Monica
DSCN0016,175,7,Guiri,,Pocillopora spp,arana,,27/8/2021,8,2021,ago-21,435.314,10,0,0,1,0,,Monica
DSCN0839,169,1,Guiri,,Pocillopora spp,arana,,24/9/2021,9,2021,sep-21,609.679,11,0,0,0,0,2 fragmentos en el suelo,Monica
DSCN0840,169,2,Guiri,,Pocillopora spp,arana,,24/9/2021,9,2021,sep-21,483.539,9,2,0,0,0,,Monica
DSCN0841,169,3,Guiri,,Pocillopora spp,arana,,24/9/2021,9,2021,sep-21,596.651,11,0,0,0,0,,Monica
DSCN0842,169,4,Guiri,,Pocillopora spp,arana,,24/9/2021,9,2021,sep-21,500.570,12,0,0,0,0,,Monica
DSCN0843,169,5,Guiri,,Pocillopora spp,arana,,24/9/2021,9,2021,sep-21,374.621,10,0,0,0,0,2 fragmentos en el suelo,Monica
DSCN0844,169,6,Guiri,,Pocillopora spp,arana,,24/9/2021,9,2021,sep-21,541.058,11,0,0,0,0,,Monica
DSCN0845,169,7,Guiri,,Pocillopora spp,arana,,24/9/2021,9,2021,sep-21,"1,102.511",19,0,0,0,0,,Monica
DSCN0831,170,1,Guiri,,Pocillopora spp,arana,,24/9/2021,9,2021,sep-21,NA,NA,NA,NA,NA,NA,,Monica
DSCN0832,170,2,Guiri,,Pocillopora spp,arana,,24/9/2021,9,2021,sep-21,303.557,8,0,0,0,0,,Monica
DSCN0833,170,3,Guiri,,Pocillopora spp,arana,,24/9/2021,9,2021,sep-21,457.656,7,0,0,0,0,,Monica
DSCN0834,170,4,Guiri,,Pocillopora spp,arana,,24/9/2021,9,2021,sep-21,406.816,8,0,0,0,0,,Monica
DSCN0835,170,5,Guiri,,Pocillopora spp,arana,,24/9/2021,9,2021,sep-21,499.895,8,0,0,0,0,,Monica
DSCN0836,170,6,Guiri,,Pocillopora spp,arana,,24/9/2021,9,2021,sep-21,485.372,7,0,0,0,0,,Monica
DSCN0837,170,7,Guiri,,Pocillopora spp,arana,,24/9/2021,9,2021,sep-21,673.055,10,0,0,0,0,,Monica
DSCN0848,171,1,Guiri,,Pocillopora spp,arana,,24/9/2021,9,2021,sep-21,383.735,10,0,0,0,0,,Monica
DSCN0849,171,2,Guiri,,Pocillopora spp,arana,,24/9/2021,9,2021,sep-21,430.459,10,0,0,0,0,,Monica
DSCN0850,171,3,Guiri,,Pocillopora spp,arana,,24/9/2021,9,2021,sep-21,439.586,10,0,0,0,0,,Monica
DSCN0851,171,4,Guiri,,Pocillopora spp,arana,,24/9/2021,9,2021,sep-21,390.282,8,0,0,0,0,3 fragmentos en el suelo,Monica
DSCN0852,171,5,Guiri,,Pocillopora spp,arana,,24/9/2021,9,2021,sep-21,583.924,9,0,0,0,0,3 fragmentos en el suelo,Monica
DSCN0853,171,6,Guiri,,Pocillopora spp,arana,,24/9/2021,9,2021,sep-21,477.878,10,0,0,1,0,,Monica
DSCN0854,171,7,Guiri,,Pocillopora spp,arana,,24/9/2021,9,2021,sep-21,771.385,13,0,0,0,0,,Monica
DSCN0856,172,1,Guiri,,Pocillopora spp,arana,,24/9/2021,9,2021,sep-21,515.453,9,0,0,0,0,,Monica
DSCN0857,172,2,Guiri,,Pocillopora spp,arana,,24/9/2021,9,2021,sep-21,650.059,10,0,0,0,0,,Monica
DSCN0858,172,3,Guiri,,Pocillopora spp,arana,,24/9/2021,9,2021,sep-21,535.102,11,0,0,0,0,,Monica
DSCN0859,172,4,Guiri,,Pocillopora spp,arana,,24/9/2021,9,2021,sep-21,536.009,10,0,0,0,0,,Monica
DSCN0860,172,5,Guiri,,Pocillopora spp,arana,,24/9/2021,9,2021,sep-21,526.196,9,0,0,0,0,,Monica
DSCN0861,172,6,Guiri,,Pocillopora spp,arana,,24/9/2021,9,2021,sep-21,763.572,11,0,0,0,0,,Monica
DSCN0862,172,7,Guiri,,Pocillopora spp,arana,,24/9/2021,9,2021,sep-21,"1,357.899",19,0,0,0,0,,Monica
DSCN0864,175,1,Guiri,,Pocillopora spp,arana,,24/9/2021,9,2021,sep-21,55.900,2,0,0,0,0,,Monica
DSCN0865,175,2,Guiri,,Pocillopora spp,arana,,24/9/2021,9,2021,sep-21,54.452,1,0,0,0,0,,Monica
DSCN0866,175,3,Guiri,,Pocillopora spp,arana,,24/9/2021,9,2021,sep-21,197.330,5,0,0,0,0,,Monica
DSCN0867,175,4,Guiri,,Pocillopora spp,arana,,24/9/2021,9,2021,sep-21,323.905,6,0,0,0,0,,Monica
DSCN0868,175,5,Guiri,,Pocillopora spp,arana,,24/9/2021,9,2021,sep-21,399.408,10,0,0,0,0,,Monica
DSCN0869,175,6,Guiri,,Pocillopora spp,arana,,24/9/2021,9,2021,sep-21,534.986,12,0,0,0,0,,Monica
DSCN0870,175,7,Guiri,,Pocillopora spp,arana,,24/9/2021,9,2021,sep-21,630.607,10,0,0,0,0,,Monica
DSCN1124,169,1,Guiri,,Pocillopora spp,arana,,15/10/2021,10,2021,oct-21,672.716,11,0,0,0,0,,Monica
DSCN1125,169,2,Guiri,,Pocillopora spp,arana,,15/10/2021,10,2021,oct-21,473.984,9,2,0,0,0,2 fragmentos en el suelo,Monica
DSCN1126,169,3,Guiri,,Pocillopora spp,arana,,15/10/2021,10,2021,oct-21,633.961,11,0,0,0,0,,Monica
DSCN1127,169,4,Guiri,,Pocillopora spp,arana,,15/10/2021,10,2021,oct-21,510.666,12,0,0,0,0,,Monica
DSCN1128,169,5,Guiri,,Pocillopora spp,arana,,15/10/2021,10,2021,oct-21,416.778,10,0,0,1,0,,Monica
DSCN1129,169,6,Guiri,,Pocillopora spp,arana,,15/10/2021,10,2021,oct-21,550.129,11,0,0,1,0,,Monica
DSCN1130,169,7,Guiri,,Pocillopora spp,arana,,15/10/2021,10,2021,oct-21,"1,112.483",19,0,0,0,0,,Monica
DSCN1107,170,1,Guiri,,Pocillopora spp,arana,,15/10/2021,10,2021,oct-21,NA,NA,NA,NA,NA,NA,,Monica
DSCN1108,170,2,Guiri,,Pocillopora spp,arana,,15/10/2021,10,2021,oct-21,391.612,8,0,0,0,0,,Monica
DSCN1110,170,3,Guiri,,Pocillopora spp,arana,,15/10/2021,10,2021,oct-21,461.533,7,0,0,0,0,,Monica
DSCN1112,170,4,Guiri,,Pocillopora spp,arana,,15/10/2021,10,2021,oct-21,441.197,8,0,0,0,0,,Monica
DSCN1115,170,5,Guiri,,Pocillopora spp,arana,,15/10/2021,10,2021,oct-21,451.347,8,0,0,0,0,,Monica
DSCN1118,170,6,Guiri,,Pocillopora spp,arana,,15/10/2021,10,2021,oct-21,436.855,7,0,0,0,0,,Monica
DSCN1121,170,7,Guiri,,Pocillopora spp,arana,,15/10/2021,10,2021,oct-21,682.078,10,0,0,0,0,,Monica
DSCN1135,171,1,Guiri,,Pocillopora spp,arana,,15/10/2021,10,2021,oct-21,396.658,10,0,0,1,0,,Monica
DSCN1136,171,2,Guiri,,Pocillopora spp,arana,,15/10/2021,10,2021,oct-21,497.596,10,0,0,0,0,2 fragmentos en el suelo,Monica
DSCN1137,171,3,Guiri,,Pocillopora spp,arana,,15/10/2021,10,2021,oct-21,493.755,10,0,0,1,0,,Monica
DSCN1138,171,4,Guiri,,Pocillopora spp,arana,,15/10/2021,10,2021,oct-21,558.574,8,0,0,0,0,2  fragmentos en el suelo,Monica
DSCN1139,171,5,Guiri,,Pocillopora spp,arana,,15/10/2021,10,2021,oct-21,401.607,9,0,0,1,0,,Monica
DSCN1140,171,6,Guiri,,Pocillopora spp,arana,,15/10/2021,10,2021,oct-21,491.524,10,0,0,0,0,,Monica
DSCN1141,171,7,Guiri,,Pocillopora spp,arana,,15/10/2021,10,2021,oct-21,956.322,13,0,0,0,0,,Monica
DSCN1143,172,1,Guiri,,Pocillopora spp,arana,,15/10/2021,10,2021,oct-21,617.959,9,0,0,0,0,,Monica
DSCN1144,172,2,Guiri,,Pocillopora spp,arana,,15/10/2021,10,2021,oct-21,582.110,10,0,0,0,0,,Monica
DSCN1145,172,3,Guiri,,Pocillopora spp,arana,,15/10/2021,10,2021,oct-21,478.256,11,0,0,0,0,,Monica
DSCN1146,172,4,Guiri,,Pocillopora spp,arana,,15/10/2021,10,2021,oct-21,479.023,10,0,0,0,0,,Monica
DSCN1147,172,5,Guiri,,Pocillopora spp,arana,,15/10/2021,10,2021,oct-21,539.411,9,0,0,0,0,2 fragmentos en el suelo,Monica
DSCN1148,172,6,Guiri,,Pocillopora spp,arana,,15/10/2021,10,2021,oct-21,664.083,11,0,0,1,0,,Monica
DSCN1149,172,7,Guiri,,Pocillopora spp,arana,,15/10/2021,10,2021,oct-21,"1,210.327",19,0,0,0,0,,Monica
DSCN1152,175,1,Guiri,,Pocillopora spp,arana,,15/10/2021,10,2021,oct-21,64.001,2,0,0,0,0,,Monica
DSCN1153,175,2,Guiri,,Pocillopora spp,arana,,15/10/2021,10,2021,oct-21,64.392,1,0,0,0,0,,Monica
DSCN1154,175,3,Guiri,,Pocillopora spp,arana,,15/10/2021,10,2021,oct-21,205.303,5,0,0,0,0,,Monica
DSCN1155,175,4,Guiri,,Pocillopora spp,arana,,15/10/2021,10,2021,oct-21,333.546,6,0,0,0,0,,Monica
DSCN1156,175,5,Guiri,,Pocillopora spp,arana,,15/10/2021,10,2021,oct-21,426.251,10,0,0,0,0,,Monica
DSCN1157,175,6,Guiri,,Pocillopora spp,arana,,15/10/2021,10,2021,oct-21,611.846,12,0,0,0,0,,Monica
DSCN1158,175,7,Guiri,,Pocillopora spp,arana,,15/10/2021,10,2021,oct-21,453.668,10,0,0,0,0,,Monica
DSCN8326,169,1,Guiri,,Pocillopora spp,arana,,1/11/21,11,2021,nov-21,701.414,11,0,0,1,0,,Monica
DSCN8327,169,2,Guiri,,Pocillopora spp,arana,,1/11/21,11,2021,nov-21,574.501,9,2,0,0,0,,Monica
DSCN8328,169,3,Guiri,,Pocillopora spp,arana,,1/11/21,11,2021,nov-21,608.274,11,0,0,0,0,,Monica
DSCN8329,169,4,Guiri,,Pocillopora spp,arana,,1/11/21,11,2021,nov-21,697.289,12,0,0,0,0,,Monica
DSCN8330,169,5,Guiri,,Pocillopora spp,arana,,1/11/21,11,2021,nov-21,495.604,10,0,0,0,0,,Monica
DSCN8331,169,6,Guiri,,Pocillopora spp,arana,,1/11/21,11,2021,nov-21,639.330,11,0,0,0,0,,Monica
DSCN8332,169,7,Guiri,,Pocillopora spp,arana,,1/11/21,11,2021,nov-21,"1,170.517",19,0,0,0,0,,Monica
DSCN8318,170,1,Guiri,,Pocillopora spp,arana,,1/11/21,11,2021,nov-21,NA,NA,NA,NA,NA,NA,,Monica
DSCN8319,170,2,Guiri,,Pocillopora spp,arana,,1/11/21,11,2021,nov-21,357.696,8,0,0,0,0,,Monica
DSCN8320,170,3,Guiri,,Pocillopora spp,arana,,1/11/21,11,2021,nov-21,434.802,7,0,0,0,0,,Monica
DSCN8321,170,4,Guiri,,Pocillopora spp,arana,,1/11/21,11,2021,nov-21,449.414,8,0,0,0,0,,Monica
DSCN8322,170,5,Guiri,,Pocillopora spp,arana,,1/11/21,11,2021,nov-21,582.720,8,0,0,0,0,,Monica
DSCN8323,170,6,Guiri,,Pocillopora spp,arana,,1/11/21,11,2021,nov-21,552.631,7,0,0,0,0,,Monica
DSCN8324,170,7,Guiri,,Pocillopora spp,arana,,1/11/21,11,2021,nov-21,573.543,10,1,0,0,0,,Monica
DSCN8334,171,1,Guiri,,Pocillopora spp,arana,,1/11/21,11,2021,nov-21,486.198,10,0,0,0,0,,Monica
DSCN8335,171,2,Guiri,,Pocillopora spp,arana,,1/11/21,11,2021,nov-21,469.187,10,0,0,0,0,,Monica
DSCN8336,171,3,Guiri,,Pocillopora spp,arana,,1/11/21,11,2021,nov-21,561.424,10,0,0,0,0,,Monica
DSCN8337,171,4,Guiri,,Pocillopora spp,arana,,1/11/21,11,2021,nov-21,614.594,8,0,0,0,0,2 fragmentos en el suelo,Monica
DSCN8338,171,5,Guiri,,Pocillopora spp,arana,,1/11/21,11,2021,nov-21,672.482,9,0,0,0,0,,Monica
DSCN8339,171,6,Guiri,,Pocillopora spp,arana,,1/11/21,11,2021,nov-21,628.519,10,0,0,0,0,,Monica
DSCN8340,171,7,Guiri,,Pocillopora spp,arana,,1/11/21,11,2021,nov-21,"1,007.281",13,0,0,0,0,,Monica
DSCN8342,172,1,Guiri,,Pocillopora spp,arana,,1/11/21,11,2021,nov-21,626.898,9,0,0,0,0,,Monica
DSCN8343,172,2,Guiri,,Pocillopora spp,arana,,1/11/21,11,2021,nov-21,783.153,10,0,0,0,0,,Monica
DSCN8344,172,3,Guiri,,Pocillopora spp,arana,,1/11/21,11,2021,nov-21,589.883,11,0,0,0,0,,Monica
DSCN8345,172,4,Guiri,,Pocillopora spp,arana,,1/11/21,11,2021,nov-21,654.798,10,0,0,0,0,,Monica
DSCN8346,172,5,Guiri,,Pocillopora spp,arana,,1/11/21,11,2021,nov-21,714.220,9,0,0,0,0,,Monica
DSCN8347,172,6,Guiri,,Pocillopora spp,arana,,1/11/21,11,2021,nov-21,861.915,11,0,0,0,0,,Monica
DSCN8348,172,7,Guiri,,Pocillopora spp,arana,,1/11/21,11,2021,nov-21,"1,286.444",19,0,0,0,0,,Monica
DSCN8350,175,1,Guiri,,Pocillopora spp,arana,,1/11/21,11,2021,nov-21,259.931,8,0,0,0,0,,Monica
DSCN8351,175,2,Guiri,,Pocillopora spp,arana,,1/11/21,11,2021,nov-21,270.891,9,0,0,0,0,,Monica
DSCN8352,175,3,Guiri,,Pocillopora spp,arana,,1/11/21,11,2021,nov-21,313.165,8,0,0,0,0,,Monica
DSCN8353,175,4,Guiri,,Pocillopora spp,arana,,1/11/21,11,2021,nov-21,479.016,8,0,0,0,0,,Monica
DSCN8354,175,5,Guiri,,Pocillopora spp,arana,,1/11/21,11,2021,nov-21,625.468,11,0,0,0,0,,Monica
DSCN8355,175,6,Guiri,,Pocillopora spp,arana,,1/11/21,11,2021,nov-21,720.294,12,0,0,0,0,,Monica
DSCN8356,175,7,Guiri,,Pocillopora spp,arana,,1/11/21,11,2021,nov-21,836.593,14,0,0,0,0,,Monica
DSCN8399,76,0,Guiri,,Pocillopora spp,araña,,1/11/21,11,2021,nov-2021,NA,NA,NA,NA,NA,NA,Etiqueta,Valeria
DSCN8400,76,1,Guiri,,Pocillopora spp,araña,,1/11/21,11,2021,nov-2021,117.552,6,0,0,0,2,"Revisar blanqueamineto en la segunda barra, el primer fragmento a la izquierda. 5 fragmentos",Valeria
DSCN8401,76,2,Guiri,,Pocillopora spp,araña,,1/11/21,11,2021,nov-2021,80.371,6,0,0,0,3,5 fragmentos,Valeria
DSCN8402,76,3,Guiri,,Pocillopora spp,araña,,1/11/21,11,2021,nov-2021,110.648,6,0,0,0,3,5 fragmentos,Valeria
DSCN8403,76,4,Guiri,,Pocillopora spp,araña,,1/11/21,11,2021,nov-2021,114.868,6,0,0,0,0,5 fragmentos,Valeria
DSCN8404,76,5,Guiri,,Pocillopora spp,araña,,1/11/21,11,2021,nov-2021,78.510,6,0,0,0,3,No se podía medir facilmente el fragmento de la izquierda en la tercera barra. 5 fragmentos,Valeria
DSCN8405,76,6,Guiri,,Pocillopora spp,araña,,1/11/21,11,2021,nov-2021,165.756,6,0,0,0,3,5 fragmentos,Valeria
DSCN8406,76,7,Guiri,,Pocillopora spp,araña,,1/11/21,11,2021,nov-2021,152.626,7,0,0,0,2,No se ve bien el primer fragmento con el perfil 6. 6 fragmentos.,Valeria
DSCN8390,77,0,Guiri,,Pocillopora spp,araña,,1/11/21,11,2021,nov-2021,NA,NA,NA,NA,NA,NA,Etiqueta,Valeria
DSCN8391,77,1,Guiri,,Pocillopora spp,araña,,1/11/21,11,2021,nov-2021,137.969,6,0,0,0,3,6 fragmentos,Valeria
DSCN8392,77,2,Guiri,,Pocillopora spp,araña,,1/11/21,11,2021,nov-2021,151.709,6,0,0,0,2,No se observa con claridad el primer coral. 6 fragmentos,Valeria
DSCN8393,77,3,Guiri,,Pocillopora spp,araña,,1/11/21,11,2021,nov-2021,105.222,6,0,0,0,2,6 fragmentos,Valeria
DSCN8394,77,4,Guiri,,Pocillopora spp,araña,,1/11/21,11,2021,nov-2021,95.848,6,0,0,0,0,6 fragmentos,Valeria
DSCN8395,77,5,Guiri,,Pocillopora spp,araña,,1/11/21,11,2021,nov-2021,141.031,7,0,0,0,3,6 fragmentos,Valeria
DSCN8396,77,6,Guiri,,Pocillopora spp,araña,,1/11/21,11,2021,nov-2021,108.176,6,0,0,0,3,6 fragmentos,Valeria
DSCN8397,77,7,Guiri,,Pocillopora spp,araña,,1/11/21,11,2021,nov-2021,120.349,13,0,2,0,3,7 fragmentos,Valeria
DSCN8419,87,0,Guiri,,Pocillopora spp,araña,,1/11/21,11,2021,nov-2021,NA,NA,NA,NA,NA,NA,Etiqueta,Valeria
DSCN8420,87,0,Guiri,,Pocillopora spp,araña,,1/11/21,11,2021,nov-2021,NA,NA,NA,NA,NA,NA,Etiqueta,Valeria
DSCN8421,87,1,Guiri,,Pocillopora spp,araña,,1/11/21,11,2021,nov-2021,92.703,6,0,0,0,3,6 fragmentos,Valeria
DSCN8422,87,2,Guiri,,Pocillopora spp,araña,,1/11/21,11,2021,nov-2021,185.853,6,0,0,0,2,6 fragmentos,Valeria
DSCN8423,87,3,Guiri,,Pocillopora spp,araña,,1/11/21,11,2021,nov-2021,158.393,6,0,0,0,5,Revisar la segunda barra el fragmento de la izquierda y en la tercera barra el fragmento de la izquierda,Valeria
DSCN8424,87,4,Guiri,,Pocillopora spp,araña,,1/11/21,11,2021,nov-2021,127.095,6,0,0,0,3,6 fragmentos,Valeria
DSCN8425,87,5,Guiri,,Pocillopora spp,araña,,1/11/21,11,2021,nov-2021,135.343,6,0,0,0,0,6 fragmentos,Valeria
DSCN8426,87,6,Guiri,,Pocillopora spp,araña,,1/11/21,11,2021,nov-2021,139.014,6,0,1,0,1,Revisar 6 fragmentos,Valeria
DSCN8427,87,7,Guiri,,Pocillopora spp,araña,,1/11/21,11,2021,nov-2021,47.192,9,0,0,0,2,3 fragmentos,Valeria
DSCN8411,88,0,Guiri,,Pocillopora spp,araña,,1/11/21,11,2021,nov-2021,NA,NA,NA,NA,NA,NA,Etiqueta,Valeria
DSCN8412,88,1,Guiri,,Pocillopora spp,araña,,1/11/21,11,2021,nov-2021,120.059,6,0,0,0,1,6 fragmentos,Valeria
DSCN8413,88,2,Guiri,,Pocillopora spp,araña,,1/11/21,11,2021,nov-2021,90.403,6,0,0,0,1,6 fragmentos,Valeria
DSCN8414,88,3,Guiri,,Pocillopora spp,araña,,1/11/21,11,2021,nov-2021,108.860,6,0,0,0,2,6 fragmentos,Valeria
DSCN8415,88,4,Guiri,,Pocillopora spp,araña,,1/11/21,11,2021,nov-2021,147.837,6,0,0,0,1,6 fragmentos,Valeria
DSCN8416,88,5,Guiri,,Pocillopora spp,araña,,1/11/21,11,2021,nov-2021,138.830,6,0,0,0,1,6 fragmentos,Valeria
DSCN8417,88,6,Guiri,,Pocillopora spp,araña,,1/11/21,11,2021,nov-2021,149.644,6,0,0,0,2,6 fragmentos,Valeria
DSCN8418,88,7,Guiri,,Pocillopora spp,araña,,1/11/21,11,2021,nov-2021,62.3930,12,0,0,0,2,6 fragmentos,Valeria
DSCN9118,169,1,Guiri,,Pocillopora spp,arana,,17/12/21,12,2021,dec-21,773.079,11,0,0,0,0,,Monica
DSCN9119,169,2,Guiri,,Pocillopora spp,arana,,17/12/21,12,2021,dec-21,598.088,9,0,0,0,0,,Monica
DSCN9120,169,3,Guiri,,Pocillopora spp,arana,,17/12/21,12,2021,dec-21,718.046,11,0,0,0,0,,Monica
DSCN9121,169,4,Guiri,,Pocillopora spp,arana,,17/12/21,12,2021,dec-21,744.831,12,0,0,0,0,,Monica
DSCN9122,169,5,Guiri,,Pocillopora spp,arana,,17/12/21,12,2021,dec-21,461.539,10,0,0,0,0,,Monica
DSCN9123,169,6,Guiri,,Pocillopora spp,arana,,17/12/21,12,2021,dec-21,627.550,11,0,0,0,0,,Monica
DSCN9125,169,7,Guiri,,Pocillopora spp,arana,,17/12/21,12,2021,dec-21,"1,405.612",19,0,0,0,0,,Monica
DSCN9110,170,1,Guiri,,Pocillopora spp,arana,,17/12/21,12,2021,dec-21,NA,NA,NA,NA,NA,NA,,Monica
DSCN9111,170,2,Guiri,,Pocillopora spp,arana,,17/12/21,12,2021,dec-21,402.958,8,0,0,0,0,,Monica
DSCN9112,170,3,Guiri,,Pocillopora spp,arana,,17/12/21,12,2021,dec-21,475.233,7,0,0,0,0,,Monica
DSCN9113,170,4,Guiri,,Pocillopora spp,arana,,17/12/21,12,2021,dec-21,474.908,8,0,0,0,0,,Monica
DSCN9114,170,5,Guiri,,Pocillopora spp,arana,,17/12/21,12,2021,dec-21,549.496,8,0,0,0,0,,Monica
DSCN9115,170,6,Guiri,,Pocillopora spp,arana,,17/12/21,12,2021,dec-21,540.699,7,0,0,0,0,,Monica
DSCN9116,170,7,Guiri,,Pocillopora spp,arana,,17/12/21,12,2021,dec-21,774.684,10,0,0,0,0,,Monica
DSCN9127,171,1,Guiri,,Pocillopora spp,arana,,17/12/21,12,2021,dec-21,569.079,10,0,0,0,0,,Monica
DSCN9128,171,2,Guiri,,Pocillopora spp,arana,,17/12/21,12,2021,dec-21,547.215,10,0,0,0,0,,Monica
DSCN9129,171,3,Guiri,,Pocillopora spp,arana,,17/12/21,12,2021,dec-21,595.358,10,0,0,0,0,,Monica
DSCN9130,171,4,Guiri,,Pocillopora spp,arana,,17/12/21,12,2021,dec-21,561.414,8,0,0,0,0,,Monica
DSCN9131,171,5,Guiri,,Pocillopora spp,arana,,17/12/21,12,2021,dec-21,690.060,9,0,0,0,0,,Monica
DSCN9132,171,6,Guiri,,Pocillopora spp,arana,,17/12/21,12,2021,dec-21,626.928,10,0,0,0,0,,Monica
DSCN9133,171,7,Guiri,,Pocillopora spp,arana,,17/12/21,12,2021,dec-21,967.277,13,0,0,0,0,,Monica
DSCN9144,172,1,Guiri,,Pocillopora spp,arana,,17/12/21,12,2021,dec-21,535.760,9,0,0,0,0,,Monica
DSCN9145,172,2,Guiri,,Pocillopora spp,arana,,17/12/21,12,2021,dec-21,792.564,10,0,0,0,0,,Monica
DSCN9146,172,3,Guiri,,Pocillopora spp,arana,,17/12/21,12,2021,dec-21,625.449,11,0,0,0,0,,Monica
DSCN9147,172,4,Guiri,,Pocillopora spp,arana,,17/12/21,12,2021,dec-21,594.536,10,0,0,0,0,,Monica
DSCN9148,172,5,Guiri,,Pocillopora spp,arana,,17/12/21,12,2021,dec-21,692.637,9,0,0,0,0,,Monica
DSCN9149,172,6,Guiri,,Pocillopora spp,arana,,17/12/21,12,2021,dec-21,"1,026.164",11,0,0,0,0,,Monica
DSCN9150,172,7,Guiri,,Pocillopora spp,arana,,17/12/21,12,2021,dec-21,"1,147.940",19,0,0,0,0,,Monica
DSCN9135,175,1,Guiri,,Pocillopora spp,arana,,17/12/21,12,2021,dec-21,246.160,8,0,0,1,0,,Monica
DSCN9136,175,2,Guiri,,Pocillopora spp,arana,,17/12/21,12,2021,dec-21,246.216,10,0,0,0,0,,Monica
DSCN9137,175,3,Guiri,,Pocillopora spp,arana,,17/12/21,12,2021,dec-21,312.247,10,0,0,0,0,,Monica
DSCN9138,175,4,Guiri,,Pocillopora spp,arana,,17/12/21,12,2021,dec-21,426.807,8,0,0,0,0,4 fragmentos en el suelo,Monica
DSCN9139,175,5,Guiri,,Pocillopora spp,arana,,17/12/21,12,2021,dec-21,624.015,11,0,0,0,0,,Monica
DSCN9140,175,6,Guiri,,Pocillopora spp,arana,,17/12/21,12,2021,dec-21,751.968,12,0,0,1,0,,Monica
DSCN9141,175,7,Guiri,,Pocillopora spp,arana,,17/12/21,12,2021,dec-21,786.971,14,0,0,0,0,4 fragmentos en el suelo,Monica
DSCN9068,76,1,Guiri,,Pocillopora spp,arana,,17/12/21,12,2021,dec-21,154.680,6,0,0,0,0,,Monica
DSCN9069,76,2,Guiri,,Pocillopora spp,arana,,17/12/21,12,2021,dec-21,130.616,6,0,0,0,0,,Monica
DSCN9070,76,3,Guiri,,Pocillopora spp,arana,,17/12/21,12,2021,dec-21,85.544,6,0,0,0,0,,Monica
DSCN9071,76,4,Guiri,,Pocillopora spp,arana,,17/12/21,12,2021,dec-21,176.975,6,0,0,0,0,,Monica
DSCN9072,76,5,Guiri,,Pocillopora spp,arana,,17/12/21,12,2021,dec-21,211.737,6,0,0,0,0,,Monica
DSCN9073,76,6,Guiri,,Pocillopora spp,arana,,17/12/21,12,2021,dec-21,114.147,6,0,0,0,0,,Monica
DSCN9074,76,7,Guiri,,Pocillopora spp,arana,,17/12/21,12,2021,dec-21,218.193,7,0,0,0,0,,Monica
DSCN9060,77,1,Guiri,,Pocillopora spp,arana,,17/12/21,12,2021,dec-21,144.400,6,0,0,0,0,,Monica
DSCN9061,77,2,Guiri,,Pocillopora spp,arana,,17/12/21,12,2021,dec-21,144.647,6,0,0,0,0,,Monica
DSCN9062,77,3,Guiri,,Pocillopora spp,arana,,17/12/21,12,2021,dec-21,132.607,7,0,0,0,0,,Monica
DSCN9063,77,4,Guiri,,Pocillopora spp,arana,,17/12/21,12,2021,dec-21,91.590,6,0,0,0,0,,Monica
DSCN9064,77,5,Guiri,,Pocillopora spp,arana,,17/12/21,12,2021,dec-21,197.709,6,0,0,0,0,,Monica
DSCN9065,77,6,Guiri,,Pocillopora spp,arana,,17/12/21,12,2021,dec-21,182.385,6,0,0,0,0,,Monica
DSCN9066,77,7,Guiri,,Pocillopora spp,arana,,17/12/21,12,2021,dec-21,278.646,12,0,0,0,0,,Monica
DSCN9044,87,1,Guiri,,Pocillopora spp,arana,,17/12/21,12,2021,dec-21,98.019,5,0,0,1,0,,Monica
DSCN9045,87,2,Guiri,,Pocillopora spp,arana,,17/12/21,12,2021,dec-21,198.885,6,0,0,0,0,,Monica
DSCN9046,87,3,Guiri,,Pocillopora spp,arana,,17/12/21,12,2021,dec-21,175.156,6,0,0,0,0,,Monica
DSCN9047,87,4,Guiri,,Pocillopora spp,arana,,17/12/21,12,2021,dec-21,138.701,6,0,0,0,0,,Monica
DSCN9048,87,5,Guiri,,Pocillopora spp,arana,,17/12/21,12,2021,dec-21,137.313,6,0,0,0,0,,Monica
DSCN9049,87,6,Guiri,,Pocillopora spp,arana,,17/12/21,12,2021,dec-21,162.303,4,0,0,0,0,,Monica
DSCN9050,87,7,Guiri,,Pocillopora spp,arana,,17/12/21,12,2021,dec-21,241.385,9,0,0,0,0,,Monica
DSCN9052,88,1,Guiri,,Pocillopora spp,arana,,17/12/21,12,2021,dec-21,105.208,5,0,0,0,0,,Monica
DSCN9053,88,2,Guiri,,Pocillopora spp,arana,,17/12/21,12,2021,dec-21,98.493,6,0,0,0,0,,Monica
DSCN9054,88,3,Guiri,,Pocillopora spp,arana,,17/12/21,12,2021,dec-21,80.380,6,0,0,0,0,,Monica
DSCN9055,88,4,Guiri,,Pocillopora spp,arana,,17/12/21,12,2021,dec-21,134.980,6,0,0,0,0,,Monica
DSCN9056,88,5,Guiri,,Pocillopora spp,arana,,17/12/21,12,2021,dec-21,110.000,6,0,0,0,0,,Monica
DSCN9057,88,6,Guiri,,Pocillopora spp,arana,,17/12/21,12,2021,dec-21,131.543,5,0,0,0,0,,Monica
DSCN9058,88,7,Guiri,,Pocillopora spp,arana,,17/12/21,12,2021,dec-21,175.795,10,0,0,0,0,,Monica
DSCN8313,169,1,Guiri,,Pocillopora spp,arana,,24/3/2022,3,2022,mar-22,823.724,11,0,0,0,0,,Monica
DSCN8314,169,2,Guiri,,Pocillopora spp,arana,,24/3/2022,3,2022,mar-22,615.294,9,0,0,0,0,,Monica
DSCN8315,169,3,Guiri,,Pocillopora spp,arana,,24/3/2022,3,2022,mar-22,991.787,11,0,0,0,0,,Monica
DSCN8316,169,4,Guiri,,Pocillopora spp,arana,,24/3/2022,3,2022,mar-22,939.971,12,0,0,0,0,,Monica
DSCN8317,169,5,Guiri,,Pocillopora spp,arana,,24/3/2022,3,2022,mar-22,543.714,10,0,0,0,0,,Monica
DSCN8318,169,6,Guiri,,Pocillopora spp,arana,,24/3/2022,3,2022,mar-22,874.564,11,0,0,0,0,,Monica
DSCN8319,169,7,Guiri,,Pocillopora spp,arana,,24/3/2022,3,2022,mar-22,"1,518.741",19,0,0,0,0,,Monica
DSCN8305,170,1,Guiri,,Pocillopora spp,arana,,24/3/2022,3,2022,mar-22,NA,NA,NA,NA,NA,NA,,Monica
DSCN8306,170,2,Guiri,,Pocillopora spp,arana,,24/3/2022,3,2022,mar-22,475.079,8,0,0,0,0,,Monica
DSCN8307,170,3,Guiri,,Pocillopora spp,arana,,24/3/2022,3,2022,mar-22,541.903,7,0,0,0,0,,Monica
DSCN8308,170,4,Guiri,,Pocillopora spp,arana,,24/3/2022,3,2022,mar-22,513.878,8,0,0,0,0,,Monica
DSCN8309,170,5,Guiri,,Pocillopora spp,arana,,24/3/2022,3,2022,mar-22,714.866,8,0,0,0,0,,Monica
DSCN8310,170,6,Guiri,,Pocillopora spp,arana,,24/3/2022,3,2022,mar-22,649.075,7,0,0,0,0,,Monica
DSCN8311,170,7,Guiri,,Pocillopora spp,arana,,24/3/2022,3,2022,mar-22,"1,122.325",10,0,0,0,0,,Monica
DSCN8321,171,1,Guiri,,Pocillopora spp,arana,,24/3/2022,3,2022,mar-22,747.153,10,0,0,0,0,,Monica
DSCN8322,171,2,Guiri,,Pocillopora spp,arana,,24/3/2022,3,2022,mar-22,666.401,10,0,0,0,0,,Monica
DSCN8323,171,3,Guiri,,Pocillopora spp,arana,,24/3/2022,3,2022,mar-22,590.623,10,0,0,0,0,,Monica
DSCN8324,171,4,Guiri,,Pocillopora spp,arana,,24/3/2022,3,2022,mar-22,663.033,8,0,0,0,0,,Monica
DSCN8325,171,5,Guiri,,Pocillopora spp,arana,,24/3/2022,3,2022,mar-22,706.961,9,0,0,0,0,,Monica
DSCN8326,171,6,Guiri,,Pocillopora spp,arana,,24/3/2022,3,2022,mar-22,785.221,10,0,0,0,0,,Monica
DSCN8327,171,7,Guiri,,Pocillopora spp,arana,,24/3/2022,3,2022,mar-22,"1,544.624",13,0,0,0,0,,Monica
DSCN8329,172,1,Guiri,,Pocillopora spp,arana,,24/3/2022,3,2022,mar-22,694.717,9,0,0,0,0,2 fragmentos en el suelo,Monica
DSCN8330,172,2,Guiri,,Pocillopora spp,arana,,24/3/2022,3,2022,mar-22,976.022,10,0,0,0,0,,Monica
DSCN8331,172,3,Guiri,,Pocillopora spp,arana,,24/3/2022,3,2022,mar-22,736.90,11,0,0,0,0,,Monica
DSCN8332,172,4,Guiri,,Pocillopora spp,arana,,24/3/2022,3,2022,mar-22,685.60,10,0,0,0,0,,Monica
DSCN8333,172,5,Guiri,,Pocillopora spp,arana,,24/3/2022,3,2022,mar-22,814.237,9,0,0,0,0,,Monica
DSCN8334,172,6,Guiri,,Pocillopora spp,arana,,24/3/2022,3,2022,mar-22,882.725,11,0,0,0,0,,Monica
DSCN8335,172,7,Guiri,,Pocillopora spp,arana,,24/3/2022,3,2022,mar-22,1845.079,19,0,0,0,0,,Monica
DSCN8337,175,1,Guiri,,Pocillopora spp,arana,,24/3/2022,3,2022,mar-22,330.414,8,0,0,0,0,,Monica
DSCN8338,175,2,Guiri,,Pocillopora spp,arana,,24/3/2022,3,2022,mar-22,357.353,10,0,0,0,0,,Monica
DSCN8339,175,3,Guiri,,Pocillopora spp,arana,,24/3/2022,3,2022,mar-22,359.788,10,0,0,0,0,,Monica
DSCN8340,175,4,Guiri,,Pocillopora spp,arana,,24/3/2022,3,2022,mar-22,641.226,8,0,0,0,0,,Monica
DSCN8341,175,5,Guiri,,Pocillopora spp,arana,,24/3/2022,3,2022,mar-22,765.086,11,0,0,0,0,,Monica
DSCN8342,175,6,Guiri,,Pocillopora spp,arana,,24/3/2022,3,2022,mar-22,949.366,12,0,0,0,0,,Monica
DSCN8343,175,7,Guiri,,Pocillopora spp,arana,,24/3/2022,3,2022,mar-22,1091.535,14,0,0,0,0,,Monica
DSCN8278,76,1,Guiri,,Pocillopora spp,arana,,24/3/2022,3,2022,mar-22,236.887,6,0,0,0,0,,Monica
DSCN8279,76,2,Guiri,,Pocillopora spp,arana,,24/3/2022,3,2022,mar-22,309.337,5,0,0,0,0,,Monica
DSCN8280,76,3,Guiri,,Pocillopora spp,arana,,24/3/2022,3,2022,mar-22,239.944,6,0,0,0,0,,Monica
DSCN8281,76,4,Guiri,,Pocillopora spp,arana,,24/3/2022,3,2022,mar-22,162.888,5,0,0,0,0,,Monica
DSCN8282,76,5,Guiri,,Pocillopora spp,arana,,24/3/2022,3,2022,mar-22,193.252,6,0,0,0,0,,Monica
DSCN8283,76,6,Guiri,,Pocillopora spp,arana,,24/3/2022,3,2022,mar-22,237.599,6,0,0,0,0,,Monica
DSCN8284,76,7,Guiri,,Pocillopora spp,arana,,24/3/2022,3,2022,mar-22,363.823,9,0,0,0,0,,Monica
DSCN8287,77,1,Guiri,,Pocillopora spp,arana,,24/3/2022,3,2022,mar-22,213.991,6,0,0,0,0,,Monica
DSCN8288,77,2,Guiri,,Pocillopora spp,arana,,24/3/2022,3,2022,mar-22,227.114,6,0,0,0,0,,Monica
DSCN8289,77,3,Guiri,,Pocillopora spp,arana,,24/3/2022,3,2022,mar-22,223.439,6,0,0,0,0,,Monica
DSCN8290,77,4,Guiri,,Pocillopora spp,arana,,24/3/2022,3,2022,mar-22,149.866,5,0,0,0,0,,Monica
DSCN8291,77,5,Guiri,,Pocillopora spp,arana,,24/3/2022,3,2022,mar-22,187.446,5,0,0,0,0,,Monica
DSCN8292,77,6,Guiri,,Pocillopora spp,arana,,24/3/2022,3,2022,mar-22,185.328,5,0,0,0,0,,Monica
DSCN8293,77,7,Guiri,,Pocillopora spp,arana,,24/3/2022,3,2022,mar-22,305.751,10,0,0,0,0,,Monica
DSCN8259,87,1,Guiri,,Pocillopora spp,arana,,24/3/2022,3,2022,mar-22,154.805,5,0,0,0,0,,Monica
DSCN8260,87,2,Guiri,,Pocillopora spp,arana,,24/3/2022,3,2022,mar-22,271.371,5,0,0,0,0,,Monica
DSCN8261,87,3,Guiri,,Pocillopora spp,arana,,24/3/2022,3,2022,mar-22,237.974,5,0,0,0,0,,Monica
DSCN8262,87,4,Guiri,,Pocillopora spp,arana,,24/3/2022,3,2022,mar-22,210.302,6,0,0,0,0,,Monica
DSCN8263,87,5,Guiri,,Pocillopora spp,arana,,24/3/2022,3,2022,mar-22,248.612,6,0,0,0,0,,Monica
DSCN8264,87,6,Guiri,,Pocillopora spp,arana,,24/3/2022,3,2022,mar-22,197.919,5,0,0,0,0,,Monica
DSCN8265,87,7,Guiri,,Pocillopora spp,arana,,24/3/2022,3,2022,mar-22,236.756,9,0,0,0,0,,Monica
DSCN8269,88,1,Guiri,,Pocillopora spp,arana,,24/3/2022,3,2022,mar-22,171.506,5,0,0,0,0,,Monica
DSCN8270,88,2,Guiri,,Pocillopora spp,arana,,24/3/2022,3,2022,mar-22,"152.772",6,0,0,0,0,,Monica
DSCN8271,88,3,Guiri,,Pocillopora spp,arana,,24/3/2022,3,2022,mar-22,166.936,6,0,0,0,0,,Monica
DSCN8272,88,4,Guiri,,Pocillopora spp,arana,,24/3/2022,3,2022,mar-22,248.998,6,0,0,0,0,,Monica
DSCN8273,88,5,Guiri,,Pocillopora spp,arana,,24/3/2022,3,2022,mar-22,201.585,6,0,0,0,0,,Monica
DSCN8274,88,6,Guiri,,Pocillopora spp,arana,,24/3/2022,3,2022,mar-22,209.175,5,0,0,0,0,,Monica
DSCN8275,88,7,Guiri,,Pocillopora spp,arana,,24/3/2022,3,2022,mar-22,298.885,11,0,0,0,0,,Monica
DSCN9027,169,1,Guiri,,Pocillopora spp,arana,,22/4/2022,4,2022,abr-22,992.562,11,0,0,0,0,,Monica
DSCN9028,169,2,Guiri,,Pocillopora spp,arana,,22/4/2022,4,2022,abr-22,722.223,9,0,0,0,0,,Monica
DSCN9029,169,3,Guiri,,Pocillopora spp,arana,,22/4/2022,4,2022,abr-22,678.813,11,0,0,0,0,,Monica
DSCN9030,169,4,Guiri,,Pocillopora spp,arana,,22/4/2022,4,2022,abr-22,940.525,12,0,0,0,0,,Monica
DSCN9031,169,5,Guiri,,Pocillopora spp,arana,,22/4/2022,4,2022,abr-22,1074.571,10,0,0,0,0,,Monica
DSCN9032,169,6,Guiri,,Pocillopora spp,arana,,22/4/2022,4,2022,abr-22,699.129,11,0,0,0,0,,Monica
DSCN9033,169,7,Guiri,,Pocillopora spp,arana,,22/4/2022,4,2022,abr-22,"1,655.986",19,0,0,0,0,,Monica
DSCN9019,170,1,Guiri,,Pocillopora spp,arana,,22/4/2022,4,2022,abr-22,NA,NA,NA,NA,NA,NA,,Monica
DSCN9020,170,2,Guiri,,Pocillopora spp,arana,,22/4/2022,4,2022,abr-22,814.87,8,0,0,0,0,,Monica
DSCN9021,170,3,Guiri,,Pocillopora spp,arana,,22/4/2022,4,2022,abr-22,796.125,7,0,0,0,0,,Monica
DSCN9022,170,4,Guiri,,Pocillopora spp,arana,,22/4/2022,4,2022,abr-22,626.7,8,0,0,0,0,,Monica
DSCN9023,170,5,Guiri,,Pocillopora spp,arana,,22/4/2022,4,2022,abr-22,644.946,8,0,0,0,0,,Monica
DSCN9024,170,6,Guiri,,Pocillopora spp,arana,,22/4/2022,4,2022,abr-22,527.759,7,0,0,0,0,,Monica
DSCN9025,170,7,Guiri,,Pocillopora spp,arana,,22/4/2022,4,2022,abr-22,"1,301.094",10,0,0,0,0,,Monica
DSCN9077,171,1,Guiri,,Pocillopora spp,arana,,22/4/2022,4,2022,abr-22,684.801,10,0,0,0,0,,Monica
DSCN9078,171,2,Guiri,,Pocillopora spp,arana,,22/4/2022,4,2022,abr-22,726.98,10,0,0,0,0,,Monica
DSCN9079,171,3,Guiri,,Pocillopora spp,arana,,22/4/2022,4,2022,abr-22,844.00,10,0,0,0,0,,Monica
DSCN9080,171,4,Guiri,,Pocillopora spp,arana,,22/4/2022,4,2022,abr-22,784.805,8,0,0,0,0,,Monica
DSCN9081,171,5,Guiri,,Pocillopora spp,arana,,22/4/2022,4,2022,abr-22,707.902,9,0,0,0,0,,Monica
DSCN9082,171,6,Guiri,,Pocillopora spp,arana,,22/4/2022,4,2022,abr-22,669.181,10,0,0,0,0,,Monica
DSCN9083,171,7,Guiri,,Pocillopora spp,arana,,22/4/2022,4,2022,abr-22,"1,445.222",13,0,0,0,0,,Monica
DSCN9070,172,1,Guiri,,Pocillopora spp,arana,,22/4/2022,4,2022,abr-22,927.67,9,0,0,0,0,blanqueamiento parcial,Monica
DSCN9071,172,2,Guiri,,Pocillopora spp,arana,,22/4/2022,4,2022,abr-22,"1,135.629",10,0,0,0,0,,Monica
DSCN9072,172,3,Guiri,,Pocillopora spp,arana,,22/4/2022,4,2022,abr-22,895.298,11,0,0,0,0,,Monica
DSCN9073,172,4,Guiri,,Pocillopora spp,arana,,22/4/2022,4,2022,abr-22,833.05,10,0,0,0,0,,Monica
DSCN9074,172,5,Guiri,,Pocillopora spp,arana,,22/4/2022,4,2022,abr-22,853.716,9,0,0,0,0,,Monica
DSCN9075,172,6,Guiri,,Pocillopora spp,arana,,22/4/2022,4,2022,abr-22,983.656,11,0,0,0,0,,Monica
DSCN9085,172,7,Guiri,,Pocillopora spp,arana,,22/4/2022,4,2022,abr-22,1829.743,19,0,0,0,0,,Monica
DSCN9061,175,1,Guiri,,Pocillopora spp,arana,,22/4/2022,4,2022,abr-22,283.926,8,0,0,1,0,,Monica
DSCN9062,175,2,Guiri,,Pocillopora spp,arana,,22/4/2022,4,2022,abr-22,"1,107.681",10,0,0,0,0,,Monica
DSCN9064,175,3,Guiri,,Pocillopora spp,arana,,22/4/2022,4,2022,abr-22,927.84,10,0,0,0,0,,Monica
DSCN9065,175,4,Guiri,,Pocillopora spp,arana,,22/4/2022,4,2022,abr-22,805.675,8,0,0,0,0,,Monica
DSCN9066,175,5,Guiri,,Pocillopora spp,arana,,22/4/2022,4,2022,abr-22,477.994,8,0,0,0,0,,Monica
DSCN9068,175,6,Guiri,,Pocillopora spp,arana,,22/4/2022,4,2022,abr-22,386.829,10,0,0,0,0,,Monica
DSCN9087,175,7,Guiri,,Pocillopora spp,arana,,22/4/2022,4,2022,abr-22,891.595,10,0,0,0,0,,Monica
DSCN9011,76,1,Guiri,,Pocillopora spp,arana,,22/4/2022,4,2022,abr-22,290.227,6,0,0,0,0,,Monica
DSCN9012,76,2,Guiri,,Pocillopora spp,arana,,22/4/2022,4,2022,abr-22,235.333,5,0,0,0,0,,Monica
DSCN9013,76,3,Guiri,,Pocillopora spp,arana,,22/4/2022,4,2022,abr-22,190.165,6,0,0,0,0,,Monica
DSCN9014,76,4,Guiri,,Pocillopora spp,arana,,22/4/2022,4,2022,abr-22,281.797,5,0,0,0,0,,Monica
DSCN9015,76,5,Guiri,,Pocillopora spp,arana,,22/4/2022,4,2022,abr-22,375.861,6,0,0,0,0,,Monica
DSCN9016,76,6,Guiri,,Pocillopora spp,arana,,22/4/2022,4,2022,abr-22,174.466,5,0,0,0,0,,Monica
DSCN9017,76,7,Guiri,,Pocillopora spp,arana,,22/4/2022,4,2022,abr-22,376.402,9,0,0,0,0,,Monica
DSCN9040,77,1,Guiri,,Pocillopora spp,arana,,22/4/2022,4,2022,abr-22,259.649,6,0,0,0,0,,Monica
DSCN9041,77,2,Guiri,,Pocillopora spp,arana,,22/4/2022,4,2022,abr-22,295.459,6,0,0,0,0,,Monica
DSCN9042,77,3,Guiri,,Pocillopora spp,arana,,22/4/2022,4,2022,abr-22,249.85,6,0,0,0,0,,Monica
DSCN9043,77,4,Guiri,,Pocillopora spp,arana,,22/4/2022,4,2022,abr-22,182.842,5,0,0,0,0,,Monica
DSCN9044,77,5,Guiri,,Pocillopora spp,arana,,22/4/2022,4,2022,abr-22,250.037,5,0,0,0,0,,Monica
DSCN9045,77,6,Guiri,,Pocillopora spp,arana,,22/4/2022,4,2022,abr-22,317.464,5,0,0,0,0,,Monica
DSCN9046,77,7,Guiri,,Pocillopora spp,arana,,22/4/2022,4,2022,abr-22,361.387,10,0,0,0,0,,Monica
DSCN9048,87,1,Guiri,,Pocillopora spp,arana,,22/4/2022,4,2022,abr-22,175.927,5,0,0,0,0,,Monica
DSCN9049,87,2,Guiri,,Pocillopora spp,arana,,22/4/2022,4,2022,abr-22,247.845,5,0,1,0,0,,Monica
DSCN9050,87,3,Guiri,,Pocillopora spp,arana,,22/4/2022,4,2022,abr-22,307.036,5,0,0,0,0,,Monica
DSCN9051,87,4,Guiri,,Pocillopora spp,arana,,22/4/2022,4,2022,abr-22,235.239,6,0,0,0,0,,Monica
DSCN9052,87,5,Guiri,,Pocillopora spp,arana,,22/4/2022,4,2022,abr-22,194.552,6,0,0,0,0,,Monica
DSCN9053,87,6,Guiri,,Pocillopora spp,arana,,22/4/2022,4,2022,abr-22,364.352,5,0,1,0,0,,Monica
DSCN9054,87,7,Guiri,,Pocillopora spp,arana,,22/4/2022,4,2022,abr-22,371.07,9,0,1,0,0,,Monica
DSCN9003,88,1,Guiri,,Pocillopora spp,arana,,22/4/2022,4,2022,abr-22,193.06,5,0,0,0,0,,Monica
DSCN9004,88,2,Guiri,,Pocillopora spp,arana,,22/4/2022,4,2022,abr-22,222.652,6,0,0,0,0,,Monica
DSCN9005,88,3,Guiri,,Pocillopora spp,arana,,22/4/2022,4,2022,abr-22,252.604,6,0,0,0,0,,Monica
DSCN9006,88,4,Guiri,,Pocillopora spp,arana,,22/4/2022,4,2022,abr-22,299.938,6,0,0,0,0,,Monica
DSCN9007,88,5,Guiri,,Pocillopora spp,arana,,22/4/2022,4,2022,abr-22,172.612,6,0,0,0,0,,Monica
DSCN9008,88,6,Guiri,,Pocillopora spp,arana,,22/4/2022,4,2022,abr-22,159.92,5,0,0,0,0,,Monica
DSCN9009,88,7,Guiri,,Pocillopora spp,arana,,22/4/2022,4,2022,abr-22,381.692,11,0,0,0,0,,Monica
DSCN9731,169,1,Guiri,,Pocillopora spp,arana,,22/5/2022,5,2022,may-22,"1,031.58",11,0,0,0,0,2 fragmentos en el suelo,Monica
DSCN9732,169,2,Guiri,,Pocillopora spp,arana,,22/5/2022,5,2022,may-22,663.539,9,1,0,0,0,,Monica
DSCN9733,169,3,Guiri,,Pocillopora spp,arana,,22/5/2022,5,2022,may-22,869.144,11,0,0,0,0,,Monica
DSCN9734,169,4,Guiri,,Pocillopora spp,arana,,22/5/2022,5,2022,may-22,836.193,12,0,0,0,0,,Monica
DSCN9735,169,5,Guiri,,Pocillopora spp,arana,,22/5/2022,5,2022,may-22,643.364,10,0,0,0,0,,Monica
DSCN9736,169,6,Guiri,,Pocillopora spp,arana,,22/5/2022,5,2022,may-22,730.09,11,0,1,0,0,Mitad cubierta por algas,Monica
DSCN9737,169,7,Guiri,,Pocillopora spp,arana,,22/5/2022,5,2022,may-22,"1,496.06",19,0,0,0,0,,Monica
DSCN9723,170,1,Guiri,,Pocillopora spp,arana,,22/5/2022,5,2022,may-22,NA,NA,NA,NA,NA,NA,,Monica
DSCN9724,170,2,Guiri,,Pocillopora spp,arana,,22/5/2022,5,2022,may-22,454.287,8,0,0,0,0,,Monica
DSCN9725,170,3,Guiri,,Pocillopora spp,arana,,22/5/2022,5,2022,may-22,565.308,7,0,0,0,0,,Monica
DSCN9726,170,4,Guiri,,Pocillopora spp,arana,,22/5/2022,5,2022,may-22,609.812,8,0,1,0,0,Cubierto por algas,Monica
DSCN9727,170,5,Guiri,,Pocillopora spp,arana,,22/5/2022,5,2022,may-22,780.824,8,0,0,0,0,,Monica
DSCN9728,170,6,Guiri,,Pocillopora spp,arana,,22/5/2022,5,2022,may-22,849.531,7,0,0,0,0,,Monica
DSCN9729,170,7,Guiri,,Pocillopora spp,arana,,22/5/2022,5,2022,may-22,"1,361.31",10,0,0,0,0,,Monica
DSCN9739,171,1,Guiri,,Pocillopora spp,arana,,22/5/2022,5,2022,may-22,678.697,10,0,0,0,0,,Monica
DSCN9740,171,2,Guiri,,Pocillopora spp,arana,,22/5/2022,5,2022,may-22,669.849,10,0,0,0,0,,Monica
DSCN9741,171,3,Guiri,,Pocillopora spp,arana,,22/5/2022,5,2022,may-22,719.413,10,1,0,0,0,,Monica
DSCN9742,171,4,Guiri,,Pocillopora spp,arana,,22/5/2022,5,2022,may-22,829.392,8,0,0,0,0,,Monica
DSCN9743,171,5,Guiri,,Pocillopora spp,arana,,22/5/2022,5,2022,may-22,756.486,9,0,0,0,0,,Monica
DSCN9744,171,6,Guiri,,Pocillopora spp,arana,,22/5/2022,5,2022,may-22,793.005,10,0,0,0,0,,Monica
DSCN9745,171,7,Guiri,,Pocillopora spp,arana,,22/5/2022,5,2022,may-22,1666.942,13,0,0,0,0,,Monica
DSCN9747,172,1,Guiri,,Pocillopora spp,arana,,22/5/2022,5,2022,may-22,733.587,9,0,0,0,0,,Monica
DSCN9748,172,2,Guiri,,Pocillopora spp,arana,,22/5/2022,5,2022,may-22,944.092,10,0,0,0,0,,Monica
DSCN9749,172,3,Guiri,,Pocillopora spp,arana,,22/5/2022,5,2022,may-22,810.491,11,0,0,0,0,,Monica
DSCN9750,172,4,Guiri,,Pocillopora spp,arana,,22/5/2022,5,2022,may-22,1033.418,10,0,0,0,0,,Monica
DSCN9751,172,5,Guiri,,Pocillopora spp,arana,,22/5/2022,5,2022,may-22,813.652,9,0,0,0,0,,Monica
DSCN9752,172,6,Guiri,,Pocillopora spp,arana,,22/5/2022,5,2022,may-22,944.412,11,0,0,0,0,,Monica
DSCN9753,172,7,Guiri,,Pocillopora spp,arana,,22/5/2022,5,2022,may-22,"1,471.71",19,0,0,0,0,,Monica
DSCN9755,175,1,Guiri,,Pocillopora spp,arana,,22/5/2022,5,2022,may-22,279.696,8,0,0,0,0,,Monica
DSCN9756,175,2,Guiri,,Pocillopora spp,arana,,22/5/2022,5,2022,may-22,407.987,10,0,0,0,0,,Monica
DSCN9757,175,3,Guiri,,Pocillopora spp,arana,,22/5/2022,5,2022,may-22,413.832,10,0,0,0,0,,Monica
DSCN9758,175,4,Guiri,,Pocillopora spp,arana,,22/5/2022,5,2022,may-22,730.662,8,0,0,0,0,,Monica
DSCN9759,175,5,Guiri,,Pocillopora spp,arana,,22/5/2022,5,2022,may-22,918.458,8,0,0,0,0,,Monica
DSCN9760,175,6,Guiri,,Pocillopora spp,arana,,22/5/2022,5,2022,may-22,1307.707,10,0,0,0,0,,Monica
DSCN9761,175,7,Guiri,,Pocillopora spp,arana,,22/5/2022,5,2022,may-22,1254.013,10,0,0,0,0,,Monica
DSCN9619,76,1,Guiri,,Pocillopora spp,arana,,22/5/2022,5,2022,may-22,223.642,6,0,0,0,0,,Monica
DSCN9620,76,2,Guiri,,Pocillopora spp,arana,,22/5/2022,5,2022,may-22,379.377,5,0,0,0,0,,Monica
DSCN9621,76,3,Guiri,,Pocillopora spp,arana,,22/5/2022,5,2022,may-22,319.367,6,0,0,0,0,,Monica
DSCN9623,76,4,Guiri,,Pocillopora spp,arana,,22/5/2022,5,2022,may-22,174.243,5,0,0,0,0,,Monica
DSCN9624,76,5,Guiri,,Pocillopora spp,arana,,22/5/2022,5,2022,may-22,269.542,6,0,0,0,0,,Monica
DSCN9625,76,6,Guiri,,Pocillopora spp,arana,,22/5/2022,5,2022,may-22,265.05,5,0,0,0,0,,Monica
DSCN9626,76,7,Guiri,,Pocillopora spp,arana,,22/5/2022,5,2022,may-22,396.666,9,0,0,0,0,,Monica
DSCN9628,77,1,Guiri,,Pocillopora spp,arana,,22/5/2022,5,2022,may-22,271.97,6,0,0,0,0,,Monica
DSCN9629,77,2,Guiri,,Pocillopora spp,arana,,22/5/2022,5,2022,may-22,289.031,6,0,0,0,0,,Monica
DSCN9630,77,3,Guiri,,Pocillopora spp,arana,,22/5/2022,5,2022,may-22,216.618,6,0,0,0,0,,Monica
DSCN9631,77,4,Guiri,,Pocillopora spp,arana,,22/5/2022,5,2022,may-22,179.591,5,0,0,0,0,,Monica
DSCN9632,77,5,Guiri,,Pocillopora spp,arana,,22/5/2022,5,2022,may-22,244.135,5,0,0,0,0,,Monica
DSCN9633,77,6,Guiri,,Pocillopora spp,arana,,22/5/2022,5,2022,may-22,268.638,5,0,0,0,0,,Monica
DSCN9635,77,7,Guiri,,Pocillopora spp,arana,,22/5/2022,5,2022,may-22,434.975,10,0,0,0,0,,Monica
DSCN9602,87,1,Guiri,,Pocillopora spp,arana,,22/5/2022,5,2022,may-22,229.568,5,0,0,0,0,,Monica
DSCN9603,87,2,Guiri,,Pocillopora spp,arana,,22/5/2022,5,2022,may-22,272.44,5,0,0,0,0,,Monica
DSCN9604,87,3,Guiri,,Pocillopora spp,arana,,22/5/2022,5,2022,may-22,210.793,5,0,2,0,0,,Monica
DSCN9605,87,4,Guiri,,Pocillopora spp,arana,,22/5/2022,5,2022,may-22,208.588,6,0,1,0,0,,Monica
DSCN9606,87,5,Guiri,,Pocillopora spp,arana,,22/5/2022,5,2022,may-22,338.675,6,0,0,0,0,,Monica
DSCN9607,87,6,Guiri,,Pocillopora spp,arana,,22/5/2022,5,2022,may-22,237.488,5,0,0,0,0,,Monica
DSCN9608,87,7,Guiri,,Pocillopora spp,arana,,22/5/2022,5,2022,may-22,434.979,9,0,0,0,0,,Monica
DSCN9609,88,1,Guiri,,Pocillopora spp,arana,,22/5/2022,5,2022,may-22,208.227,5,0,0,0,0,,Monica
DSCN9610,88,2,Guiri,,Pocillopora spp,arana,,22/5/2022,5,2022,may-22,160.294,6,0,0,0,0,,Monica
DSCN9611,88,3,Guiri,,Pocillopora spp,arana,,22/5/2022,5,2022,may-22,182.729,6,0,0,0,0,,Monica
DSCN9612,88,4,Guiri,,Pocillopora spp,arana,,22/5/2022,5,2022,may-22,293.569,6,0,0,0,0,,Monica
DSCN9613,88,5,Guiri,,Pocillopora spp,arana,,22/5/2022,5,2022,may-22,293.569,6,0,0,0,0,,Monica
DSCN9616,88,6,Guiri,,Pocillopora spp,arana,,22/5/2022,5,2022,may-22,132.78,5,0,0,0,0,,Monica
DSCN9617,88,7,Guiri,,Pocillopora spp,arana,,22/5/2022,5,2022,may-22,485.852,11,0,0,0,0,,Monica
DSCN0277,169,1,Guiri,,Pocillopora spp,arana,,24/6/2022,6,2022,jun-22,"1,091.72",11,0,0,0,0,,Monica
DSCN0278,169,2,Guiri,,Pocillopora spp,arana,,24/6/2022,6,2022,jun-22,736.046,9,0,0,0,0,,Monica
DSCN0279,169,3,Guiri,,Pocillopora spp,arana,,24/6/2022,6,2022,jun-22,656.939,11,0,0,0,0,,Monica
DSCN0280,169,4,Guiri,,Pocillopora spp,arana,,24/6/2022,6,2022,jun-22,794.03,12,0,0,0,0,,Monica
DSCN0281,169,5,Guiri,,Pocillopora spp,arana,,24/6/2022,6,2022,jun-22,901.288,10,0,0,0,0,,Monica
DSCN0282,169,6,Guiri,,Pocillopora spp,arana,,24/6/2022,6,2022,jun-22,699.156,11,0,0,0,0,,Monica
DSCN0286,169,7,Guiri,,Pocillopora spp,arana,,24/6/2022,6,2022,jun-22,1692.28,19,0,0,0,0,,Monica
DSCN0284,170,1,Guiri,,Pocillopora spp,arana,,24/6/2022,6,2022,jun-22,NA,NA,NA,NA,NA,NA,,Monica
DSCN0288,170,2,Guiri,,Pocillopora spp,arana,,24/6/2022,6,2022,jun-22,835.317,8,0,0,0,0,,Monica
DSCN0289,170,3,Guiri,,Pocillopora spp,arana,,24/6/2022,6,2022,jun-22,779.235,7,0,0,0,0,,Monica
DSCN0290,170,4,Guiri,,Pocillopora spp,arana,,24/6/2022,6,2022,jun-22,536.616,8,0,1,0,0,Cubierto por algas,Monica
DSCN0291,170,5,Guiri,,Pocillopora spp,arana,,24/6/2022,6,2022,jun-22,647.381,8,0,0,0,0,,Monica
DSCN0292,170,6,Guiri,,Pocillopora spp,arana,,24/6/2022,6,2022,jun-22,514.115,7,0,0,0,0,,Monica
DSCN0293,170,7,Guiri,,Pocillopora spp,arana,,24/6/2022,6,2022,jun-22,"1,228.69",10,0,0,0,0,,Monica
DSCN0270,171,1,Guiri,,Pocillopora spp,arana,,24/6/2022,6,2022,jun-22,652.863,10,0,0,0,0,,Monica
DSCN0271,171,2,Guiri,,Pocillopora spp,arana,,24/6/2022,6,2022,jun-22,760.157,10,0,0,0,0,2 fragmentos en el suelo,Monica
DSCN0272,171,3,Guiri,,Pocillopora spp,arana,,24/6/2022,6,2022,jun-22,789.717,10,0,0,0,0,,Monica
DSCN0273,171,4,Guiri,,Pocillopora spp,arana,,24/6/2022,6,2022,jun-22,872.764,8,0,0,0,0,,Monica
DSCN0274,171,5,Guiri,,Pocillopora spp,arana,,24/6/2022,6,2022,jun-22,662.832,9,0,0,0,0,1 fragmento en el suelo,Monica
DSCN0275,171,6,Guiri,,Pocillopora spp,arana,,24/6/2022,6,2022,jun-22,656.434,10,0,0,0,0,,Monica
NA,171,7,Guiri,,Pocillopora spp,arana,,24/6/2022,6,2022,jun-22,NA,NA,NA,NA,NA,NA,No hay foto de esta cara,Monica
DSCN0262,172,1,Guiri,,Pocillopora spp,arana,,24/6/2022,6,2022,jun-22,644.209,9,0,0,0,0,,Monica
DSCN0263,172,2,Guiri,,Pocillopora spp,arana,,24/6/2022,6,2022,jun-22,"1,031.35",11,0,1,0,0,Cubierto por algas,Monica
DSCN0264,172,3,Guiri,,Pocillopora spp,arana,,24/6/2022,6,2022,jun-22,830.499,11,0,0,0,0,,Monica
DSCN0265,172,4,Guiri,,Pocillopora spp,arana,,24/6/2022,6,2022,jun-22,931.778,10,0,0,0,0,1 fragmento en el suelo,Monica
DSCN0266,172,5,Guiri,,Pocillopora spp,arana,,24/6/2022,6,2022,jun-22,762.244,9,0,0,0,0,,Monica
DSCN0267,172,6,Guiri,,Pocillopora spp,arana,,24/6/2022,6,2022,jun-22,909.858,11,0,0,0,0,,Monica
DSCN0268,172,7,Guiri,,Pocillopora spp,arana,,24/6/2022,6,2022,jun-22,1916.736,19,0,0,0,0,,Monica
DSCN0254,175,1,Guiri,,Pocillopora spp,arana,,24/6/2022,6,2022,jun-22,352.58,8,0,0,0,0,,Monica
DSCN0255,175,2,Guiri,,Pocillopora spp,arana,,24/6/2022,6,2022,jun-22,"1,084.73",10,0,0,0,0,,Monica
DSCN0256,175,3,Guiri,,Pocillopora spp,arana,,24/6/2022,6,2022,jun-22,774.597,10,0,0,0,0,,Monica
DSCN0257,175,4,Guiri,,Pocillopora spp,arana,,24/6/2022,6,2022,jun-22,772.197,8,0,0,0,0,,Monica
DSCN0258,175,5,Guiri,,Pocillopora spp,arana,,24/6/2022,6,2022,jun-22,434.651,7,0,0,0,0,,Monica
DSCN0259,175,6,Guiri,,Pocillopora spp,arana,,24/6/2022,6,2022,jun-22,424.824,9,0,1,0,0,Cubierto por algas,Monica
DSCN0260,175,7,Guiri,,Pocillopora spp,arana,,24/6/2022,6,2022,jun-22,898.72,10,0,0,0,0,,Monica
DSCN0324,76,1,Guiri,,Pocillopora spp,arana,,24/6/2022,6,2022,jun-22,313.874,6,0,0,0,0,,Monica
DSCN0325,76,2,Guiri,,Pocillopora spp,arana,,24/6/2022,6,2022,jun-22,289.276,5,0,0,0,0,,Monica
DSCN0326,76,3,Guiri,,Pocillopora spp,arana,,24/6/2022,6,2022,jun-22,164.049,6,0,0,0,0,,Monica
DSCN0327,76,4,Guiri,,Pocillopora spp,arana,,24/6/2022,6,2022,jun-22,331.909,5,0,0,0,0,,Monica
DSCN0328,76,5,Guiri,,Pocillopora spp,arana,,24/6/2022,6,2022,jun-22,372.576,6,0,0,0,0,,Monica
DSCN0329,76,6,Guiri,,Pocillopora spp,arana,,24/6/2022,6,2022,jun-22,218.043,5,0,0,0,0,,Monica
DSCN0330,76,7,Guiri,,Pocillopora spp,arana,,24/6/2022,6,2022,jun-22,376.565,9,0,0,0,0,,Monica
DSCN0316,77,1,Guiri,,Pocillopora spp,arana,,24/6/2022,6,2022,jun-22,223.027,6,0,0,0,0,,Monica
DSCN0317,77,2,Guiri,,Pocillopora spp,arana,,24/6/2022,6,2022,jun-22,119.075,6,0,0,0,0,,Monica
DSCN0318,77,3,Guiri,,Pocillopora spp,arana,,24/6/2022,6,2022,jun-22,137.774,6,0,0,0,0,,Monica
DSCN0319,77,4,Guiri,,Pocillopora spp,arana,,24/6/2022,6,2022,jun-22,153.946,5,0,0,0,0,,Monica
DSCN0320,77,5,Guiri,,Pocillopora spp,arana,,24/6/2022,6,2022,jun-22,327.735,5,0,0,0,0,,Monica
DSCN0321,77,6,Guiri,,Pocillopora spp,arana,,24/6/2022,6,2022,jun-22,287.692,5,0,0,0,0,,Monica
DSCN0322,77,7,Guiri,,Pocillopora spp,arana,,24/6/2022,6,2022,jun-22,506.082,10,0,0,0,0,,Monica
DSCN0340,87,1,Guiri,,Pocillopora spp,arana,,24/6/2022,6,2022,jun-22,159.289,5,0,0,0,0,,Monica
DSCN0341,87,2,Guiri,,Pocillopora spp,arana,,24/6/2022,6,2022,jun-22,247.033,5,0,1,0,0,,Monica
DSCN0342,87,3,Guiri,,Pocillopora spp,arana,,24/6/2022,6,2022,jun-22,326.185,5,0,0,0,0,,Monica
DSCN0343,87,4,Guiri,,Pocillopora spp,arana,,24/6/2022,6,2022,jun-22,217.654,6,0,0,0,0,,Monica
DSCN0344,87,5,Guiri,,Pocillopora spp,arana,,24/6/2022,6,2022,jun-22,232.831,6,0,0,0,0,,Monica
DSCN0345,87,6,Guiri,,Pocillopora spp,arana,,24/6/2022,6,2022,jun-22,368.907,5,0,0,0,0,,Monica
DSCN0346,87,7,Guiri,,Pocillopora spp,arana,,24/6/2022,6,2022,jun-22,478.817,9,0,0,0,0,,Monica
DSCN0332,88,1,Guiri,,Pocillopora spp,arana,,24/6/2022,6,2022,jun-22,195.146,5,0,0,0,0,,Monica
DSCN0333,88,2,Guiri,,Pocillopora spp,arana,,24/6/2022,6,2022,jun-22,137.884,6,0,0,0,0,,Monica
DSCN0334,88,3,Guiri,,Pocillopora spp,arana,,24/6/2022,6,2022,jun-22,289.978,6,0,0,0,0,,Monica
DSCN0335,88,4,Guiri,,Pocillopora spp,arana,,24/6/2022,6,2022,jun-22,294.879,6,0,0,0,0,,Monica
DSCN0336,88,5,Guiri,,Pocillopora spp,arana,,24/6/2022,6,2022,jun-22,188.89,6,0,0,0,0,,Monica
DSCN0337,88,6,Guiri,,Pocillopora spp,arana,,24/6/2022,6,2022,jun-22,144.869,5,0,0,0,0,,Monica
DSCN0338,88,7,Guiri,,Pocillopora spp,arana,,24/6/2022,6,2022,jun-22,510.73,11,0,0,0,0,,Monica
DSCN0831,169,1,Guiri,,Pocillopora spp,arana,,27/7/2022,7,2022,jul-22,1140.054,11,0,0,0,0,,Monica
DSCN0832,169,2,Guiri,,Pocillopora spp,arana,,27/7/2022,7,2022,jul-22,780.97,9,0,1,0,0,Cubierto por algas,Monica
DSCN0833,169,3,Guiri,,Pocillopora spp,arana,,27/7/2022,7,2022,jul-22,852.099,11,0,0,0,0,,Monica
DSCN0834,169,4,Guiri,,Pocillopora spp,arana,,27/7/2022,7,2022,jul-22,1228.83,12,0,0,0,0,,Monica
DSCN0835,169,5,Guiri,,Pocillopora spp,arana,,27/7/2022,7,2022,jul-22,1070.949,10,0,0,0,0,,Monica
DSCN0836,169,6,Guiri,,Pocillopora spp,arana,,27/7/2022,7,2022,jul-22,896.674,11,0,0,0,0,,Monica
DSCN0837,169,7,Guiri,,Pocillopora spp,arana,,27/7/2022,7,2022,jul-22,1838.831,19,0,0,0,0,,Monica
DSCN0823,170,1,Guiri,,Pocillopora spp,arana,,27/7/2022,7,2022,jul-22,NA,NA,NA,NA,NA,NA,,Monica
DSCN0824,170,2,Guiri,,Pocillopora spp,arana,,27/7/2022,7,2022,jul-22,976.547,8,0,0,0,0,,Monica
DSCN0825,170,3,Guiri,,Pocillopora spp,arana,,27/7/2022,7,2022,jul-22,981.019,7,0,0,0,0,,Monica
DSCN0826,170,4,Guiri,,Pocillopora spp,arana,,27/7/2022,7,2022,jul-22,709.91,8,0,1,0,0,Cubierto por algas,Monica
DSCN0827,170,5,Guiri,,Pocillopora spp,arana,,27/7/2022,7,2022,jul-22,737.041,8,0,0,0,0,,Monica
DSCN0828,170,6,Guiri,,Pocillopora spp,arana,,27/7/2022,7,2022,jul-22,599.683,7,0,0,0,0,,Monica
DSCN0829,170,7,Guiri,,Pocillopora spp,arana,,27/7/2022,7,2022,jul-22,1454.262,10,0,0,0,0,,Monica
DSCN0840,171,1,Guiri,,Pocillopora spp,arana,,27/7/2022,7,2022,jul-22,857.424,10,0,0,0,0,,Monica
DSCN0841,171,2,Guiri,,Pocillopora spp,arana,,27/7/2022,7,2022,jul-22,807.865,10,0,0,0,0,,Monica
DSCN0842,171,3,Guiri,,Pocillopora spp,arana,,27/7/2022,7,2022,jul-22,903.859,10,0,0,0,0,,Monica
DSCN0843,171,4,Guiri,,Pocillopora spp,arana,,27/7/2022,7,2022,jul-22,957.844,8,0,0,0,0,,Monica
DSCN0844,171,5,Guiri,,Pocillopora spp,arana,,27/7/2022,7,2022,jul-22,828.872,9,0,0,0,0,,Monica
DSCN0845,171,6,Guiri,,Pocillopora spp,arana,,27/7/2022,7,2022,jul-22,673.647,10,0,0,0,0,,Monica
DSCN0846,171,7,Guiri,,Pocillopora spp,arana,,27/7/2022,7,2022,jul-22,2137.625,13,0,0,0,0,,Monica
DSCN0857,172,1,Guiri,,Pocillopora spp,arana,,27/7/2022,7,2022,jul-22,814.596,9,0,0,0,0,,Monica
DSCN0858,172,2,Guiri,,Pocillopora spp,arana,,27/7/2022,7,2022,jul-22,1116.76,10,0,1,0,0,,Monica
DSCN0859,172,3,Guiri,,Pocillopora spp,arana,,27/7/2022,7,2022,jul-22,1078.674,11,0,0,0,0,,Monica
DSCN0860,172,4,Guiri,,Pocillopora spp,arana,,27/7/2022,7,2022,jul-22,1131.167,10,0,0,0,0,,Monica
DSCN0861,172,5,Guiri,,Pocillopora spp,arana,,27/7/2022,7,2022,jul-22,1021.829,9,0,0,0,0,,Monica
DSCN0862,172,6,Guiri,,Pocillopora spp,arana,,27/7/2022,7,2022,jul-22,1056.105,11,0,0,0,0,,Monica
DSCN0863,172,7,Guiri,,Pocillopora spp,arana,,27/7/2022,7,2022,jul-22,2211.918,19,0,0,0,0,,Monica
DSCN0848,175,1,Guiri,,Pocillopora spp,arana,,27/7/2022,7,2022,jul-22,406.471,7,0,0,1,0,Coral en la arena,Monica
DSCN0849,175,2,Guiri,,Pocillopora spp,arana,,27/7/2022,7,2022,jul-22,1168.134,10,0,0,0,0,,Monica
DSCN0850,175,3,Guiri,,Pocillopora spp,arana,,27/7/2022,7,2022,jul-22,951.246,10,0,0,2,0,2 fragmentos en el suelo,Monica
DSCN0851,175,4,Guiri,,Pocillopora spp,arana,,27/7/2022,7,2022,jul-22,752.066,8,0,0,0,0,,Monica
DSCN0852,175,5,Guiri,,Pocillopora spp,arana,,27/7/2022,7,2022,jul-22,545.963,7,0,0,0,0,,Monica
DSCN0853,175,6,Guiri,,Pocillopora spp,arana,,27/7/2022,7,2022,jul-22,408.745,8,0,0,1,0,Cubierto por algas,Monica
DSCN0854,175,7,Guiri,,Pocillopora spp,arana,,27/7/2022,7,2022,jul-22,1150.351,10,0,0,0,0,,Monica
DSCN0799,76,1,Guiri,,Pocillopora spp,arana,,27/7/2022,7,2022,jul-22,388.235,6,0,0,0,0,,Monica
DSCN0800,76,2,Guiri,,Pocillopora spp,arana,,27/7/2022,7,2022,jul-22,340.865,5,0,0,0,0,,Monica
DSCN0801,76,3,Guiri,,Pocillopora spp,arana,,27/7/2022,7,2022,jul-22,194.372,6,0,0,0,0,,Monica
DSCN0802,76,4,Guiri,,Pocillopora spp,arana,,27/7/2022,7,2022,jul-22,410.375,5,0,0,0,0,,Monica
DSCN0803,76,5,Guiri,,Pocillopora spp,arana,,27/7/2022,7,2022,jul-22,446.281,6,0,0,0,0,,Monica
DSCN0804,76,6,Guiri,,Pocillopora spp,arana,,27/7/2022,7,2022,jul-22,283.266,5,0,0,0,0,,Monica
DSCN0805,76,7,Guiri,,Pocillopora spp,arana,,27/7/2022,7,2022,jul-22,510.453,9,0,0,0,0,,Monica
DSCN0815,77,1,Guiri,,Pocillopora spp,arana,,27/7/2022,7,2022,jul-22,257.429,6,0,0,0,0,,Monica
DSCN0816,77,2,Guiri,,Pocillopora spp,arana,,27/7/2022,7,2022,jul-22,137.914,6,0,0,0,0,,Monica
DSCN0817,77,3,Guiri,,Pocillopora spp,arana,,27/7/2022,7,2022,jul-22,280.592,6,0,0,0,0,,Monica
DSCN0818,77,4,Guiri,,Pocillopora spp,arana,,27/7/2022,7,2022,jul-22,205.721,5,0,0,0,0,,Monica
DSCN0819,77,5,Guiri,,Pocillopora spp,arana,,27/7/2022,7,2022,jul-22,380.774,5,0,0,0,0,,Monica
DSCN0820,77,6,Guiri,,Pocillopora spp,arana,,27/7/2022,7,2022,jul-22,358.552,5,0,0,0,0,,Monica
DSCN0821,77,7,Guiri,,Pocillopora spp,arana,,27/7/2022,7,2022,jul-22,497.951,10,0,0,0,0,,Monica
DSCN0806,87,1,Guiri,,Pocillopora spp,arana,,27/7/2022,7,2022,jul-22,222.165,5,0,0,0,0,,Monica
DSCN0808,87,2,Guiri,,Pocillopora spp,arana,,27/7/2022,7,2022,jul-22,276.119,5,0,0,0,0,,Monica
DSCN0809,87,3,Guiri,,Pocillopora spp,arana,,27/7/2022,7,2022,jul-22,412.207,5,0,0,0,0,,Monica
DSCN0810,87,4,Guiri,,Pocillopora spp,arana,,27/7/2022,7,2022,jul-22,201.403,6,0,0,0,0,,Monica
DSCN0811,87,5,Guiri,,Pocillopora spp,arana,,27/7/2022,7,2022,jul-22,265.325,6,0,0,0,0,,Monica
DSCN0812,87,6,Guiri,,Pocillopora spp,arana,,27/7/2022,7,2022,jul-22,421.107,5,0,0,0,0,,Monica
DSCN0813,87,7,Guiri,,Pocillopora spp,arana,,27/7/2022,7,2022,jul-22,434.889,9,0,0,0,0,,Monica
DSCN0788,88,1,Guiri,,Pocillopora spp,arana,,27/7/2022,7,2022,jul-22,271.902,5,0,0,0,0,,Monica
DSCN0791,88,2,Guiri,,Pocillopora spp,arana,,27/7/2022,7,2022,jul-22,177.139,6,0,0,0,0,,Monica
DSCN0792,88,3,Guiri,,Pocillopora spp,arana,,27/7/2022,7,2022,jul-22,351.148,6,0,0,0,0,,Monica
DSCN0794,88,4,Guiri,,Pocillopora spp,arana,,27/7/2022,7,2022,jul-22,333.981,6,0,0,0,0,,Monica
DSCN0795,88,5,Guiri,,Pocillopora spp,arana,,27/7/2022,7,2022,jul-22,231.747,6,0,0,0,0,,Monica
DSCN0796,88,6,Guiri,,Pocillopora spp,arana,,27/7/2022,7,2022,jul-22,213.559,5,0,0,0,0,,Monica
DSCN0797,88,7,Guiri,,Pocillopora spp,arana,,27/7/2022,7,2022,jul-22,563.36,11,0,0,0,0,,Monica
DSCN1615,169,1,Guiri,,Pocillopora spp,arana,,20/8/2022,8,2022,ago-2022,989.64,11,0,0,0,0,,Monica
DSCN1616,169,2,Guiri,,Pocillopora spp,arana,,20/8/2022,8,2022,ago-2022,836.352,9,0,1,0,0,Cubierto por algas,Monica
DSCN1617,169,3,Guiri,,Pocillopora spp,arana,,20/8/2022,8,2022,ago-2022,734.534,11,0,0,0,0,,Monica
DSCN1618,169,4,Guiri,,Pocillopora spp,arana,,20/8/2022,8,2022,ago-2022,1230.888,12,0,0,0,0,,Monica
DSCN1619,169,5,Guiri,,Pocillopora spp,arana,,20/8/2022,8,2022,ago-2022,1011.47,10,0,0,0,0,,Monica
DSCN1620,169,6,Guiri,,Pocillopora spp,arana,,20/8/2022,8,2022,ago-2022,816.368,11,0,0,0,0,,Monica
DSCN1621,169,7,Guiri,,Pocillopora spp,arana,,20/8/2022,8,2022,ago-2022,2045.204,19,0,0,0,0,,Monica
DSCN1607,170,1,Guiri,,Pocillopora spp,arana,,20/8/2022,8,2022,ago-2022,NA,NA,NA,NA,NA,NA,,Monica
DSCN1608,170,2,Guiri,,Pocillopora spp,arana,,20/8/2022,8,2022,ago-2022,907.259,8,0,0,0,0,,Monica
DSCN1609,170,3,Guiri,,Pocillopora spp,arana,,20/8/2022,8,2022,ago-2022,922.885,7,0,0,0,0,,Monica
DSCN1610,170,4,Guiri,,Pocillopora spp,arana,,20/8/2022,8,2022,ago-2022,626.648,8,0,1,0,0,Cubierto por algas,Monica
DSCN1611,170,5,Guiri,,Pocillopora spp,arana,,20/8/2022,8,2022,ago-2022,1127.398,8,0,0,0,0,,Monica
DSCN1612,170,6,Guiri,,Pocillopora spp,arana,,20/8/2022,8,2022,ago-2022,571.124,7,0,0,0,0,,Monica
DSCN1613,170,7,Guiri,,Pocillopora spp,arana,,20/8/2022,8,2022,ago-2022,1753.373,10,0,0,0,0,,Monica
DSCN1596,171,1,Guiri,,Pocillopora spp,arana,,20/8/2022,8,2022,ago-2022,792.597,10,0,0,0,0,,Monica
DSCN1597,171,2,Guiri,,Pocillopora spp,arana,,20/8/2022,8,2022,ago-2022,785.995,10,0,0,0,0,,Monica
DSCN1598,171,3,Guiri,,Pocillopora spp,arana,,20/8/2022,8,2022,ago-2022,984.521,10,0,0,0,0,,Monica
DSCN1599,171,4,Guiri,,Pocillopora spp,arana,,20/8/2022,8,2022,ago-2022,770.322,8,0,0,0,0,,Monica
DSCN1603,171,5,Guiri,,Pocillopora spp,arana,,20/8/2022,8,2022,ago-2022,802.926,9,0,0,0,0,,Monica
DSCN1604,171,6,Guiri,,Pocillopora spp,arana,,20/8/2022,8,2022,ago-2022,764.775,10,0,0,0,0,,Monica
DSCN1605,171,7,Guiri,,Pocillopora spp,arana,,20/8/2022,8,2022,ago-2022,1859.289,13,0,0,0,0,,Monica
DSCN1623,172,1,Guiri,,Pocillopora spp,arana,,20/8/2022,8,2022,ago-2022,712.037,9,0,0,0,0,,Monica
DSCN1625,172,2,Guiri,,Pocillopora spp,arana,,20/8/2022,8,2022,ago-2022,961.084,10,0,0,0,0,,Monica
DSCN1626,172,3,Guiri,,Pocillopora spp,arana,,20/8/2022,8,2022,ago-2022,1079.968,11,0,0,0,0,,Monica
DSCN1627,172,4,Guiri,,Pocillopora spp,arana,,20/8/2022,8,2022,ago-2022,902.718,10,0,0,0,0,,Monica
DSCN1628,172,5,Guiri,,Pocillopora spp,arana,,20/8/2022,8,2022,ago-2022,921.363,9,0,0,0,0,,Monica
DSCN1629,172,6,Guiri,,Pocillopora spp,arana,,20/8/2022,8,2022,ago-2022,1041.601,11,0,0,0,0,,Monica
DSCN1630,172,7,Guiri,,Pocillopora spp,arana,,20/8/2022,8,2022,ago-2022,1695.778,19,0,0,0,0,,Monica
DSCN1587,175,1,Guiri,,Pocillopora spp,arana,,20/8/2022,8,2022,ago-2022,385.908,7,0,0,0,0,,Monica
DSCN1588,175,2,Guiri,,Pocillopora spp,arana,,20/8/2022,8,2022,ago-2022,1308.457,10,0,0,0,0,,Monica
DSCN1589,175,3,Guiri,,Pocillopora spp,arana,,20/8/2022,8,2022,ago-2022,1151.905,10,0,0,0,0,,Monica
DSCN1590,175,4,Guiri,,Pocillopora spp,arana,,20/8/2022,8,2022,ago-2022,857.197,8,0,0,0,0,,Monica
DSCN1591,175,5,Guiri,,Pocillopora spp,arana,,20/8/2022,8,2022,ago-2022,553.448,7,0,0,0,0,,Monica
DSCN1593,175,6,Guiri,,Pocillopora spp,arana,,20/8/2022,8,2022,ago-2022,451.049,8,0,0,0,0,,Monica
DSCN1594,175,7,Guiri,,Pocillopora spp,arana,,20/8/2022,8,2022,ago-2022,1070.863,10,1,0,0,0,Cubierto por algas,Monica
DSCN1560,76,1,Guiri,,Pocillopora spp,arana,,20/8/2022,8,2022,ago-2022,419.293,6,0,0,0,0,,Monica
DSCN1561,76,2,Guiri,,Pocillopora spp,arana,,20/8/2022,8,2022,ago-2022,351.089,5,0,0,0,0,,Monica
DSCN1562,76,3,Guiri,,Pocillopora spp,arana,,20/8/2022,8,2022,ago-2022,229.351,6,0,0,0,0,,Monica
DSCN1563,76,4,Guiri,,Pocillopora spp,arana,,20/8/2022,8,2022,ago-2022,386.778,5,0,0,0,0,,Monica
DSCN1564,76,5,Guiri,,Pocillopora spp,arana,,20/8/2022,8,2022,ago-2022,466.89,6,0,0,0,0,,Monica
DSCN1565,76,6,Guiri,,Pocillopora spp,arana,,20/8/2022,8,2022,ago-2022,294.688,5,0,1,0,0,,Monica
DSCN1566,76,7,Guiri,,Pocillopora spp,arana,,20/8/2022,8,2022,ago-2022,374.278,9,0,0,0,0,,Monica
DSCN1579,77,1,Guiri,,Pocillopora spp,arana,,20/8/2022,8,2022,ago-2022,266.763,6,0,0,0,0,,Monica
DSCN1580,77,2,Guiri,,Pocillopora spp,arana,,20/8/2022,8,2022,ago-2022,160.952,6,0,0,0,0,,Monica
DSCN1581,77,3,Guiri,,Pocillopora spp,arana,,20/8/2022,8,2022,ago-2022,351.4,6,0,0,0,0,,Monica
DSCN1582,77,4,Guiri,,Pocillopora spp,arana,,20/8/2022,8,2022,ago-2022,252.155,5,0,0,0,0,,Monica
DSCN1583,77,5,Guiri,,Pocillopora spp,arana,,20/8/2022,8,2022,ago-2022,400.458,5,0,0,0,0,,Monica
DSCN1584,77,6,Guiri,,Pocillopora spp,arana,,20/8/2022,8,2022,ago-2022,397.518,5,0,0,0,0,,Monica
DSCN1585,77,7,Guiri,,Pocillopora spp,arana,,20/8/2022,8,2022,ago-2022,624.909,10,0,0,0,0,,Monica
DSCN1568,87,1,Guiri,,Pocillopora spp,arana,,20/8/2022,8,2022,ago-2022,231.603,5,0,0,0,0,,Monica
DSCN1569,87,2,Guiri,,Pocillopora spp,arana,,20/8/2022,8,2022,ago-2022,269.198,5,0,0,0,0,,Monica
DSCN1570,87,3,Guiri,,Pocillopora spp,arana,,20/8/2022,8,2022,ago-2022,374.509,5,0,0,0,0,,Monica
DSCN1572,87,4,Guiri,,Pocillopora spp,arana,,20/8/2022,8,2022,ago-2022,196.81,6,0,0,0,0,,Monica
DSCN1573,87,5,Guiri,,Pocillopora spp,arana,,20/8/2022,8,2022,ago-2022,261.688,6,0,0,0,0,,Monica
DSCN1574,87,6,Guiri,,Pocillopora spp,arana,,20/8/2022,8,2022,ago-2022,458.37,5,0,0,0,0,,Monica
DSCN1575,87,7,Guiri,,Pocillopora spp,arana,,20/8/2022,8,2022,ago-2022,459.037,9,0,0,0,0,,Monica
DSCN1544,88,1,Guiri,,Pocillopora spp,arana,,20/8/2022,8,2022,ago-2022,257.671,5,0,0,0,0,,Monica
DSCN1545,88,2,Guiri,,Pocillopora spp,arana,,20/8/2022,8,2022,ago-2022,194.146,6,0,0,0,0,,Monica
DSCN1546,88,3,Guiri,,Pocillopora spp,arana,,20/8/2022,8,2022,ago-2022,368.911,6,0,0,0,0,,Monica
DSCN1547,88,4,Guiri,,Pocillopora spp,arana,,20/8/2022,8,2022,ago-2022,366.772,6,0,0,0,0,,Monica
DSCN1548,88,5,Guiri,,Pocillopora spp,arana,,20/8/2022,8,2022,ago-2022,270.26,6,0,0,0,0,,Monica
DSCN1549,88,6,Guiri,,Pocillopora spp,arana,,20/8/2022,8,2022,ago-2022,239.263,5,0,0,0,0,,Monica
DSCN1550,88,7,Guiri,,Pocillopora spp,arana,,20/8/2022,8,2022,ago-2022,660.641,11,0,0,0,0,,Monica
DSCN8763,169,1,Guiri,,Pocillopora spp,arana,,15/9/2022,9,2022,sep-2022,1030.22,11,0,0,0,0,,Monica
DSCN8764,169,2,Guiri,,Pocillopora spp,arana,,15/9/2022,9,2022,sep-2022,668.383,9,0,0,0,0,,Monica
DSCN8765,169,3,Guiri,,Pocillopora spp,arana,,15/9/2022,9,2022,sep-2022,845.605,11,0,0,0,0,,Monica
DSCN8766,169,4,Guiri,,Pocillopora spp,arana,,15/9/2022,9,2022,sep-2022,1123.897,12,0,0,0,0,,Monica
DSCN8767,169,5,Guiri,,Pocillopora spp,arana,,15/9/2022,9,2022,sep-2022,1043.881,10,0,0,0,0,,Monica
DSCN8768,169,6,Guiri,,Pocillopora spp,arana,,15/9/2022,9,2022,sep-2022,945.638,11,1,0,0,0,,Monica
DSCN8769,169,7,Guiri,,Pocillopora spp,arana,,15/9/2022,9,2022,sep-2022,2124.733,19,0,0,0,0,,Monica
DSCN8755,170,1,Guiri,,Pocillopora spp,arana,,15/9/2022,9,2022,sep-2022,NA,NA,NA,NA,NA,NA,,Monica
DSCN8756,170,2,Guiri,,Pocillopora spp,arana,,15/9/2022,9,2022,sep-2022,864.501,8,0,0,0,0,,Monica
DSCN8757,170,3,Guiri,,Pocillopora spp,arana,,15/9/2022,9,2022,sep-2022,975.224,7,0,0,0,0,,Monica
DSCN8758,170,4,Guiri,,Pocillopora spp,arana,,15/9/2022,9,2022,sep-2022,735.075,8,0,1,0,0,Cubierto por algas,Monica
DSCN8759,170,5,Guiri,,Pocillopora spp,arana,,15/9/2022,9,2022,sep-2022,752.301,8,0,0,0,0,,Monica
DSCN8760,170,6,Guiri,,Pocillopora spp,arana,,15/9/2022,9,2022,sep-2022,627.15,7,0,0,0,0,,Monica
DSCN8761,170,7,Guiri,,Pocillopora spp,arana,,15/9/2022,9,2022,sep-2022,1395.371,10,0,0,0,0,,Monica
DSCN8792,171,1,Guiri,,Pocillopora spp,arana,,15/9/2022,9,2022,sep-2022,781.245,10,0,0,0,0,,Monica
DSCN8793,171,2,Guiri,,Pocillopora spp,arana,,15/9/2022,9,2022,sep-2022,886.444,10,0,0,0,0,,Monica
DSCN8794,171,3,Guiri,,Pocillopora spp,arana,,15/9/2022,9,2022,sep-2022,806.246,10,0,0,0,0,,Monica
DSCN8795,171,4,Guiri,,Pocillopora spp,arana,,15/9/2022,9,2022,sep-2022,949.311,8,0,0,0,0,,Monica
DSCN8796,171,5,Guiri,,Pocillopora spp,arana,,15/9/2022,9,2022,sep-2022,916.633,9,0,0,0,0,,Monica
DSCN8797,171,6,Guiri,,Pocillopora spp,arana,,15/9/2022,9,2022,sep-2022,743.463,10,0,0,0,0,,Monica
DSCN8798,171,7,Guiri,,Pocillopora spp,arana,,15/9/2022,9,2022,sep-2022,2104.829,13,0,0,0,0,,Monica
DSCN8772,172,1,Guiri,,Pocillopora spp,arana,,15/9/2022,9,2022,sep-2022,935.319,9,0,0,0,0,,Monica
DSCN8774,172,2,Guiri,,Pocillopora spp,arana,,15/9/2022,9,2022,sep-2022,982.891,10,0,0,0,0,,Monica
DSCN8777,172,3,Guiri,,Pocillopora spp,arana,,15/9/2022,9,2022,sep-2022,1030.858,11,0,0,0,0,,Monica
DSCN8778,172,4,Guiri,,Pocillopora spp,arana,,15/9/2022,9,2022,sep-2022,1058.228,10,0,0,0,0,,Monica
DSCN8779,172,5,Guiri,,Pocillopora spp,arana,,15/9/2022,9,2022,sep-2022,1148.291,9,0,0,0,0,,Monica
DSCN8780,172,6,Guiri,,Pocillopora spp,arana,,15/9/2022,9,2022,sep-2022,1126.839,11,0,0,0,0,,Monica
DSCN8781,172,7,Guiri,,Pocillopora spp,arana,,15/9/2022,9,2022,sep-2022,1890.464,19,0,0,0,0,,Monica
DSCN8783,175,1,Guiri,,Pocillopora spp,arana,,15/9/2022,9,2022,sep-2022,632.422,7,0,0,0,0,,Monica
DSCN8784,175,2,Guiri,,Pocillopora spp,arana,,15/9/2022,9,2022,sep-2022,1325.985,10,0,0,0,0,,Monica
DSCN8786,175,3,Guiri,,Pocillopora spp,arana,,15/9/2022,9,2022,sep-2022,1152.816,10,0,0,0,0,,Monica
DSCN8787,175,4,Guiri,,Pocillopora spp,arana,,15/9/2022,9,2022,sep-2022,873.41,8,0,0,0,0,,Monica
DSCN8788,175,5,Guiri,,Pocillopora spp,arana,,15/9/2022,9,2022,sep-2022,587.741,7,0,0,0,0,,Monica
DSCN8789,175,6,Guiri,,Pocillopora spp,arana,,15/9/2022,9,2022,sep-2022,477.911,8,0,0,0,0,,Monica
DSCN8790,175,7,Guiri,,Pocillopora spp,arana,,15/9/2022,9,2022,sep-2022,1358.452,10,0,0,0,0,,Monica
DSCN8730,76,1,Guiri,,Pocillopora spp,arana,,15/9/2022,9,2022,sep-2022,434.449,6,0,0,0,0,,Monica
DSCN8731,76,2,Guiri,,Pocillopora spp,arana,,15/9/2022,9,2022,sep-2022,421.815,5,0,0,0,0,,Monica
DSCN8732,76,3,Guiri,,Pocillopora spp,arana,,15/9/2022,9,2022,sep-2022,246.983,6,0,0,0,0,,Monica
DSCN8733,76,4,Guiri,,Pocillopora spp,arana,,15/9/2022,9,2022,sep-2022,441.352,5,0,0,0,0,,Monica
DSCN8734,76,5,Guiri,,Pocillopora spp,arana,,15/9/2022,9,2022,sep-2022,548.84,6,0,0,0,0,,Monica
DSCN8735,76,6,Guiri,,Pocillopora spp,arana,,15/9/2022,9,2022,sep-2022,335.817,5,0,1,0,0,,Monica
DSCN8736,76,7,Guiri,,Pocillopora spp,arana,,15/9/2022,9,2022,sep-2022,501.264,9,0,0,0,0,,Monica
DSCN8738,77,1,Guiri,,Pocillopora spp,arana,,15/9/2022,9,2022,sep-2022,275.664,6,0,0,0,0,,Monica
DSCN8739,77,2,Guiri,,Pocillopora spp,arana,,15/9/2022,9,2022,sep-2022,129.9,6,0,0,0,0,,Monica
DSCN8740,77,3,Guiri,,Pocillopora spp,arana,,15/9/2022,9,2022,sep-2022,327.055,6,0,0,0,0,,Monica
DSCN8741,77,4,Guiri,,Pocillopora spp,arana,,15/9/2022,9,2022,sep-2022,258.116,5,0,0,0,0,,Monica
DSCN8742,77,5,Guiri,,Pocillopora spp,arana,,15/9/2022,9,2022,sep-2022,421.958,5,0,0,0,0,,Monica
DSCN8743,77,6,Guiri,,Pocillopora spp,arana,,15/9/2022,9,2022,sep-2022,434.41,5,0,0,0,0,,Monica
DSCN8744,77,7,Guiri,,Pocillopora spp,arana,,15/9/2022,9,2022,sep-2022,683.367,10,0,0,0,0,,Monica
DSCN8746,87,1,Guiri,,Pocillopora spp,arana,,15/9/2022,9,2022,sep-2022,276.042,5,0,0,0,0,,Monica
DSCN8747,87,2,Guiri,,Pocillopora spp,arana,,15/9/2022,9,2022,sep-2022,297.646,5,0,0,0,0,,Monica
DSCN8748,87,3,Guiri,,Pocillopora spp,arana,,15/9/2022,9,2022,sep-2022,427.958,5,0,0,0,0,,Monica
DSCN8749,87,4,Guiri,,Pocillopora spp,arana,,15/9/2022,9,2022,sep-2022,232.505,6,0,0,0,0,,Monica
DSCN8750,87,5,Guiri,,Pocillopora spp,arana,,15/9/2022,9,2022,sep-2022,369.98,6,0,0,0,0,,Monica
DSCN8751,87,6,Guiri,,Pocillopora spp,arana,,15/9/2022,9,2022,sep-2022,501.901,5,0,0,0,0,,Monica
DSCN8752,87,7,Guiri,,Pocillopora spp,arana,,15/9/2022,9,2022,sep-2022,506.707,9,0,0,0,0,,Monica
DSCN8721,88,1,Guiri,,Pocillopora spp,arana,,15/9/2022,9,2022,sep-2022,290.889,5,0,0,0,0,,Monica
DSCN8722,88,2,Guiri,,Pocillopora spp,arana,,15/9/2022,9,2022,sep-2022,238.702,6,0,0,0,0,,Monica
DSCN8723,88,3,Guiri,,Pocillopora spp,arana,,15/9/2022,9,2022,sep-2022,372.852,6,0,0,0,0,,Monica
DSCN8724,88,4,Guiri,,Pocillopora spp,arana,,15/9/2022,9,2022,sep-2022,410.827,6,0,0,0,0,,Monica
DSCN8725,88,5,Guiri,,Pocillopora spp,arana,,15/9/2022,9,2022,sep-2022,269.403,6,0,0,0,0,,Monica
DSCN8726,88,6,Guiri,,Pocillopora spp,arana,,15/9/2022,9,2022,sep-2022,237.767,5,0,0,0,0,,Monica
DSCN8727,88,7,Guiri,,Pocillopora spp,arana,,15/9/2022,9,2022,sep-2022,809.669,11,0,0,0,0,,Monica
DSCN9387,169,1,Guiri,,Pocillopora spp,arana,,21/10/2022,10,2022,oct-2022,1024.925,11,0,1,0,0,Cubierto por algas,Monica
DSCN9388,169,2,Guiri,,Pocillopora spp,arana,,21/10/2022,10,2022,oct-2022,788.532,10,0,1,0,0,Cubierto por algas,Monica
DSCN9389,169,3,Guiri,,Pocillopora spp,arana,,21/10/2022,10,2022,oct-2022,975.43,11,0,0,0,0,,Monica
DSCN9390,169,4,Guiri,,Pocillopora spp,arana,,21/10/2022,10,2022,oct-2022,1242.89,11,0,0,0,0,,Monica
DSCN9393,169,5,Guiri,,Pocillopora spp,arana,,21/10/2022,10,2022,oct-2022,1105.758,11,0,0,0,0,,Monica
DSCN9394,169,6,Guiri,,Pocillopora spp,arana,,21/10/2022,10,2022,oct-2022,976.481,9,0,1,0,0,Cubierto por algas,Monica
DSCN9396,169,7,Guiri,,Pocillopora spp,arana,,21/10/2022,10,2022,oct-2022,1760.441,15,0,0,0,0,,Monica
DSCN9379,170,1,Guiri,,Pocillopora spp,arana,,21/10/2022,10,2022,oct-2022,NA,NA,NA,NA,NA,NA,,Monica
DSCN9380,170,2,Guiri,,Pocillopora spp,arana,,21/10/2022,10,2022,oct-2022,891.158,7,0,0,0,0,,Monica
DSCN9381,170,3,Guiri,,Pocillopora spp,arana,,21/10/2022,10,2022,oct-2022,1002.507,8,0,0,0,0,,Monica
DSCN9382,170,4,Guiri,,Pocillopora spp,arana,,21/10/2022,10,2022,oct-2022,743.422,7,0,0,0,0,,Monica
DSCN9383,170,5,Guiri,,Pocillopora spp,arana,,21/10/2022,10,2022,oct-2022,786.43,6,0,0,0,0,,Monica
DSCN9384,170,6,Guiri,,Pocillopora spp,arana,,21/10/2022,10,2022,oct-2022,672.219,6,0,0,0,0,,Monica
DSCN9385,170,7,Guiri,,Pocillopora spp,arana,,21/10/2022,10,2022,oct-2022,1518.108,10,0,0,0,0,,Monica
DSCN9398,171,1,Guiri,,Pocillopora spp,arana,,21/10/2022,10,2022,oct-2022,802.705,9,0,0,0,0,,Monica
DSCN9399,171,2,Guiri,,Pocillopora spp,arana,,21/10/2022,10,2022,oct-2022,888.984,9,0,0,0,0,,Monica
DSCN9400,171,3,Guiri,,Pocillopora spp,arana,,21/10/2022,10,2022,oct-2022,833.816,6,0,0,0,0,,Monica
DSCN9401,171,4,Guiri,,Pocillopora spp,arana,,21/10/2022,10,2022,oct-2022,943.799,8,0,0,0,0,,Monica
DSCN9402,171,5,Guiri,,Pocillopora spp,arana,,21/10/2022,10,2022,oct-2022,869.803,9,0,0,0,0,,Monica
DSCN9403,171,6,Guiri,,Pocillopora spp,arana,,21/10/2022,10,2022,oct-2022,671.957,8,0,0,0,0,,Monica
DSCN9406,171,7,Guiri,,Pocillopora spp,arana,,21/10/2022,10,2022,oct-2022,1648.458,16,0,0,0,0,,Monica
DSCN9408,172,1,Guiri,,Pocillopora spp,arana,,21/10/2022,10,2022,oct-2022,754.413,8,0,0,0,0,,Monica
DSCN9409,172,2,Guiri,,Pocillopora spp,arana,,21/10/2022,10,2022,oct-2022,1002.205,9,0,0,0,0,,Monica
DSCN9410,172,3,Guiri,,Pocillopora spp,arana,,21/10/2022,10,2022,oct-2022,1143.739,9,0,0,0,0,,Monica
DSCN9411,172,4,Guiri,,Pocillopora spp,arana,,21/10/2022,10,2022,oct-2022,1144.796,8,0,0,0,0,,Monica
DSCN9412,172,5,Guiri,,Pocillopora spp,arana,,21/10/2022,10,2022,oct-2022,1132.856,10,0,0,0,0,,Monica
DSCN9413,172,6,Guiri,,Pocillopora spp,arana,,21/10/2022,10,2022,oct-2022,903.672,9,0,0,0,0,,Monica
DSCN9414,172,7,Guiri,,Pocillopora spp,arana,,21/10/2022,10,2022,oct-2022,2204.899,18,0,0,0,0,,Monica
DSCN9416,175,1,Guiri,,Pocillopora spp,arana,,21/10/2022,10,2022,oct-2022,378.188,7,0,0,1,0,,Monica
DSCN9417,175,2,Guiri,,Pocillopora spp,arana,,21/10/2022,10,2022,oct-2022,1372.109,10,0,0,0,0,,Monica
DSCN9418,175,3,Guiri,,Pocillopora spp,arana,,21/10/2022,10,2022,oct-2022,1078.451,10,0,0,0,0,,Monica
DSCN9419,175,4,Guiri,,Pocillopora spp,arana,,21/10/2022,10,2022,oct-2022,892.994,8,0,0,1,0,,Monica
DSCN9420,175,5,Guiri,,Pocillopora spp,arana,,21/10/2022,10,2022,oct-2022,599.267,6,0,0,0,0,,Monica
DSCN9421,175,6,Guiri,,Pocillopora spp,arana,,21/10/2022,10,2022,oct-2022,415.496,8,0,0,0,0,,Monica
DSCN9422,175,7,Guiri,,Pocillopora spp,arana,,21/10/2022,10,2022,oct-2022,1393.787,10,0,0,0,0,,Monica
DSCN9358,76,1,Guiri,,Pocillopora spp,arana,,21/10/2022,10,2022,oct-2022,507.864,6,0,0,0,0,,Monica
DSCN9360,76,2,Guiri,,Pocillopora spp,arana,,21/10/2022,10,2022,oct-2022,464.436,5,0,0,0,0,,Monica
DSCN9361,76,3,Guiri,,Pocillopora spp,arana,,21/10/2022,10,2022,oct-2022,289.913,6,0,0,0,0,,Monica
DSCN9362,76,4,Guiri,,Pocillopora spp,arana,,21/10/2022,10,2022,oct-2022,538.228,5,0,0,0,0,,Monica
DSCN9364,76,5,Guiri,,Pocillopora spp,arana,,21/10/2022,10,2022,oct-2022,666.104,6,0,0,0,0,,Monica
DSCN9365,76,6,Guiri,,Pocillopora spp,arana,,21/10/2022,10,2022,oct-2022,368.52,5,0,1,0,0,,Monica
NA,76,7,Guiri,,Pocillopora spp,arana,,21/10/2022,10,2022,oct-2022,NA,NA,NA,NA,NA,NA,,Monica
DSCN9367,77,1,Guiri,,Pocillopora spp,arana,,21/10/2022,10,2022,oct-2022,337.254,6,0,0,0,0,,Monica
DSCN9368,77,2,Guiri,,Pocillopora spp,arana,,21/10/2022,10,2022,oct-2022,154.317,6,0,0,0,0,,Monica
DSCN9369,77,3,Guiri,,Pocillopora spp,arana,,21/10/2022,10,2022,oct-2022,251.929,6,0,0,0,0,,Monica
DSCN9370,77,4,Guiri,,Pocillopora spp,arana,,21/10/2022,10,2022,oct-2022,313.927,5,0,0,0,0,,Monica
DSCN9371,77,5,Guiri,,Pocillopora spp,arana,,21/10/2022,10,2022,oct-2022,479.943,5,0,0,0,0,,Monica
DSCN9372,77,6,Guiri,,Pocillopora spp,arana,,21/10/2022,10,2022,oct-2022,446.94,5,0,0,0,0,,Monica
DSCN9373,77,7,Guiri,,Pocillopora spp,arana,,21/10/2022,10,2022,oct-2022,741.091,10,0,0,0,0,,Monica
DSCN9342,87,1,Guiri,,Pocillopora spp,arana,,21/10/2022,10,2022,oct-2022,310.355,5,0,0,0,0,,Monica
DSCN9343,87,2,Guiri,,Pocillopora spp,arana,,21/10/2022,10,2022,oct-2022,337.607,5,0,0,0,0,,Monica
DSCN9344,87,3,Guiri,,Pocillopora spp,arana,,21/10/2022,10,2022,oct-2022,524.298,5,0,0,0,0,,Monica
DSCN9345,87,4,Guiri,,Pocillopora spp,arana,,21/10/2022,10,2022,oct-2022,245.763,6,0,0,0,0,,Monica
DSCN9346,87,5,Guiri,,Pocillopora spp,arana,,21/10/2022,10,2022,oct-2022,362.566,6,0,0,0,0,,Monica
DSCN9347,87,6,Guiri,,Pocillopora spp,arana,,21/10/2022,10,2022,oct-2022,436.352,5,0,0,0,0,,Monica
DSCN9348,87,7,Guiri,,Pocillopora spp,arana,,21/10/2022,10,2022,oct-2022,685.334,9,0,0,0,0,,Monica
DSCN9350,88,1,Guiri,,Pocillopora spp,arana,,21/10/2022,10,2022,oct-2022,329.405,5,0,0,0,0,,Monica
DSCN9351,88,2,Guiri,,Pocillopora spp,arana,,21/10/2022,10,2022,oct-2022,277.655,6,0,0,0,0,,Monica
DSCN9352,88,3,Guiri,,Pocillopora spp,arana,,21/10/2022,10,2022,oct-2022,450.408,6,0,0,0,0,,Monica
DSCN9353,88,4,Guiri,,Pocillopora spp,arana,,21/10/2022,10,2022,oct-2022,501.827,6,0,0,0,0,,Monica
DSCN9354,88,5,Guiri,,Pocillopora spp,arana,,21/10/2022,10,2022,oct-2022,377.669,6,0,0,0,0,,Monica
DSCN9355,88,6,Guiri,,Pocillopora spp,arana,,21/10/2022,10,2022,oct-2022,294.143,5,0,0,0,0,,Monica
DSCN9356,88,7,Guiri,,Pocillopora spp,arana,,21/10/2022,10,2022,oct-2022,886.04,11,0,0,0,0,,Monica
DSCN9813,169,1,Guiri,,Pocillopora spp,arana,,25/11/2022,11,2022,nov-2022,1205.378,11,0,0,0,0,,Monica
DSCN9814,169,2,Guiri,,Pocillopora spp,arana,,25/11/2022,11,2022,nov-2022,853.166,9,0,0,1,0,,Monica
DSCN9815,169,3,Guiri,,Pocillopora spp,arana,,25/11/2022,11,2022,nov-2022,1119.322,11,0,0,0,0,,Monica
DSCN9816,169,4,Guiri,,Pocillopora spp,arana,,25/11/2022,11,2022,nov-2022,1282.664,11,0,0,0,0,,Monica
DSCN9817,169,5,Guiri,,Pocillopora spp,arana,,25/11/2022,11,2022,nov-2022,1006.654,10,0,0,0,0,,Monica
DSCN9818,169,6,Guiri,,Pocillopora spp,arana,,25/11/2022,11,2022,nov-2022,900.155,11,0,1,0,0,Cubierto por algas,Monica
DSCN9819,169,7,Guiri,,Pocillopora spp,arana,,25/11/2022,11,2022,nov-2022,2082.622,19,0,0,0,0,,Monica
DSCN9804,170,1,Guiri,,Pocillopora spp,arana,,25/11/2022,11,2022,nov-2022,NA,NA,NA,NA,NA,NA,,Monica
DSCN9805,170,2,Guiri,,Pocillopora spp,arana,,25/11/2022,11,2022,nov-2022,803.955,8,0,0,0,0,,Monica
DSCN9806,170,3,Guiri,,Pocillopora spp,arana,,25/11/2022,11,2022,nov-2022,844.2,7,0,0,0,0,,Monica
DSCN9807,170,4,Guiri,,Pocillopora spp,arana,,25/11/2022,11,2022,nov-2022,768.493,8,0,0,0,0,,Monica
DSCN9808,170,5,Guiri,,Pocillopora spp,arana,,25/11/2022,11,2022,nov-2022,1049.889,8,0,0,0,0,,Monica
DSCN9810,170,6,Guiri,,Pocillopora spp,arana,,25/11/2022,11,2022,nov-2022,1102.045,7,0,0,0,0,,Monica
DSCN9811,170,7,Guiri,,Pocillopora spp,arana,,25/11/2022,11,2022,nov-2022,1412.055,10,0,0,0,0,,Monica
DSCN9821,171,1,Guiri,,Pocillopora spp,arana,,25/11/2022,11,2022,nov-2022,857.908,10,0,0,0,0,,Monica
DSCN9822,171,2,Guiri,,Pocillopora spp,arana,,25/11/2022,11,2022,nov-2022,708.751,10,0,0,0,0,,Monica
DSCN9823,171,3,Guiri,,Pocillopora spp,arana,,25/11/2022,11,2022,nov-2022,916.714,10,0,0,0,0,,Monica
DSCN9824,171,4,Guiri,,Pocillopora spp,arana,,25/11/2022,11,2022,nov-2022,1075.53,8,0,0,0,0,,Monica
DSCN9825,171,5,Guiri,,Pocillopora spp,arana,,25/11/2022,11,2022,nov-2022,907.416,9,0,0,0,0,,Monica
DSCN9826,171,6,Guiri,,Pocillopora spp,arana,,25/11/2022,11,2022,nov-2022,987.617,10,0,0,0,0,,Monica
DSCN9827,171,7,Guiri,,Pocillopora spp,arana,,25/11/2022,11,2022,nov-2022,1772.565,13,0,0,0,0,,Monica
DSCN9829,172,1,Guiri,,Pocillopora spp,arana,,25/11/2022,11,2022,nov-2022,815.383,9,0,0,1,0,,Monica
DSCN9830,172,2,Guiri,,Pocillopora spp,arana,,25/11/2022,11,2022,nov-2022,1030.947,10,0,0,0,0,,Monica
DSCN9833,172,3,Guiri,,Pocillopora spp,arana,,25/11/2022,11,2022,nov-2022,1013.89,11,0,0,0,0,,Monica
DSCN9834,172,4,Guiri,,Pocillopora spp,arana,,25/11/2022,11,2022,nov-2022,931.674,10,0,0,0,0,,Monica
DSCN9835,172,5,Guiri,,Pocillopora spp,arana,,25/11/2022,11,2022,nov-2022,1054.541,9,0,0,0,0,,Monica
DSCN9836,172,6,Guiri,,Pocillopora spp,arana,,25/11/2022,11,2022,nov-2022,1140.363,11,0,0,0,0,,Monica
DSCN9837,172,7,Guiri,,Pocillopora spp,arana,,25/11/2022,11,2022,nov-2022,1865.553,19,0,0,0,0,,Monica
DSCN9794,175,1,Guiri,,Pocillopora spp,arana,,25/11/2022,11,2022,nov-2022,430.139,7,0,0,1,0,,Monica
DSCN9795,175,2,Guiri,,Pocillopora spp,arana,,25/11/2022,11,2022,nov-2022,436.907,10,0,0,0,0,,Monica
DSCN9798,175,3,Guiri,,Pocillopora spp,arana,,25/11/2022,11,2022,nov-2022,496.919,10,0,0,1,0,2 pequenos fragmentos en el suelo,Monica
DSCN9799,175,4,Guiri,,Pocillopora spp,arana,,25/11/2022,11,2022,nov-2022,716.873,8,0,0,0,0,,Monica
DSCN9800,175,5,Guiri,,Pocillopora spp,arana,,25/11/2022,11,2022,nov-2022,1016.296,7,0,0,0,0,,Monica
DSCN9801,175,6,Guiri,,Pocillopora spp,arana,,25/11/2022,11,2022,nov-2022,1313.459,8,0,0,0,0,,Monica
DSCN9802,175,7,Guiri,,Pocillopora spp,arana,,25/11/2022,11,2022,nov-2022,1667.466,10,0,0,0,0,,Monica
DSCN9772,76,1,Guiri,,Pocillopora spp,arana,,25/11/2022,11,2022,nov-2022,524.23,5,0,0,0,0,,Monica
DSCN9773,76,2,Guiri,,Pocillopora spp,arana,,25/11/2022,11,2022,nov-2022,425.785,5,0,1,0,0,,Monica
DSCN9774,76,3,Guiri,,Pocillopora spp,arana,,25/11/2022,11,2022,nov-2022,707.143,4,0,0,0,0,,Monica
DSCN9775,76,4,Guiri,,Pocillopora spp,arana,,25/11/2022,11,2022,nov-2022,574.247,6,0,0,0,0,,Monica
DSCN9776,76,5,Guiri,,Pocillopora spp,arana,,25/11/2022,11,2022,nov-2022,338.454,7,0,0,0,0,,Monica
DSCN9777,76,6,Guiri,,Pocillopora spp,arana,,25/11/2022,11,2022,nov-2022,654.97,5,0,0,0,0,,Monica
DSCN9778,76,7,Guiri,,Pocillopora spp,arana,,25/11/2022,11,2022,nov-2022,764.578,5,0,0,0,0,,Monica
DSCN9783,77,1,Guiri,,Pocillopora spp,arana,,25/11/2022,11,2022,nov-2022,382.105,5,0,0,0,0,,Monica
DSCN9784,77,2,Guiri,,Pocillopora spp,arana,,25/11/2022,11,2022,nov-2022,574.875,7,0,0,0,0,,Monica
DSCN9785,77,3,Guiri,,Pocillopora spp,arana,,25/11/2022,11,2022,nov-2022,595.328,6,0,0,0,0,,Monica
DSCN9786,77,4,Guiri,,Pocillopora spp,arana,,25/11/2022,11,2022,nov-2022,355.252,4,0,0,0,0,,Monica
DSCN9787,77,5,Guiri,,Pocillopora spp,arana,,25/11/2022,11,2022,nov-2022,448.756,4,0,0,0,0,,Monica
DSCN9788,77,6,Guiri,,Pocillopora spp,arana,,25/11/2022,11,2022,nov-2022,183.051,3,0,0,0,0,,Monica
DSCN9789,77,7,Guiri,,Pocillopora spp,arana,,25/11/2022,11,2022,nov-2022,746.653,9,0,0,0,0,,Monica
DSCN9750,87,1,Guiri,,Pocillopora spp,arana,,25/11/2022,11,2022,nov-2022,328.941,4,0,0,0,0,,Monica
DSCN9751,87,2,Guiri,,Pocillopora spp,arana,,25/11/2022,11,2022,nov-2022,506.501,5,0,0,0,0,,Monica
DSCN9752,87,3,Guiri,,Pocillopora spp,arana,,25/11/2022,11,2022,nov-2022,434.839,5,0,0,0,0,,Monica
DSCN9755,87,4,Guiri,,Pocillopora spp,arana,,25/11/2022,11,2022,nov-2022,287.656,4,0,0,0,0,,Monica
DSCN9756,87,5,Guiri,,Pocillopora spp,arana,,25/11/2022,11,2022,nov-2022,485.2,6,0,0,0,0,,Monica
DSCN9757,87,6,Guiri,,Pocillopora spp,arana,,25/11/2022,11,2022,nov-2022,363.623,4,0,0,0,0,,Monica
DSCN9758,87,7,Guiri,,Pocillopora spp,arana,,25/11/2022,11,2022,nov-2022,813.47,7,0,0,0,0,,Monica
DSCN9761,88,1,Guiri,,Pocillopora spp,arana,,25/11/2022,11,2022,nov-2022,403.189,5,0,0,0,0,,Monica
DSCN9763,88,2,Guiri,,Pocillopora spp,arana,,25/11/2022,11,2022,nov-2022,285.792,6,0,0,0,0,,Monica
DSCN9764,88,3,Guiri,,Pocillopora spp,arana,,25/11/2022,11,2022,nov-2022,411.699,6,0,0,0,0,,Monica
DSCN9765,88,4,Guiri,,Pocillopora spp,arana,,25/11/2022,11,2022,nov-2022,572.546,6,0,0,0,0,,Monica
DSCN9766,88,5,Guiri,,Pocillopora spp,arana,,25/11/2022,11,2022,nov-2022,548.772,5,0,0,0,0,,Monica
DSCN9767,88,6,Guiri,,Pocillopora spp,arana,,25/11/2022,11,2022,nov-2022,291.175,5,0,0,0,0,,Monica
DSCN9769,88,7,Guiri,,Pocillopora spp,arana,,25/11/2022,11,2022,nov-2022,1270.024,10,0,0,0,0,,Monica
DSCN0662,169,1,Guiri,,Pocillopora spp,arana,,17/12/2022,12,2022,dic-2022,NA,11,NA,NA,NA,NA,No se encuentra la foto,Monica
DSCN0663,169,2,Guiri,,Pocillopora spp,arana,,17/12/2022,12,2022,dic-2022,1189.599,9,0,1,0,0, Cubierto por algas,Monica
DSCN0664,169,3,Guiri,,Pocillopora spp,arana,,17/12/2022,12,2022,dic-2022,972.191,11,0,0,0,0,,Monica
DSCN0665,169,4,Guiri,,Pocillopora spp,arana,,17/12/2022,12,2022,dic-2022,1204.313,12,0,0,0,0,,Monica
DSCN0666,169,5,Guiri,,Pocillopora spp,arana,,17/12/2022,12,2022,dic-2022,1182.291,10,0,0,0,0,,Monica
DSCN0667,169,6,Guiri,,Pocillopora spp,arana,,17/12/2022,12,2022,dic-2022,995.703,11,0,0,0,0,,Monica
DSCN0668,169,7,Guiri,,Pocillopora spp,arana,,17/12/2022,12,2022,dic-2022,2320.599,19,0,0,0,0,,Monica
DSCN0673,170,1,Guiri,,Pocillopora spp,arana,,17/12/2022,12,2022,dic-2022,NA,NA,NA,NA,NA,NA,,Monica
DSCN0675,170,2,Guiri,,Pocillopora spp,arana,,17/12/2022,12,2022,dic-2022,1213.451,8,0,0,0,0,,Monica
DSCN0677,170,3,Guiri,,Pocillopora spp,arana,,17/12/2022,12,2022,dic-2022,1089.338,7,0,1,0,0, Cubierto por algas,Monica
DSCN0678,170,4,Guiri,,Pocillopora spp,arana,,17/12/2022,12,2022,dic-2022,867.31,8,0,0,0,0,,Monica
DSCN0681,170,5,Guiri,,Pocillopora spp,arana,,17/12/2022,12,2022,dic-2022,861.651,8,0,0,0,0,,Monica
DSCN0682,170,6,Guiri,,Pocillopora spp,arana,,17/12/2022,12,2022,dic-2022,807.357,7,0,0,0,0,,Monica
DSCN0683,170,7,Guiri,,Pocillopora spp,arana,,17/12/2022,12,2022,dic-2022,1547.307,10,0,0,0,0,,Monica
DSCN0686,171,1,Guiri,,Pocillopora spp,arana,,17/12/2022,12,2022,dic-2022,991.185,10,0,0,1,0,Fragmento cubierto por algas en el suelo,Monica
DSCN0691,171,2,Guiri,,Pocillopora spp,arana,,17/12/2022,12,2022,dic-2022,1014.22,10,0,0,0,0,,Monica
DSCN0693,171,3,Guiri,,Pocillopora spp,arana,,17/12/2022,12,2022,dic-2022,988.604,10,0,0,0,0,,Monica
DSCN0694,171,4,Guiri,,Pocillopora spp,arana,,17/12/2022,12,2022,dic-2022,1148.208,8,0,0,0,0,,Monica
DSCN0695,171,5,Guiri,,Pocillopora spp,arana,,17/12/2022,12,2022,dic-2022,976.516,9,0,0,0,0,,Monica
DSCN0696,171,6,Guiri,,Pocillopora spp,arana,,17/12/2022,12,2022,dic-2022,810.406,10,0,0,0,0,,Monica
DSCN0700,171,7,Guiri,,Pocillopora spp,arana,,17/12/2022,12,2022,dic-2022,2015.13,13,0,0,0,0,,Monica
DSCN0702,172,1,Guiri,,Pocillopora spp,arana,,17/12/2022,12,2022,dic-2022,891.142,9,0,0,0,0,,Monica
DSCN0703,172,2,Guiri,,Pocillopora spp,arana,,17/12/2022,12,2022,dic-2022,1083.532,10,0,0,0,0,,Monica
DSCN0704,172,3,Guiri,,Pocillopora spp,arana,,17/12/2022,12,2022,dic-2022,1311.951,11,0,0,0,0,,Monica
DSCN0705,172,4,Guiri,,Pocillopora spp,arana,,17/12/2022,12,2022,dic-2022,980.832,10,0,0,0,0,,Monica
DSCN0706,172,5,Guiri,,Pocillopora spp,arana,,17/12/2022,12,2022,dic-2022,1151.427,9,0,0,0,0,,Monica
DSCN0707,172,6,Guiri,,Pocillopora spp,arana,,17/12/2022,12,2022,dic-2022,685.178,11,0,0,0,0,,Monica
DSCN0709,172,7,Guiri,,Pocillopora spp,arana,,17/12/2022,12,2022,dic-2022,1526.833,19,0,0,0,0,,Monica
DSCN0711,175,1,Guiri,,Pocillopora spp,arana,,17/12/2022,12,2022,dic-2022,448.864,7,0,0,1,0,Fragmento en el suelo,Monica
DSCN0712,175,2,Guiri,,Pocillopora spp,arana,,17/12/2022,12,2022,dic-2022,1090.755,10,0,0,0,0,,Monica
DSCN0714,175,3,Guiri,,Pocillopora spp,arana,,17/12/2022,12,2022,dic-2022,1142.721,10,0,0,0,0,,Monica
DSCN0715,175,4,Guiri,,Pocillopora spp,arana,,17/12/2022,12,2022,dic-2022,934.011,8,0,0,0,0,,Monica
DSCN0716,175,5,Guiri,,Pocillopora spp,arana,,17/12/2022,12,2022,dic-2022,449.979,7,0,0,0,0,,Monica
DSCN0718,175,6,Guiri,,Pocillopora spp,arana,,17/12/2022,12,2022,dic-2022,452.892,8,0,0,0,0,,Monica
DSCN0719,175,7,Guiri,,Pocillopora spp,arana,,17/12/2022,12,2022,dic-2022,1375.229,10,0,0,0,0,,Monica
DSCN0722,76,1,Guiri,,Pocillopora spp,arana,,17/12/2022,12,2022,dic-2022,538.693,5,0,0,0,0,,Monica
DSCN0723,76,2,Guiri,,Pocillopora spp,arana,,17/12/2022,12,2022,dic-2022,636.747,5,0,0,0,0,Imagen cortada,Monica
DSCN0724,76,3,Guiri,,Pocillopora spp,arana,,17/12/2022,12,2022,dic-2022,626.263,4,0,0,0,0,,Monica
DSCN0725,76,4,Guiri,,Pocillopora spp,arana,,17/12/2022,12,2022,dic-2022,347.274,6,0,0,0,0,,Monica
DSCN0726,76,5,Guiri,,Pocillopora spp,arana,,17/12/2022,12,2022,dic-2022,545.256,7,0,0,0,0,,Monica
DSCN0727,76,6,Guiri,,Pocillopora spp,arana,,17/12/2022,12,2022,dic-2022,788.591,5,0,0,0,0,,Monica
DSCN0728,76,7,Guiri,,Pocillopora spp,arana,,17/12/2022,12,2022,dic-2022,612.931,5,0,0,0,0,,Monica
DSCN0730,77,1,Guiri,,Pocillopora spp,arana,,17/12/2022,12,2022,dic-2022,391.498,5,0,0,0,0,,Monica
DSCN0731,77,2,Guiri,,Pocillopora spp,arana,,17/12/2022,12,2022,dic-2022,190.605,7,0,0,0,0,,Monica
DSCN0733,77,3,Guiri,,Pocillopora spp,arana,,17/12/2022,12,2022,dic-2022,346.514,6,0,0,0,0,,Monica
DSCN0734,77,4,Guiri,,Pocillopora spp,arana,,17/12/2022,12,2022,dic-2022,449.727,4,0,0,0,0,,Monica
DSCN0735,77,5,Guiri,,Pocillopora spp,arana,,17/12/2022,12,2022,dic-2022,735.828,4,0,0,0,0,,Monica
DSCN0736,77,6,Guiri,,Pocillopora spp,arana,,17/12/2022,12,2022,dic-2022,706.608,3,0,0,0,0,,Monica
DSCN0737,77,7,Guiri,,Pocillopora spp,arana,,17/12/2022,12,2022,dic-2022,914.309,9,0,0,0,0,,Monica
DSCN0754,87,1,Guiri,,Pocillopora spp,arana,,17/12/2022,12,2022,dic-2022,344.608,4,0,0,0,0,,Monica
DSCN0755,87,2,Guiri,,Pocillopora spp,arana,,17/12/2022,12,2022,dic-2022,367.135,5,0,0,0,0,,Monica
DSCN0760,87,3,Guiri,,Pocillopora spp,arana,,17/12/2022,12,2022,dic-2022,599.664,5,0,0,0,0,,Monica
DSCN0762,87,4,Guiri,,Pocillopora spp,arana,,17/12/2022,12,2022,dic-2022,324.304,4,0,0,0,0,,Monica
DSCN0763,87,5,Guiri,,Pocillopora spp,arana,,17/12/2022,12,2022,dic-2022,456.99,6,0,0,0,0,,Monica
DSCN0764,87,6,Guiri,,Pocillopora spp,arana,,17/12/2022,12,2022,dic-2022,557.803,4,0,0,0,0,,Monica
DSCN0765,87,7,Guiri,,Pocillopora spp,arana,,17/12/2022,12,2022,dic-2022,740.034,7,0,0,0,0,,Monica
DSCN0742,88,1,Guiri,,Pocillopora spp,arana,,17/12/2022,12,2022,dic-2022,371.017,5,0,0,0,0,,Monica
DSCN0743,88,2,Guiri,,Pocillopora spp,arana,,17/12/2022,12,2022,dic-2022,311.824,6,0,0,0,0,,Monica
DSCN0744,88,3,Guiri,,Pocillopora spp,arana,,17/12/2022,12,2022,dic-2022,581.617,6,0,0,0,0,,Monica
DSCN0745,88,4,Guiri,,Pocillopora spp,arana,,17/12/2022,12,2022,dic-2022,605.216,6,0,0,0,0,,Monica
DSCN0746,88,5,Guiri,,Pocillopora spp,arana,,17/12/2022,12,2022,dic-2022,439.338,5,0,0,0,0,,Monica
DSCN0750,88,6,Guiri,,Pocillopora spp,arana,,17/12/2022,12,2022,dic-2022,279.171,5,0,0,0,0,,Monica
DSCN0751,88,7,Guiri,,Pocillopora spp,arana,,17/12/2022,12,2022,dic-2022,1162.959,10,0,0,0,0,,Monica
DSCN0999,169,1,Guiri,,Pocillopora spp,arana,,26/1/23,1,2023,ene-23,1117.095,11,0,0,0,3,Parte inferior estaba enterrada,Monica
DSCN1000,169,2,Guiri,,Pocillopora spp,arana,,26/1/23,1,2023,ene-23,1243.093,9,2,0,0,0,,Monica
DSCN1001,169,3,Guiri,,Pocillopora spp,arana,,26/1/23,1,2023,ene-23,1279.144,11,0,0,0,0,,Monica
DSCN1002,169,4,Guiri,,Pocillopora spp,arana,,26/1/23,1,2023,ene-23,1149.704,12,0,0,0,0,,Monica
DSCN1003,169,5,Guiri,,Pocillopora spp,arana,,26/1/23,1,2023,ene-23,1066.651,10,0,0,0,0,,Monica
DSCN1004,169,6,Guiri,,Pocillopora spp,arana,,26/1/23,1,2023,ene-23,1156.326,11,0,0,0,0,,Monica
DSCN1005,169,7,Guiri,,Pocillopora spp,arana,,26/1/23,1,2023,ene-23,2126.638,19,0,0,0,0,,Monica
DSCN0990,170,1,Guiri,,Pocillopora spp,arana,,26/1/23,1,2023,ene-23,NA,NA,NA,NA,NA,NA,,Monica
DSCN0991,170,2,Guiri,,Pocillopora spp,arana,,26/1/23,1,2023,ene-23,716.379,8,0,0,0,0,,Monica
DSCN0992,170,3,Guiri,,Pocillopora spp,arana,,26/1/23,1,2023,ene-23,836.814,7,0,0,0,0,,Monica
DSCN0993,170,4,Guiri,,Pocillopora spp,arana,,26/1/23,1,2023,ene-23,888.281,8,0,0,0,0,,Monica
DSCN0994,170,5,Guiri,,Pocillopora spp,arana,,26/1/23,1,2023,ene-23,974.599,8,0,0,0,0,,Monica
DSCN0995,170,6,Guiri,,Pocillopora spp,arana,,26/1/23,1,2023,ene-23,1233.424,7,0,0,0,0,,Monica
DSCN0996,170,7,Guiri,,Pocillopora spp,arana,,26/1/23,1,2023,ene-23,1548.419,10,0,0,0,0,,Monica
DSCN0982,171,1,Guiri,,Pocillopora spp,arana,,26/1/23,1,2023,ene-23,894.3,10,0,1,0,0,,Monica
DSCN0983,171,2,Guiri,,Pocillopora spp,arana,,26/1/23,1,2023,ene-23,767.994,10,0,0,0,0,,Monica
DSCN0984,171,3,Guiri,,Pocillopora spp,arana,,26/1/23,1,2023,ene-23,800.315,10,0,0,0,0,,Monica
DSCN0985,171,4,Guiri,,Pocillopora spp,arana,,26/1/23,1,2023,ene-23,1054.706,8,0,0,0,0,,Monica
DSCN0986,171,5,Guiri,,Pocillopora spp,arana,,26/1/23,1,2023,ene-23,946.041,9,0,0,0,0,,Monica
DSCN0987,171,6,Guiri,,Pocillopora spp,arana,,26/1/23,1,2023,ene-23,1003.077,10,0,0,0,0,,Monica
DSCN0988,171,7,Guiri,,Pocillopora spp,arana,,26/1/23,1,2023,ene-23,1742.249,13,0,0,0,0,,Monica
DSCN0973,172,1,Guiri,,Pocillopora spp,arana,,26/1/23,1,2023,ene-23,902.386,9,0,0,0,0,,Monica
DSCN0974,172,2,Guiri,,Pocillopora spp,arana,,26/1/23,1,2023,ene-23,957.968,10,0,0,0,0,,Monica
DSCN0975,172,3,Guiri,,Pocillopora spp,arana,,26/1/23,1,2023,ene-23,1157.752,11,0,0,0,0,,Monica
DSCN0976,172,4,Guiri,,Pocillopora spp,arana,,26/1/23,1,2023,ene-23,1138.714,10,0,0,0,0,,Monica
DSCN0978,172,5,Guiri,,Pocillopora spp,arana,,26/1/23,1,2023,ene-23,1187.717,9,0,0,0,0,,Monica
DSCN0979,172,6,Guiri,,Pocillopora spp,arana,,26/1/23,1,2023,ene-23,1292.216,11,0,0,0,0,,Monica
DSCN0980,172,7,Guiri,,Pocillopora spp,arana,,26/1/23,1,2023,ene-23,2193.325,19,0,0,0,0,,Monica
DSCN0965,175,1,Guiri,,Pocillopora spp,arana,,26/1/23,1,2023,ene-23,330.038,7,0,0,1,0,,Monica
DSCN0966,175,2,Guiri,,Pocillopora spp,arana,,26/1/23,1,2023,ene-23,573.118,9,0,0,0,0,,Monica
DSCN0967,175,3,Guiri,,Pocillopora spp,arana,,26/1/23,1,2023,ene-23,468.977,7,0,0,0,0,,Monica
DSCN0968,175,4,Guiri,,Pocillopora spp,arana,,26/1/23,1,2023,ene-23,835.364,8,0,0,0,0,,Monica
DSCN0969,175,5,Guiri,,Pocillopora spp,arana,,26/1/23,1,2023,ene-23,1071.877,10,0,0,0,0,,Monica
DSCN0970,175,6,Guiri,,Pocillopora spp,arana,,26/1/23,1,2023,ene-23,1514.718,11,0,0,0,0,,Monica
DSCN0971,175,7,Guiri,,Pocillopora spp,arana,,26/1/23,1,2023,ene-23,1654.801,10,0,0,0,0,,Monica
DSCN1015,76,1,Guiri,,Pocillopora spp,arana,,26/1/23,1,2023,ene-23,437.005,5,0,0,0,0,,Monica
DSCN1016,76,2,Guiri,,Pocillopora spp,arana,,26/1/23,1,2023,ene-23,186.418,5,0,0,0,0,,Monica
DSCN1017,76,3,Guiri,,Pocillopora spp,arana,,26/1/23,1,2023,ene-23,445.064,4,0,0,0,0,,Monica
DSCN1018,76,4,Guiri,,Pocillopora spp,arana,,26/1/23,1,2023,ene-23,559.631,6,0,0,0,0,,Monica
DSCN1019,76,5,Guiri,,Pocillopora spp,arana,,26/1/23,1,2023,ene-23,319.317,7,0,0,0,0,,Monica
DSCN1020,76,6,Guiri,,Pocillopora spp,arana,,26/1/23,1,2023,ene-23,473.156,5,0,0,0,0,,Monica
DSCN1021,76,7,Guiri,,Pocillopora spp,arana,,26/1/23,1,2023,ene-23,282.519,5,0,0,0,0,,Monica
DSCN1007,77,1,Guiri,,Pocillopora spp,arana,,26/1/23,1,2023,ene-23,374.689,5,0,0,0,0,,Monica
DSCN1008,77,2,Guiri,,Pocillopora spp,arana,,26/1/23,1,2023,ene-23,432.814,7,0,0,0,1,,Monica
DSCN1009,77,3,Guiri,,Pocillopora spp,arana,,26/1/23,1,2023,ene-23,656.237,6,0,0,0,1,,Monica
DSCN1010,77,4,Guiri,,Pocillopora spp,arana,,26/1/23,1,2023,ene-23,442.567,4,0,0,0,0,,Monica
DSCN1011,77,5,Guiri,,Pocillopora spp,arana,,26/1/23,1,2023,ene-23,401.911,4,0,0,0,0,,Monica
DSCN1012,77,6,Guiri,,Pocillopora spp,arana,,26/1/23,1,2023,ene-23,231.803,3,0,0,0,0,,Monica
DSCN1013,77,7,Guiri,,Pocillopora spp,arana,,26/1/23,1,2023,ene-23,779.974,9,0,0,0,2,,Monica
DSCN1023,87,1,Guiri,,Pocillopora spp,arana,,26/1/23,1,2023,ene-23,353.758,4,0,0,0,0,,Monica
DSCN1024,87,2,Guiri,,Pocillopora spp,arana,,26/1/23,1,2023,ene-23,534.058,5,0,0,0,0,,Monica
DSCN1025,87,3,Guiri,,Pocillopora spp,arana,,26/1/23,1,2023,ene-23,488.550,5,0,0,0,0,,Monica
DSCN1026,87,4,Guiri,,Pocillopora spp,arana,,26/1/23,1,2023,ene-23,312.467,4,0,0,0,0,,Monica
DSCN1027,87,5,Guiri,,Pocillopora spp,arana,,26/1/23,1,2023,ene-23,557.370,6,0,0,0,0,,Monica
DSCN1028,87,6,Guiri,,Pocillopora spp,arana,,26/1/23,1,2023,ene-23,500.434,4,0,0,0,0,,Monica
DSCN1029,87,7,Guiri,,Pocillopora spp,arana,,26/1/23,1,2023,ene-23,989.545,7,0,0,0,0,,Monica
NA,88,1,Guiri,,Pocillopora spp,arana,,26/1/23,1,2023,ene-23,NA,NA,NA,NA,NA,NA,No hay fotos,Monica
NA,88,2,Guiri,,Pocillopora spp,arana,,26/1/23,1,2023,ene-23,NA,NA,NA,NA,NA,NA,No hay fotos,Monica
NA,88,3,Guiri,,Pocillopora spp,arana,,26/1/23,1,2023,ene-23,NA,NA,NA,NA,NA,NA,No hay fotos,Monica
NA,88,4,Guiri,,Pocillopora spp,arana,,26/1/23,1,2023,ene-23,NA,NA,NA,NA,NA,NA,No hay fotos,Monica
NA,88,5,Guiri,,Pocillopora spp,arana,,26/1/23,1,2023,ene-23,NA,NA,NA,NA,NA,NA,No hay fotos,Monica
NA,88,6,Guiri,,Pocillopora spp,arana,,26/1/23,1,2023,ene-23,NA,NA,NA,NA,NA,NA,No hay fotos,Monica
NA,88,7,Guiri,,Pocillopora spp,arana,,26/1/23,1,2023,ene-23,NA,NA,NA,NA,NA,NA,No hay fotos,Monica
DSCN1698,169,1,Guiri,,Pocillopora spp,arana,,24/2/2023,2,2023,feb-23,"1,004.489",11,0,3,0,0,,Monica
DSCN1699,169,2,Guiri,,Pocillopora spp,arana,,24/2/2023,2,2023,feb-23,"1,124.318",9,1,0,0,0,,Monica
DSCN1700,169,3,Guiri,,Pocillopora spp,arana,,24/2/2023,2,2023,feb-23,"1,254.369",11,0,0,0,0,,Monica
DSCN1701,169,4,Guiri,,Pocillopora spp,arana,,24/2/2023,2,2023,feb-23,"1,189.254",12,0,0,0,0,,Monica
DSCN1702,169,5,Guiri,,Pocillopora spp,arana,,24/2/2023,2,2023,feb-23,925.266,10,0,0,0,0,,Monica
DSCN1703,169,6,Guiri,,Pocillopora spp,arana,,24/2/2023,2,2023,feb-23,"1,031.324",10,1,0,0,0,,Monica
DSCN1704,169,7,Guiri,,Pocillopora spp,arana,,24/2/2023,2,2023,feb-23,"2,087.100",19,0,0,0,0,,Monica
DSCN1690,170,1,Guiri,,Pocillopora spp,arana,,24/2/2023,2,2023,feb-23,NA,NA,NA,NA,NA,NA,,Monica
DSCN1691,170,2,Guiri,,Pocillopora spp,arana,,24/2/2023,2,2023,feb-23,572.241,8,0,0,0,0,,Monica
DSCN1692,170,3,Guiri,,Pocillopora spp,arana,,24/2/2023,2,2023,feb-23,765.938,7,0,0,0,0,,Monica
DSCN1693,170,4,Guiri,,Pocillopora spp,arana,,24/2/2023,2,2023,feb-23,922.148,8,0,0,0,0,,Monica
DSCN1694,170,5,Guiri,,Pocillopora spp,arana,,24/2/2023,2,2023,feb-23,999.574,8,0,1,0,0,,Monica
DSCN1695,170,6,Guiri,,Pocillopora spp,arana,,24/2/2023,2,2023,feb-23,"1,129.713",7,0,0,0,0,,Monica
DSCN1696,170,7,Guiri,,Pocillopora spp,arana,,24/2/2023,2,2023,feb-23,"1,275.451",10,0,0,0,0,,Monica
DSCN1706,171,1,Guiri,,Pocillopora spp,arana,,24/2/2023,2,2023,feb-23,874.868,10,0,1,0,0,,Monica
DSCN1707,171,2,Guiri,,Pocillopora spp,arana,,24/2/2023,2,2023,feb-23,616.276,10,0,0,0,0,,Monica
DSCN1708,171,3,Guiri,,Pocillopora spp,arana,,24/2/2023,2,2023,feb-23,723.246,10,0,0,0,0,,Monica
DSCN1709,171,4,Guiri,,Pocillopora spp,arana,,24/2/2023,2,2023,feb-23,976.898,8,0,0,0,0,,Monica
DSCN1710,171,5,Guiri,,Pocillopora spp,arana,,24/2/2023,2,2023,feb-23,947.255,9,0,0,0,0,,Monica
DSCN1711,171,6,Guiri,,Pocillopora spp,arana,,24/2/2023,2,2023,feb-23,929.333,10,0,1,0,0,,Monica
DSCN1712,171,7,Guiri,,Pocillopora spp,arana,,24/2/2023,2,2023,feb-23,"2,257.416",13,0,0,0,0,,Monica
DSCN1714,172,1,Guiri,,Pocillopora spp,arana,,24/2/2023,2,2023,feb-23,843.201,9,0,0,0,0,,Monica
DSCN1715,172,2,Guiri,,Pocillopora spp,arana,,24/2/2023,2,2023,feb-23,948.257,10,0,0,0,0,,Monica
DSCN1716,172,3,Guiri,,Pocillopora spp,arana,,24/2/2023,2,2023,feb-23,"1,193.318",11,0,0,0,0,,Monica
DSCN1717,172,4,Guiri,,Pocillopora spp,arana,,24/2/2023,2,2023,feb-23,946.095,10,0,0,0,0,,Monica
DSCN1718,172,5,Guiri,,Pocillopora spp,arana,,24/2/2023,2,2023,feb-23,"1,195.615",9,0,0,0,0,,Monica
DSCN1720,172,6,Guiri,,Pocillopora spp,arana,,24/2/2023,2,2023,feb-23,"1,138.180",11,0,0,0,0,,Monica
DSCN1721,172,7,Guiri,,Pocillopora spp,arana,,24/2/2023,2,2023,feb-23,"2,299.515",19,0,0,0,0,,Monica
DSCN1723,175,1,Guiri,,Pocillopora spp,arana,,24/2/2023,2,2023,feb-23,432.150,7,0,0,0,0,,Monica
DSCN1724,175,2,Guiri,,Pocillopora spp,arana,,24/2/2023,2,2023,feb-23,548.785,9,0,0,0,1,,Monica
DSCN1725,175,3,Guiri,,Pocillopora spp,arana,,24/2/2023,2,2023,feb-23,505.237,7,0,0,0,0,,Monica
DSCN1726,175,4,Guiri,,Pocillopora spp,arana,,24/2/2023,2,2023,feb-23,846.649,8,0,0,0,0,,Monica
DSCN1727,175,5,Guiri,,Pocillopora spp,arana,,24/2/2023,2,2023,feb-23,"1,093.229",10,0,0,0,0,,Monica
DSCN1728,175,6,Guiri,,Pocillopora spp,arana,,24/2/2023,2,2023,feb-23,"1,189.951",11,0,0,0,0,,Monica
DSCN1729,175,7,Guiri,,Pocillopora spp,arana,,24/2/2023,2,2023,feb-23,"1,676.887",10,0,0,0,0,,Monica
DSCN1666,76,1,Guiri,,Pocillopora spp,arana,,24/2/2023,2,2023,feb-23,414.324,5,0,0,0,0,,Monica
DSCN1667,76,2,Guiri,,Pocillopora spp,arana,,24/2/2023,2,2023,feb-23,260.553,5,0,0,0,0,,Monica
DSCN1668,76,3,Guiri,,Pocillopora spp,arana,,24/2/2023,2,2023,feb-23,423.668,4,0,0,0,0,,Monica
DSCN1669,76,4,Guiri,,Pocillopora spp,arana,,24/2/2023,2,2023,feb-23,534.038,6,0,0,0,0,,Monica
DSCN1670,76,5,Guiri,,Pocillopora spp,arana,,24/2/2023,2,2023,feb-23,464.628,7,0,0,0,0,,Monica
DSCN1671,76,6,Guiri,,Pocillopora spp,arana,,24/2/2023,2,2023,feb-23,510.32,5,0,0,0,0,,Monica
DSCN1672,76,7,Guiri,,Pocillopora spp,arana,,24/2/2023,2,2023,feb-23,793.898,5,0,0,0,1,,Monica
DSCN1682,77,1,Guiri,,Pocillopora spp,arana,,24/2/2023,2,2023,feb-23,393.254,5,0,0,0,0,,Monica
DSCN1683,77,2,Guiri,,Pocillopora spp,arana,,24/2/2023,2,2023,feb-23,387.208,7,0,0,0,0,,Monica
DSCN1684,77,3,Guiri,,Pocillopora spp,arana,,24/2/2023,2,2023,feb-23,673.542,6,0,0,0,0,,Monica
DSCN1685,77,4,Guiri,,Pocillopora spp,arana,,24/2/2023,2,2023,feb-23,437.135,4,0,0,0,0,,Monica
DSCN1686,77,5,Guiri,,Pocillopora spp,arana,,24/2/2023,2,2023,feb-23,442.064,4,0,0,0,1,,Monica
DSCN1687,77,6,Guiri,,Pocillopora spp,arana,,24/2/2023,2,2023,feb-23,253.232,3,0,0,0,0,,Monica
DSCN1688,77,7,Guiri,,Pocillopora spp,arana,,24/2/2023,2,2023,feb-23,928.82,9,0,0,0,0,,Monica
DSCN1674,87,1,Guiri,,Pocillopora spp,arana,,24/2/2023,2,2023,feb-23,338.977,4,0,0,0,0,,Monica
DSCN1675,87,2,Guiri,,Pocillopora spp,arana,,24/2/2023,2,2023,feb-23,489.945,5,0,0,0,0,,Monica
DSCN1676,87,3,Guiri,,Pocillopora spp,arana,,24/2/2023,2,2023,feb-23,467.802,5,0,0,0,0,,Monica
DSCN1677,87,4,Guiri,,Pocillopora spp,arana,,24/2/2023,2,2023,feb-23,378.023,4,0,0,0,0,,Monica
DSCN1678,87,5,Guiri,,Pocillopora spp,arana,,24/2/2023,2,2023,feb-23,622.981,6,0,0,0,0,,Monica
DSCN1679,87,6,Guiri,,Pocillopora spp,arana,,24/2/2023,2,2023,feb-23,444.929,4,0,0,0,0,,Monica
DSCN1680,87,7,Guiri,,Pocillopora spp,arana,,24/2/2023,2,2023,feb-23,1087.192,7,0,0,0,0,,Monica
DSCN1657,88,1,Guiri,,Pocillopora spp,arana,,24/2/2023,2,2023,feb-23,385.286,5,0,0,0,0,,Monica
DSCN1658,88,2,Guiri,,Pocillopora spp,arana,,24/2/2023,2,2023,feb-23,231.877,6,0,0,0,0,,Monica
DSCN1659,88,3,Guiri,,Pocillopora spp,arana,,24/2/2023,2,2023,feb-23,389.23,6,0,0,0,0,,Monica
DSCN1660,88,4,Guiri,,Pocillopora spp,arana,,24/2/2023,2,2023,feb-23,378.063,6,0,0,0,0,,Monica
DSCN1661,88,5,Guiri,,Pocillopora spp,arana,,24/2/2023,2,2023,feb-23,312.6,5,0,0,0,0,,Monica
DSCN1662,88,6,Guiri,,Pocillopora spp,arana,,24/2/2023,2,2023,feb-23,231.093,5,0,1,0,0,,Monica
DSCN1664,88,7,Guiri,,Pocillopora spp,arana,,24/2/2023,2,2023,feb-23,504.567,10,0,0,0,0,,Monica
DSCN2328,169,1,Guiri,,Pocillopora spp,arana,,24/3/2023,3,2023,mar-23,"1,132.904",11,0,3,0,0,,Monica
DSCN2329,169,2,Guiri,,Pocillopora spp,arana,,24/3/2023,3,2023,mar-23,"1,172.952",9,1,0,0,0,,Monica
DSCN2330,169,3,Guiri,,Pocillopora spp,arana,,24/3/2023,3,2023,mar-23,"1,464.557",11,0,0,0,0,,Monica
DSCN2331,169,4,Guiri,,Pocillopora spp,arana,,24/3/2023,3,2023,mar-23,"1,126.474",10,0,0,0,0,1 coral tapado,Monica
DSCN2332,169,5,Guiri,,Pocillopora spp,arana,,24/3/2023,3,2023,mar-23,921.344,10,0,0,0,0,,Monica
DSCN2333,169,6,Guiri,,Pocillopora spp,arana,,24/3/2023,3,2023,mar-23,"1,337.405",10,1,0,0,0,,Monica
DSCN2334,169,7,Guiri,,Pocillopora spp,arana,,24/3/2023,3,2023,mar-23,"2,287.759",19,0,0,0,0,,Monica
DSCN2252,170,1,Guiri,,Pocillopora spp,arana,,24/3/2023,3,2023,mar-23,NA,NA,NA,NA,NA,NA,,Monica
DSCN2253,170,2,Guiri,,Pocillopora spp,arana,,24/3/2023,3,2023,mar-23,645.637,8,0,0,0,0,,Monica
DSCN2254,170,3,Guiri,,Pocillopora spp,arana,,24/3/2023,3,2023,mar-23,817.149,7,0,0,0,0,,Monica
DSCN2255,170,4,Guiri,,Pocillopora spp,arana,,24/3/2023,3,2023,mar-23,933.618,8,0,0,0,0,,Monica
DSCN2256,170,5,Guiri,,Pocillopora spp,arana,,24/3/2023,3,2023,mar-23,"1,209.377",8,0,1,0,0,,Monica
DSCN2257,170,6,Guiri,,Pocillopora spp,arana,,24/3/2023,3,2023,mar-23,"1,299.458",7,0,0,0,0,,Monica
DSCN2258,170,7,Guiri,,Pocillopora spp,arana,,24/3/2023,3,2023,mar-23,"1,940.996",10,0,0,0,0,,Monica
DSCN2300,171,1,Guiri,,Pocillopora spp,arana,,24/3/2023,3,2023,mar-23,921.649,10,0,1,0,0,,Monica
DSCN2301,171,2,Guiri,,Pocillopora spp,arana,,24/3/2023,3,2023,mar-23,676.842,10,0,0,0,0,,Monica
DSCN2302,171,3,Guiri,,Pocillopora spp,arana,,24/3/2023,3,2023,mar-23,953.439,10,0,0,0,0,,Monica
DSCN2303,171,4,Guiri,,Pocillopora spp,arana,,24/3/2023,3,2023,mar-23,"1,067.945",8,0,0,0,0,,Monica
DSCN2304,171,5,Guiri,,Pocillopora spp,arana,,24/3/2023,3,2023,mar-23,892.311,9,0,0,0,0,,Monica
DSCN2305,171,6,Guiri,,Pocillopora spp,arana,,24/3/2023,3,2023,mar-23,966.450,10,0,1,0,0,,Monica
DSCN2306,171,7,Guiri,,Pocillopora spp,arana,,24/3/2023,3,2023,mar-23,"2,177.620",13,0,0,0,0,,Monica
DSCN2268,172,1,Guiri,,Pocillopora spp,arana,,24/3/2023,3,2023,mar-23,790.242,9,0,0,0,0,,Monica
DSCN2269,172,2,Guiri,,Pocillopora spp,arana,,24/3/2023,3,2023,mar-23,860.450,10,0,0,0,0,,Monica
DSCN2270,172,3,Guiri,,Pocillopora spp,arana,,24/3/2023,3,2023,mar-23,"1,019.790",11,0,0,0,0,,Monica
DSCN2271,172,4,Guiri,,Pocillopora spp,arana,,24/3/2023,3,2023,mar-23,"1,012.047",10,0,0,0,0,,Monica
DSCN2272,172,5,Guiri,,Pocillopora spp,arana,,24/3/2023,3,2023,mar-23,"1,087.989",9,0,0,0,0,,Monica
DSCN2273,172,6,Guiri,,Pocillopora spp,arana,,24/3/2023,3,2023,mar-23,"1,342.080",11,0,0,0,0,,Monica
DSCN2274,172,7,Guiri,,Pocillopora spp,arana,,24/3/2023,3,2023,mar-23,"2,272.441",19,0,0,0,0,,Monica
DSCN2260,175,1,Guiri,,Pocillopora spp,arana,,24/3/2023,3,2023,mar-23,427.869,7,0,0,0,0,,Monica
DSCN2261,175,2,Guiri,,Pocillopora spp,arana,,24/3/2023,3,2023,mar-23,497.218,9,0,0,0,1,,Monica
DSCN2262,175,3,Guiri,,Pocillopora spp,arana,,24/3/2023,3,2023,mar-23,752.688,7,0,0,0,0,,Monica
DSCN2263,175,4,Guiri,,Pocillopora spp,arana,,24/3/2023,3,2023,mar-23,"1,046.749",8,0,0,0,0,,Monica
DSCN2264,175,5,Guiri,,Pocillopora spp,arana,,24/3/2023,3,2023,mar-23,"1,397.797",10,0,0,0,0,,Monica
DSCN2265,175,6,Guiri,,Pocillopora spp,arana,,24/3/2023,3,2023,mar-23,"1,588.402",11,0,0,0,0,,Monica
DSCN2266,175,7,Guiri,,Pocillopora spp,arana,,24/3/2023,3,2023,mar-23,"1,432.511",10,0,0,0,0,,Monica
DSCN2284,76,1,Guiri,,Pocillopora spp,arana,,24/3/2023,3,2023,mar-23,485.604,5,0,0,0,0,,Monica
DSCN2285,76,2,Guiri,,Pocillopora spp,arana,,24/3/2023,3,2023,mar-23,204.251,5,0,0,0,0,,Monica
DSCN2286,76,3,Guiri,,Pocillopora spp,arana,,24/3/2023,3,2023,mar-23,477.455,4,0,0,0,0,,Monica
DSCN2287,76,4,Guiri,,Pocillopora spp,arana,,24/3/2023,3,2023,mar-23,607.528,6,0,0,0,0,,Monica
DSCN2288,76,5,Guiri,,Pocillopora spp,arana,,24/3/2023,3,2023,mar-23,442.35,7,0,0,0,0,,Monica
DSCN2289,76,6,Guiri,,Pocillopora spp,arana,,24/3/2023,3,2023,mar-23,591.774,5,0,0,0,0,,Monica
DSCN2290,76,7,Guiri,,Pocillopora spp,arana,,24/3/2023,3,2023,mar-23,318.094,5,0,0,0,1,,Monica
DSCN2308,77,1,Guiri,,Pocillopora spp,arana,,24/3/2023,3,2023,mar-23,341.45,5,0,0,0,0,,Monica
DSCN2309,77,2,Guiri,,Pocillopora spp,arana,,24/3/2023,3,2023,mar-23,469.954,7,0,0,0,0,,Monica
DSCN2310,77,3,Guiri,,Pocillopora spp,arana,,24/3/2023,3,2023,mar-23,611.982,6,0,0,0,0,,Monica
DSCN2311,77,4,Guiri,,Pocillopora spp,arana,,24/3/2023,3,2023,mar-23,436.591,4,0,0,0,0,,Monica
DSCN2312,77,5,Guiri,,Pocillopora spp,arana,,24/3/2023,3,2023,mar-23,419.658,4,0,0,0,1,,Monica
DSCN2313,77,6,Guiri,,Pocillopora spp,arana,,24/3/2023,3,2023,mar-23,156.997,3,0,0,0,0,,Monica
DSCN2314,77,7,Guiri,,Pocillopora spp,arana,,24/3/2023,3,2023,mar-23,893.213,9,0,0,0,0,,Monica
DSCN2276,87,1,Guiri,,Pocillopora spp,arana,,24/3/2023,3,2023,mar-23,403.788,4,0,0,0,0,,Monica
DSCN2277,87,2,Guiri,,Pocillopora spp,arana,,24/3/2023,3,2023,mar-23,577.995,5,0,0,0,0,,Monica
DSCN2278,87,3,Guiri,,Pocillopora spp,arana,,24/3/2023,3,2023,mar-23,566.284,5,0,0,0,0,,Monica
DSCN2279,87,4,Guiri,,Pocillopora spp,arana,,24/3/2023,3,2023,mar-23,435.988,4,0,0,0,0,,Monica
DSCN2280,87,5,Guiri,,Pocillopora spp,arana,,24/3/2023,3,2023,mar-23,684.504,6,0,0,0,0,,Monica
DSCN2281,87,6,Guiri,,Pocillopora spp,arana,,24/3/2023,3,2023,mar-23,493.889,4,0,0,0,0,,Monica
DSCN2282,87,7,Guiri,,Pocillopora spp,arana,,24/3/2023,3,2023,mar-23,1043.668,7,0,0,0,0,,Monica
DSCN2292,88,1,Guiri,,Pocillopora spp,arana,,24/3/2023,3,2023,mar-23,350.69,5,0,0,0,0,,Monica
DSCN2293,88,2,Guiri,,Pocillopora spp,arana,,24/3/2023,3,2023,mar-23,384.55,6,0,0,0,0,,Monica
DSCN2294,88,3,Guiri,,Pocillopora spp,arana,,24/3/2023,3,2023,mar-23,359.222,6,0,0,0,0,,Monica
DSCN2295,88,4,Guiri,,Pocillopora spp,arana,,24/3/2023,3,2023,mar-23,386.968,6,0,0,0,0,,Monica
DSCN2296,88,5,Guiri,,Pocillopora spp,arana,,24/3/2023,3,2023,mar-23,477.425,5,0,0,0,0,,Monica
DSCN2297,88,6,Guiri,,Pocillopora spp,arana,,24/3/2023,3,2023,mar-23,255.444,5,0,1,0,0,,Monica
DSCN2298,88,7,Guiri,,Pocillopora spp,arana,,24/3/2023,3,2023,mar-23,550.897,10,0,0,0,0,,Monica
DSCN3142,169,1,Guiri,,Pocillopora spp,arana,,21/4/2023,4,2023,abr-23,"1,305.728",11,0,3,0,0,,Monica
DSCN3143,169,2,Guiri,,Pocillopora spp,arana,,21/4/2023,4,2023,abr-23,"1,111.103",9,1,0,0,0,,Monica
DSCN3144,169,3,Guiri,,Pocillopora spp,arana,,21/4/2023,4,2023,abr-23,"1,366.480",11,0,0,0,0,,Monica
DSCN3145,169,4,Guiri,,Pocillopora spp,arana,,21/4/2023,4,2023,abr-23,"1,447.520",12,0,0,0,0,,Monica
DSCN3146,169,5,Guiri,,Pocillopora spp,arana,,21/4/2023,4,2023,abr-23,"1,130.502",10,0,0,0,0,,Monica
DSCN3147,169,6,Guiri,,Pocillopora spp,arana,,21/4/2023,4,2023,abr-23,"1,197.658",10,1,0,0,0,,Monica
DSCN3148,169,7,Guiri,,Pocillopora spp,arana,,21/4/2023,4,2023,abr-23,"2,418.536",19,0,0,0,0,,Monica
DSCN3175,170,1,Guiri,,Pocillopora spp,arana,,21/4/2023,4,2023,abr-23,NA,NA,NA,NA,NA,NA,,Monica
DSCN3176,170,2,Guiri,,Pocillopora spp,arana,,21/4/2023,4,2023,abr-23,944.409,8,0,0,0,0,,Monica
DSCN3177,170,3,Guiri,,Pocillopora spp,arana,,21/4/2023,4,2023,abr-23,970.442,7,0,0,0,0,,Monica
DSCN3178,170,4,Guiri,,Pocillopora spp,arana,,21/4/2023,4,2023,abr-23,953.851,8,0,0,0,0,,Monica
DSCN3179,170,5,Guiri,,Pocillopora spp,arana,,21/4/2023,4,2023,abr-23,"1,339.507",8,0,1,0,0,,Monica
DSCN3180,170,6,Guiri,,Pocillopora spp,arana,,21/4/2023,4,2023,abr-23,"1,307.022",7,0,0,0,0,,Monica
DSCN3181,170,7,Guiri,,Pocillopora spp,arana,,21/4/2023,4,2023,abr-23,"1,979.899",10,0,0,0,0,,Monica
DSCN3134,171,1,Guiri,,Pocillopora spp,arana,,21/4/2023,4,2023,abr-23,"1,022.726",10,0,1,0,0,,Monica
DSCN3135,171,2,Guiri,,Pocillopora spp,arana,,21/4/2023,4,2023,abr-23,878.464,10,0,0,0,0,,Monica
DSCN3136,171,3,Guiri,,Pocillopora spp,arana,,21/4/2023,4,2023,abr-23,"1,075.905",10,0,0,0,0,,Monica
DSCN3137,171,4,Guiri,,Pocillopora spp,arana,,21/4/2023,4,2023,abr-23,888.292,8,0,0,0,0,,Monica
DSCN3138,171,5,Guiri,,Pocillopora spp,arana,,21/4/2023,4,2023,abr-23,"1,000.588",9,0,0,0,0,,Monica
DSCN3139,171,6,Guiri,,Pocillopora spp,arana,,21/4/2023,4,2023,abr-23,"1,242.530",10,0,1,0,0,,Monica
DSCN3140,171,7,Guiri,,Pocillopora spp,arana,,21/4/2023,4,2023,abr-23,"2,311.391",13,0,0,0,0,,Monica
DSCN3159,172,1,Guiri,,Pocillopora spp,arana,,21/4/2023,4,2023,abr-23,928.681,9,0,0,0,0,,Monica
DSCN3160,172,2,Guiri,,Pocillopora spp,arana,,21/4/2023,4,2023,abr-23,"1,215.013",10,0,0,0,0,,Monica
DSCN3161,172,3,Guiri,,Pocillopora spp,arana,,21/4/2023,4,2023,abr-23,"1,216.037",11,0,0,0,0,,Monica
DSCN3162,172,4,Guiri,,Pocillopora spp,arana,,21/4/2023,4,2023,abr-23,"1,048.841",10,0,0,0,0,,Monica
DSCN3163,172,5,Guiri,,Pocillopora spp,arana,,21/4/2023,4,2023,abr-23,"1,216.257",9,0,0,0,0,,Monica
DSCN3164,172,6,Guiri,,Pocillopora spp,arana,,21/4/2023,4,2023,abr-23,"1,372.241",11,0,0,0,0,,Monica
DSCN3165,172,7,Guiri,,Pocillopora spp,arana,,21/4/2023,4,2023,abr-23,"2,107.964",19,0,0,0,0,,Monica
DSCN3167,175,1,Guiri,,Pocillopora spp,arana,,21/4/2023,4,2023,abr-23,606.721,7,0,0,0,0,,Monica
DSCN3168,175,2,Guiri,,Pocillopora spp,arana,,21/4/2023,4,2023,abr-23,711.181,9,0,0,0,1,,Monica
DSCN3169,175,3,Guiri,,Pocillopora spp,arana,,21/4/2023,4,2023,abr-23,666.356,7,0,0,0,0,,Monica
DSCN3170,175,4,Guiri,,Pocillopora spp,arana,,21/4/2023,4,2023,abr-23,"1,214.588",8,0,0,0,0,,Monica
DSCN3171,175,5,Guiri,,Pocillopora spp,arana,,21/4/2023,4,2023,abr-23,"1,339.672",10,0,0,0,0,,Monica
DSCN3172,175,6,Guiri,,Pocillopora spp,arana,,21/4/2023,4,2023,abr-23,"1,731.609",11,0,0,0,0,,Monica
DSCN3173,175,7,Guiri,,Pocillopora spp,arana,,21/4/2023,4,2023,abr-23,"1,442.181",10,0,0,0,0,,Monica
DSCN3191,76,1,Guiri,,Pocillopora spp,arana,,21/4/2023,4,2023,abr-23,561.015,5,0,0,0,0,,Monica
DSCN3192,76,2,Guiri,,Pocillopora spp,arana,,21/4/2023,4,2023,abr-23,251.639,5,0,0,0,0,,Monica
DSCN3193,76,3,Guiri,,Pocillopora spp,arana,,21/4/2023,4,2023,abr-23,493.766,4,0,0,0,0,,Monica
DSCN3194,76,4,Guiri,,Pocillopora spp,arana,,21/4/2023,4,2023,abr-23,651.105,6,0,0,0,0,,Monica
DSCN3195,76,5,Guiri,,Pocillopora spp,arana,,21/4/2023,4,2023,abr-23,538.384,7,0,0,0,0,,Monica
DSCN3196,76,6,Guiri,,Pocillopora spp,arana,,21/4/2023,4,2023,abr-23,756.946,5,0,0,0,0,,Monica
DSCN3197,76,7,Guiri,,Pocillopora spp,arana,,21/4/2023,4,2023,abr-23,435.994,5,0,0,0,1,,Monica
DSCN3150,77,1,Guiri,,Pocillopora spp,arana,,21/4/2023,4,2023,abr-23,432.669,5,0,0,0,0,,Monica
DSCN3151,77,2,Guiri,,Pocillopora spp,arana,,21/4/2023,4,2023,abr-23,601.647,7,0,0,0,0,,Monica
DSCN3152,77,3,Guiri,,Pocillopora spp,arana,,21/4/2023,4,2023,abr-23,696.699,6,0,0,0,0,,Monica
DSCN3153,77,4,Guiri,,Pocillopora spp,arana,,21/4/2023,4,2023,abr-23,503.481,4,0,0,0,0,,Monica
DSCN3154,77,5,Guiri,,Pocillopora spp,arana,,21/4/2023,4,2023,abr-23,408.631,4,0,0,0,1,,Monica
DSCN3155,77,6,Guiri,,Pocillopora spp,arana,,21/4/2023,4,2023,abr-23,224.137,3,0,0,0,0,,Monica
DSCN3156,77,7,Guiri,,Pocillopora spp,arana,,21/4/2023,4,2023,abr-23,810.745,9,0,0,0,0,,Monica
DSCN3183,87,1,Guiri,,Pocillopora spp,arana,,21/4/2023,4,2023,abr-23,437.655,4,0,0,0,0,,Monica
DSCN3184,87,2,Guiri,,Pocillopora spp,arana,,21/4/2023,4,2023,abr-23,636.466,5,0,0,0,0,,Monica
DSCN3185,87,3,Guiri,,Pocillopora spp,arana,,21/4/2023,4,2023,abr-23,541.363,5,0,0,0,0,,Monica
DSCN3186,87,4,Guiri,,Pocillopora spp,arana,,21/4/2023,4,2023,abr-23,431.415,4,0,0,0,0,,Monica
DSCN3187,87,5,Guiri,,Pocillopora spp,arana,,21/4/2023,4,2023,abr-23,752.658,6,0,0,0,0,,Monica
DSCN3188,87,6,Guiri,,Pocillopora spp,arana,,21/4/2023,4,2023,abr-23,577.784,4,0,0,0,0,,Monica
DSCN3189,87,7,Guiri,,Pocillopora spp,arana,,21/4/2023,4,2023,abr-23,1105.572,7,0,0,0,0,,Monica
DSCN3200,88,1,Guiri,,Pocillopora spp,arana,,21/4/2023,4,2023,abr-23,403.729,5,0,0,0,0,,Monica
DSCN3201,88,2,Guiri,,Pocillopora spp,arana,,21/4/2023,4,2023,abr-23,462.415,6,0,0,0,0,,Monica
DSCN3202,88,3,Guiri,,Pocillopora spp,arana,,21/4/2023,4,2023,abr-23,427.456,6,0,0,0,0,,Monica
DSCN3203,88,4,Guiri,,Pocillopora spp,arana,,21/4/2023,4,2023,abr-23,346.698,6,0,0,0,0,,Monica
DSCN3204,88,5,Guiri,,Pocillopora spp,arana,,21/4/2023,4,2023,abr-23,483.388,5,0,0,0,0,,Monica
DSCN3205,88,6,Guiri,,Pocillopora spp,arana,,21/4/2023,4,2023,abr-23,296.553,5,0,1,0,0,,Monica
DSCN3206,88,7,Guiri,,Pocillopora spp,arana,,21/4/2023,4,2023,abr-23,585.126,10,0,0,0,0,,Monica
P5240041,169,1,Guiri,,Pocillopora spp,arana,,25/5/2023,5,2023,may-23,958.273,11,0,3,0,0,,Monica
P5240042,169,2,Guiri,,Pocillopora spp,arana,,25/5/2023,5,2023,may-23,984.618,9,1,0,0,0,,Monica
P5240043,169,3,Guiri,,Pocillopora spp,arana,,25/5/2023,5,2023,may-23,1349.599,11,0,0,0,0,,Monica
P5240044,169,4,Guiri,,Pocillopora spp,arana,,25/5/2023,5,2023,may-23,1183.136,12,0,0,0,0,,Monica
P5240045,169,5,Guiri,,Pocillopora spp,arana,,25/5/2023,5,2023,may-23,998.268,10,0,0,0,0,,Monica
P5240046,169,6,Guiri,,Pocillopora spp,arana,,25/5/2023,5,2023,may-23,837.852,10,1,0,0,0,,Monica
P5240048,169,7,Guiri,,Pocillopora spp,arana,,25/5/2023,5,2023,may-23,2016.507,19,0,0,0,0,,Monica
P5240069,170,1,Guiri,,Pocillopora spp,arana,,25/5/2023,5,2023,may-23,NA,NA,NA,NA,NA,NA,,Monica
P5240070,170,2,Guiri,,Pocillopora spp,arana,,25/5/2023,5,2023,may-23,724.226,8,0,0,0,0,,Monica
P5240071,170,3,Guiri,,Pocillopora spp,arana,,25/5/2023,5,2023,may-23,951.769,7,0,0,0,0,,Monica
P5240072,170,4,Guiri,,Pocillopora spp,arana,,25/5/2023,5,2023,may-23,1028.327,8,0,0,0,0,,Monica
P5240073,170,5,Guiri,,Pocillopora spp,arana,,25/5/2023,5,2023,may-23,1086.702,8,0,1,0,0,,Monica
P5240074,170,6,Guiri,,Pocillopora spp,arana,,25/5/2023,5,2023,may-23,1153.696,7,0,0,0,0,,Monica
P5240076,170,7,Guiri,,Pocillopora spp,arana,,25/5/2023,5,2023,may-23,1929.358,10,0,0,0,0,,Monica
P5240032,171,1,Guiri,,Pocillopora spp,arana,,25/5/2023,5,2023,may-23,938.362,10,0,1,0,0,,Monica
P5240033,171,2,Guiri,,Pocillopora spp,arana,,25/5/2023,5,2023,may-23,708.209,10,0,0,0,0,,Monica
P5240034,171,3,Guiri,,Pocillopora spp,arana,,25/5/2023,5,2023,may-23,946.449,10,0,0,0,0,,Monica
P5240035,171,4,Guiri,,Pocillopora spp,arana,,25/5/2023,5,2023,may-23,843.492,8,0,0,0,0,,Monica
P5240036,171,5,Guiri,,Pocillopora spp,arana,,25/5/2023,5,2023,may-23,948.109,9,0,0,0,0,,Monica
P5240037,171,6,Guiri,,Pocillopora spp,arana,,25/5/2023,5,2023,may-23,992.441,10,0,1,0,0,,Monica
P5240039,171,7,Guiri,,Pocillopora spp,arana,,25/5/2023,5,2023,may-23,1941.806,13,0,0,0,0,,Monica
P5240060,172,1,Guiri,,Pocillopora spp,arana,,25/5/2023,5,2023,may-23,894.149,9,0,0,0,0,,Monica
P5240061,172,2,Guiri,,Pocillopora spp,arana,,25/5/2023,5,2023,may-23,1222.138,10,0,0,0,0,,Monica
P5240062,172,3,Guiri,,Pocillopora spp,arana,,25/5/2023,5,2023,may-23,1035.281,11,0,0,0,0,,Monica
P5240063,172,4,Guiri,,Pocillopora spp,arana,,25/5/2023,5,2023,may-23,974.036,10,0,0,0,0,,Monica
P5240064,172,5,Guiri,,Pocillopora spp,arana,,25/5/2023,5,2023,may-23,987.151,9,0,0,0,0,,Monica
P5240065,172,6,Guiri,,Pocillopora spp,arana,,25/5/2023,5,2023,may-23,991.423,11,0,0,0,0,,Monica
P5240067,172,7,Guiri,,Pocillopora spp,arana,,25/5/2023,5,2023,may-23,2544.957,19,0,0,0,0,,Monica
P5240078,175,1,Guiri,,Pocillopora spp,arana,,25/5/2023,5,2023,may-23,514.422,7,0,0,0,0,,Monica
P5240079,175,2,Guiri,,Pocillopora spp,arana,,25/5/2023,5,2023,may-23,550.101,9,0,0,0,1,,Monica
P5240080,175,3,Guiri,,Pocillopora spp,arana,,25/5/2023,5,2023,may-23,576.486,7,0,0,0,0,,Monica
P5240081,175,4,Guiri,,Pocillopora spp,arana,,25/5/2023,5,2023,may-23,912.292,8,0,0,0,0,,Monica
P5240082,175,5,Guiri,,Pocillopora spp,arana,,25/5/2023,5,2023,may-23,1380.295,10,0,0,0,0,,Monica
P5240084,175,6,Guiri,,Pocillopora spp,arana,,25/5/2023,5,2023,may-23,1575.35,11,0,0,0,0,,Monica
P5240086,175,7,Guiri,,Pocillopora spp,arana,,25/5/2023,5,2023,may-23,1552.844,10,0,0,0,0,,Monica
P5240014,76,1,Guiri,,Pocillopora spp,arana,,25/5/2023,5,2023,may-23,445.349,5,0,0,0,0,,Monica
P5240015,76,2,Guiri,,Pocillopora spp,arana,,25/5/2023,5,2023,may-23,295.985,5,0,0,0,0,,Monica
P5240016,76,3,Guiri,,Pocillopora spp,arana,,25/5/2023,5,2023,may-23,523.188,4,0,0,0,0,,Monica
P5240017,76,4,Guiri,,Pocillopora spp,arana,,25/5/2023,5,2023,may-23,566.241,6,0,0,0,0,,Monica
P5240018,76,5,Guiri,,Pocillopora spp,arana,,25/5/2023,5,2023,may-23,450.902,7,0,0,0,0,,Monica
P5240019,76,6,Guiri,,Pocillopora spp,arana,,25/5/2023,5,2023,may-23,722.06,5,0,0,0,0,,Monica
P5240021,76,7,Guiri,,Pocillopora spp,arana,,25/5/2023,5,2023,may-23,224.677,5,0,0,0,1,,Monica
P5240050,77,1,Guiri,,Pocillopora spp,arana,,25/5/2023,5,2023,may-23,404.169,5,0,0,0,0,,Monica
P5240051,77,2,Guiri,,Pocillopora spp,arana,,25/5/2023,5,2023,may-23,506.564,7,0,0,0,0,,Monica
P5240052,77,3,Guiri,,Pocillopora spp,arana,,25/5/2023,5,2023,may-23,594.264,6,0,0,0,0,,Monica
P5240053,77,4,Guiri,,Pocillopora spp,arana,,25/5/2023,5,2023,may-23,442.522,4,0,0,0,0,,Monica
P5240054,77,5,Guiri,,Pocillopora spp,arana,,25/5/2023,5,2023,may-23,384.63,4,0,0,0,1,,Monica
P5240056,77,6,Guiri,,Pocillopora spp,arana,,25/5/2023,5,2023,may-23,174.996,3,0,0,0,0,,Monica
P5240058,77,7,Guiri,,Pocillopora spp,arana,,25/5/2023,5,2023,may-23,749.699,9,0,0,0,0,,Monica
NA,87,1,Guiri,,Pocillopora spp,arana,,25/5/2023,5,2023,may-23,NA,NA,NA,NA,NA,NA,,Monica
NA,87,2,Guiri,,Pocillopora spp,arana,,25/5/2023,5,2023,may-23,NA,NA,NA,NA,NA,NA,,Monica
NA,87,3,Guiri,,Pocillopora spp,arana,,25/5/2023,5,2023,may-23,NA,NA,NA,NA,NA,NA,,Monica
NA,87,4,Guiri,,Pocillopora spp,arana,,25/5/2023,5,2023,may-23,NA,NA,NA,NA,NA,NA,,Monica
NA,87,5,Guiri,,Pocillopora spp,arana,,25/5/2023,5,2023,may-23,NA,NA,NA,NA,NA,NA,,Monica
NA,87,6,Guiri,,Pocillopora spp,arana,,25/5/2023,5,2023,may-23,NA,NA,NA,NA,NA,NA,,Monica
NA,87,7,Guiri,,Pocillopora spp,arana,,25/5/2023,5,2023,may-23,NA,NA,NA,NA,NA,NA,,Monica
P5240023,88,1,Guiri,,Pocillopora spp,arana,,25/5/2023,5,2023,may-23,396.499,5,0,0,0,0,,Monica
P5240024,88,2,Guiri,,Pocillopora spp,arana,,25/5/2023,5,2023,may-23,389.801,6,0,0,0,0,,Monica
P5240025,88,3,Guiri,,Pocillopora spp,arana,,25/5/2023,5,2023,may-23,327.707,6,0,0,0,0,,Monica
P5240026,88,4,Guiri,,Pocillopora spp,arana,,25/5/2023,5,2023,may-23,188.347,6,0,0,0,0,,Monica
P5240027,88,5,Guiri,,Pocillopora spp,arana,,25/5/2023,5,2023,may-23,469.414,5,0,0,0,0,,Monica
P5240028,88,6,Guiri,,Pocillopora spp,arana,,25/5/2023,5,2023,may-23,239.128,5,0,1,0,0,,Monica
P5240030,88,7,Guiri,,Pocillopora spp,arana,,25/5/2023,5,2023,may-23,589.379,10,0,0,0,0,,Monica
DSCN5022,169,1,Guiri,,Pocillopora spp,arana,,23/6/2023,6,2023,jun-23,1226.335,11,0,3,0,0,,Monica
DSCN5023,169,2,Guiri,,Pocillopora spp,arana,,23/6/2023,6,2023,jun-23,1044.849,9,1,0,0,0,,Monica
DSCN5024,169,3,Guiri,,Pocillopora spp,arana,,23/6/2023,6,2023,jun-23,1255.174,11,0,0,0,0,,Monica
DSCN5025,169,4,Guiri,,Pocillopora spp,arana,,23/6/2023,6,2023,jun-23,1285.815,12,0,0,0,0,,Monica
DSCN5026,169,5,Guiri,,Pocillopora spp,arana,,23/6/2023,6,2023,jun-23,774.686,10,0,0,0,0,,Monica
DSCN5028,169,6,Guiri,,Pocillopora spp,arana,,23/6/2023,6,2023,jun-23,1018.849,10,1,0,0,0,,Monica
DSCN5029,169,7,Guiri,,Pocillopora spp,arana,,23/6/2023,6,2023,jun-23,2189.891,19,0,0,0,0,,Monica
DSCN5049,170,1,Guiri,,Pocillopora spp,arana,,23/6/2023,6,2023,jun-23,NA,NA,NA,NA,NA,NA,,Monica
DSCN5050,170,2,Guiri,,Pocillopora spp,arana,,23/6/2023,6,2023,jun-23,903.098,8,0,0,0,0,,Monica
DSCN5051,170,3,Guiri,,Pocillopora spp,arana,,23/6/2023,6,2023,jun-23,1100.225,7,0,0,0,0,,Monica
DSCN5052,170,4,Guiri,,Pocillopora spp,arana,,23/6/2023,6,2023,jun-23,1287.679,8,0,0,0,0,,Monica
DSCN5053,170,5,Guiri,,Pocillopora spp,arana,,23/6/2023,6,2023,jun-23,1453.841,8,0,1,0,0,,Monica
DSCN5054,170,6,Guiri,,Pocillopora spp,arana,,23/6/2023,6,2023,jun-23,1386.881,7,0,0,0,0,,Monica
DSCN5055,170,7,Guiri,,Pocillopora spp,arana,,23/6/2023,6,2023,jun-23,1999.075,10,0,0,0,0,,Monica
DSCN5014,171,1,Guiri,,Pocillopora spp,arana,,23/6/2023,6,2023,jun-23,955.772,10,0,1,0,0,,Monica
DSCN5015,171,2,Guiri,,Pocillopora spp,arana,,23/6/2023,6,2023,jun-23,913.571,10,0,0,0,0,,Monica
DSCN5016,171,3,Guiri,,Pocillopora spp,arana,,23/6/2023,6,2023,jun-23,1125.092,10,0,0,0,0,,Monica
DSCN5017,171,4,Guiri,,Pocillopora spp,arana,,23/6/2023,6,2023,jun-23,819.962,8,0,0,0,0,,Monica
DSCN5018,171,5,Guiri,,Pocillopora spp,arana,,23/6/2023,6,2023,jun-23,798.289,9,0,0,0,0,,Monica
DSCN5019,171,6,Guiri,,Pocillopora spp,arana,,23/6/2023,6,2023,jun-23,1085.708,10,0,1,0,0,,Monica
DSCN5020,171,7,Guiri,,Pocillopora spp,arana,,23/6/2023,6,2023,jun-23,2564.471,13,0,0,0,0,,Monica
DSCN5040,172,1,Guiri,,Pocillopora spp,arana,,23/6/2023,6,2023,jun-23,853.621,9,0,0,0,0,,Monica
DSCN5041,172,2,Guiri,,Pocillopora spp,arana,,23/6/2023,6,2023,jun-23,1295.026,10,0,0,0,0,,Monica
DSCN5042,172,3,Guiri,,Pocillopora spp,arana,,23/6/2023,6,2023,jun-23,1092.16,11,0,0,0,0,,Monica
DSCN5043,172,4,Guiri,,Pocillopora spp,arana,,23/6/2023,6,2023,jun-23,1105.783,10,0,0,0,0,,Monica
DSCN5044,172,5,Guiri,,Pocillopora spp,arana,,23/6/2023,6,2023,jun-23,983.392,9,0,0,0,0,,Monica
DSCN5046,172,6,Guiri,,Pocillopora spp,arana,,23/6/2023,6,2023,jun-23,907.724,11,0,0,0,0,,Monica
DSCN5047,172,7,Guiri,,Pocillopora spp,arana,,23/6/2023,6,2023,jun-23,1932.242,19,0,0,0,0,,Monica
DSCN5057,175,1,Guiri,,Pocillopora spp,arana,,23/6/2023,6,2023,jun-23,581.083,7,0,0,0,0,,Monica
DSCN5058,175,2,Guiri,,Pocillopora spp,arana,,23/6/2023,6,2023,jun-23,667.141,9,0,0,0,1,,Monica
DSCN5060,175,3,Guiri,,Pocillopora spp,arana,,23/6/2023,6,2023,jun-23,643.952,7,0,0,0,0,,Monica
DSCN5061,175,4,Guiri,,Pocillopora spp,arana,,23/6/2023,6,2023,jun-23,996.04,8,0,0,0,0,,Monica
DSCN5062,175,5,Guiri,,Pocillopora spp,arana,,23/6/2023,6,2023,jun-23,1365.224,10,0,0,0,0,,Monica
DSCN5063,175,6,Guiri,,Pocillopora spp,arana,,23/6/2023,6,2023,jun-23,1551.213,11,0,0,0,0,,Monica
DSCN5064,175,7,Guiri,,Pocillopora spp,arana,,23/6/2023,6,2023,jun-23,1745.641,10,0,0,0,0,,Monica
DSCN4995,76,1,Guiri,,Pocillopora spp,arana,,23/6/2023,6,2023,jun-23,650.4,5,0,0,0,0,,Monica
DSCN4996,76,2,Guiri,,Pocillopora spp,arana,,23/6/2023,6,2023,jun-23,241.482,5,0,0,0,0,,Monica
DSCN4997,76,3,Guiri,,Pocillopora spp,arana,,23/6/2023,6,2023,jun-23,551.848,4,0,0,0,0,,Monica
DSCN4998,76,4,Guiri,,Pocillopora spp,arana,,23/6/2023,6,2023,jun-23,635.697,6,0,0,0,0,,Monica
DSCN4999,76,5,Guiri,,Pocillopora spp,arana,,23/6/2023,6,2023,jun-23,474.418,7,0,0,0,0,,Monica
DSCN5000,76,6,Guiri,,Pocillopora spp,arana,,23/6/2023,6,2023,jun-23,840.953,5,0,0,0,0,,Monica
DSCN5001,76,7,Guiri,,Pocillopora spp,arana,,23/6/2023,6,2023,jun-23,395.792,5,0,0,0,1,,Monica
DSCN5031,77,1,Guiri,,Pocillopora spp,arana,,23/6/2023,6,2023,jun-23,425.43,5,0,0,0,0,,Monica
DSCN5032,77,2,Guiri,,Pocillopora spp,arana,,23/6/2023,6,2023,jun-23,465.764,7,0,0,0,0,,Monica
DSCN5033,77,3,Guiri,,Pocillopora spp,arana,,23/6/2023,6,2023,jun-23,784.709,6,0,0,0,0,,Monica
DSCN5034,77,4,Guiri,,Pocillopora spp,arana,,23/6/2023,6,2023,jun-23,543.887,4,0,0,0,0,,Monica
DSCN5035,77,5,Guiri,,Pocillopora spp,arana,,23/6/2023,6,2023,jun-23,335.271,4,0,0,0,1,,Monica
DSCN5036,77,6,Guiri,,Pocillopora spp,arana,,23/6/2023,6,2023,jun-23,125.772,3,0,0,0,0,,Monica
DSCN5037,77,7,Guiri,,Pocillopora spp,arana,,23/6/2023,6,2023,jun-23,909.968,9,0,0,0,0,,Monica
DSCN4987,87,1,Guiri,,Pocillopora spp,arana,,23/6/2023,6,2023,jun-23,522.6,4,0,0,0,0,,Monica
DSCN4988,87,2,Guiri,,Pocillopora spp,arana,,23/6/2023,6,2023,jun-23,662.741,5,0,0,0,0,,Monica
DSCN4989,87,3,Guiri,,Pocillopora spp,arana,,23/6/2023,6,2023,jun-23,568.585,5,0,0,0,0,,Monica
DSCN4990,87,4,Guiri,,Pocillopora spp,arana,,23/6/2023,6,2023,jun-23,546.843,4,0,0,0,0,,Monica
DSCN4991,87,5,Guiri,,Pocillopora spp,arana,,23/6/2023,6,2023,jun-23,796.316,6,0,0,0,0,,Monica
DSCN4992,87,6,Guiri,,Pocillopora spp,arana,,23/6/2023,6,2023,jun-23,454.857,4,0,0,0,0,,Monica
DSCN4993,87,7,Guiri,,Pocillopora spp,arana,,23/6/2023,6,2023,jun-23,1395.65,7,0,0,0,0,,Monica
DSCN5003,88,1,Guiri,,Pocillopora spp,arana,,23/6/2023,6,2023,jun-23,376.842,5,0,0,0,0,,Monica
DSCN5004,88,2,Guiri,,Pocillopora spp,arana,,23/6/2023,6,2023,jun-23,511.926,6,0,0,0,0,,Monica
DSCN5006,88,3,Guiri,,Pocillopora spp,arana,,23/6/2023,6,2023,jun-23,397.363,6,0,0,0,0,,Monica
DSCN5007,88,4,Guiri,,Pocillopora spp,arana,,23/6/2023,6,2023,jun-23,187.16,6,0,0,0,0,,Monica
DSCN5008,88,5,Guiri,,Pocillopora spp,arana,,23/6/2023,6,2023,jun-23,515.566,5,0,0,0,0,,Monica
DSCN5009,88,6,Guiri,,Pocillopora spp,arana,,23/6/2023,6,2023,jun-23,271.511,5,0,1,0,0,,Monica
DSCN5010,88,7,Guiri,,Pocillopora spp,arana,,23/6/2023,6,2023,jun-23,821.847,10,0,0,0,0,,Monica
DSCN8291,169,1,Guiri,,Pocillopora spp,arana,,20/7/2023,7,2023,jul-23,848.27,11,0,3,0,0,,Monica
DSCN8292,169,2,Guiri,,Pocillopora spp,arana,,20/7/2023,7,2023,jul-23,1169.712,9,1,0,0,0,,Monica
DSCN8293,169,3,Guiri,,Pocillopora spp,arana,,20/7/2023,7,2023,jul-23,903.219,11,0,0,0,0,1 coral recortado,Monica
DSCN8294,169,4,Guiri,,Pocillopora spp,arana,,20/7/2023,7,2023,jul-23,1054.962,12,0,0,0,0,,Monica
DSCN8295,169,5,Guiri,,Pocillopora spp,arana,,20/7/2023,7,2023,jul-23,983.423,10,0,0,0,0,,Monica
DSCN8296,169,6,Guiri,,Pocillopora spp,arana,,20/7/2023,7,2023,jul-23,940.494,10,1,0,0,0,,Monica
DSCN8297,169,7,Guiri,,Pocillopora spp,arana,,20/7/2023,7,2023,jul-23,2000.138,19,0,0,0,0,,Monica
DSCN8307,170,1,Guiri,,Pocillopora spp,arana,,20/7/2023,7,2023,jul-23,NA,NA,NA,NA,NA,NA,,Monica
DSCN8308,170,2,Guiri,,Pocillopora spp,arana,,20/7/2023,7,2023,jul-23,1014.794,8,0,0,0,0,,Monica
DSCN8309,170,3,Guiri,,Pocillopora spp,arana,,20/7/2023,7,2023,jul-23,917.316,7,0,0,0,0,,Monica
DSCN8310,170,4,Guiri,,Pocillopora spp,arana,,20/7/2023,7,2023,jul-23,981.079,8,0,0,0,0,,Monica
DSCN8312,170,5,Guiri,,Pocillopora spp,arana,,20/7/2023,7,2023,jul-23,1315.398,8,0,1,0,0,,Monica
DSCN8313,170,6,Guiri,,Pocillopora spp,arana,,20/7/2023,7,2023,jul-23,1200.695,7,0,0,0,0,,Monica
DSCN8314,170,7,Guiri,,Pocillopora spp,arana,,20/7/2023,7,2023,jul-23,2184.884,10,0,0,0,0,,Monica
DSCN8283,171,1,Guiri,,Pocillopora spp,arana,,20/7/2023,7,2023,jul-23,900.819,10,0,1,0,0,,Monica
DSCN8284,171,2,Guiri,,Pocillopora spp,arana,,20/7/2023,7,2023,jul-23,737.173,10,0,0,0,0,,Monica
DSCN8285,171,3,Guiri,,Pocillopora spp,arana,,20/7/2023,7,2023,jul-23,1044.206,10,0,0,0,0,,Monica
DSCN8286,171,4,Guiri,,Pocillopora spp,arana,,20/7/2023,7,2023,jul-23,760.963,8,0,0,0,0,,Monica
DSCN8287,171,5,Guiri,,Pocillopora spp,arana,,20/7/2023,7,2023,jul-23,801.179,9,0,0,0,0,,Monica
DSCN8288,171,6,Guiri,,Pocillopora spp,arana,,20/7/2023,7,2023,jul-23,937.339,10,0,1,0,0,,Monica
DSCN8289,171,7,Guiri,,Pocillopora spp,arana,,20/7/2023,7,2023,jul-23,1985.913,13,0,0,0,0,,Monica
DSCN8299,172,1,Guiri,,Pocillopora spp,arana,,20/7/2023,7,2023,jul-23,618.424,9,0,0,0,0,,Monica
DSCN8300,172,2,Guiri,,Pocillopora spp,arana,,20/7/2023,7,2023,jul-23,1091.067,10,0,0,0,0,,Monica
DSCN8301,172,3,Guiri,,Pocillopora spp,arana,,20/7/2023,7,2023,jul-23,1183.515,11,0,0,0,0,,Monica
DSCN8302,172,4,Guiri,,Pocillopora spp,arana,,20/7/2023,7,2023,jul-23,848.936,10,0,0,0,0,,Monica
DSCN8303,172,5,Guiri,,Pocillopora spp,arana,,20/7/2023,7,2023,jul-23,818.13,9,0,0,0,0,,Monica
DSCN8304,172,6,Guiri,,Pocillopora spp,arana,,20/7/2023,7,2023,jul-23,1308.112,11,0,0,0,0,,Monica
DSCN8305,172,7,Guiri,,Pocillopora spp,arana,,20/7/2023,7,2023,jul-23,2165.322,19,0,0,0,0,,Monica
DSCN8317,175,1,Guiri,,Pocillopora spp,arana,,20/7/2023,7,2023,jul-23,583.168,7,0,0,0,0,,Monica
DSCN8318,175,2,Guiri,,Pocillopora spp,arana,,20/7/2023,7,2023,jul-23,554.548,9,0,0,0,1,,Monica
DSCN8319,175,3,Guiri,,Pocillopora spp,arana,,20/7/2023,7,2023,jul-23,719.573,7,0,0,0,0,,Monica
DSCN8320,175,4,Guiri,,Pocillopora spp,arana,,20/7/2023,7,2023,jul-23,753.675,8,0,0,0,0,,Monica
DSCN8321,175,5,Guiri,,Pocillopora spp,arana,,20/7/2023,7,2023,jul-23,1225.373,10,0,0,0,0,,Monica
DSCN8322,175,6,Guiri,,Pocillopora spp,arana,,20/7/2023,7,2023,jul-23,1445.026,11,0,0,0,0,,Monica
DSCN8323,175,7,Guiri,,Pocillopora spp,arana,,20/7/2023,7,2023,jul-23,1414.41,10,0,0,0,0,,Monica
DSCN8341,76,1,Guiri,,Pocillopora spp,arana,,20/7/2023,7,2023,jul-23,799.593,5,0,0,0,0,,Monica
DSCN8342,76,2,Guiri,,Pocillopora spp,arana,,20/7/2023,7,2023,jul-23,295.748,5,0,0,0,0,,Monica
DSCN8343,76,3,Guiri,,Pocillopora spp,arana,,20/7/2023,7,2023,jul-23,710.071,4,0,0,0,0,,Monica
DSCN8344,76,4,Guiri,,Pocillopora spp,arana,,20/7/2023,7,2023,jul-23,783.277,6,0,0,0,0,,Monica
DSCN8345,76,5,Guiri,,Pocillopora spp,arana,,20/7/2023,7,2023,jul-23,565.02,7,0,0,0,0,,Monica
DSCN8346,76,6,Guiri,,Pocillopora spp,arana,,20/7/2023,7,2023,jul-23,873.236,5,0,0,0,0,,Monica
DSCN8347,76,7,Guiri,,Pocillopora spp,arana,,20/7/2023,7,2023,jul-23,443.798,5,0,0,0,1,,Monica
NA,77,1,Guiri,,Pocillopora spp,arana,,20/7/2023,7,2023,jul-23,NA,NA,NA,NA,NA,NA,,Monica
NA,77,2,Guiri,,Pocillopora spp,arana,,20/7/2023,7,2023,jul-23,NA,NA,NA,NA,NA,NA,,Monica
NA,77,3,Guiri,,Pocillopora spp,arana,,20/7/2023,7,2023,jul-23,NA,NA,NA,NA,NA,NA,,Monica
NA,77,4,Guiri,,Pocillopora spp,arana,,20/7/2023,7,2023,jul-23,NA,NA,NA,NA,NA,NA,,Monica
NA,77,5,Guiri,,Pocillopora spp,arana,,20/7/2023,7,2023,jul-23,NA,NA,NA,NA,NA,NA,,Monica
NA,77,6,Guiri,,Pocillopora spp,arana,,20/7/2023,7,2023,jul-23,NA,NA,NA,NA,NA,NA,,Monica
NA,77,7,Guiri,,Pocillopora spp,arana,,20/7/2023,7,2023,jul-23,NA,NA,NA,NA,NA,NA,,Monica
DSCN8332,87,1,Guiri,,Pocillopora spp,arana,,20/7/2023,7,2023,jul-23,409.842,4,0,0,0,0,,Monica
DSCN8333,87,2,Guiri,,Pocillopora spp,arana,,20/7/2023,7,2023,jul-23,678.909,5,0,0,0,0,,Monica
DSCN8334,87,3,Guiri,,Pocillopora spp,arana,,20/7/2023,7,2023,jul-23,593.036,5,0,0,0,0,,Monica
DSCN8335,87,4,Guiri,,Pocillopora spp,arana,,20/7/2023,7,2023,jul-23,457.829,4,0,0,0,0,,Monica
DSCN8336,87,5,Guiri,,Pocillopora spp,arana,,20/7/2023,7,2023,jul-23,738.462,6,0,0,0,0,,Monica
DSCN8337,87,6,Guiri,,Pocillopora spp,arana,,20/7/2023,7,2023,jul-23,492.638,4,0,0,0,0,,Monica
DSCN8338,87,7,Guiri,,Pocillopora spp,arana,,20/7/2023,7,2023,jul-23,1273.445,7,0,0,0,0,,Monica
DSCN8349,88,1,Guiri,,Pocillopora spp,arana,,20/7/2023,7,2023,jul-23,434.2,5,0,0,0,0,,Monica
DSCN8350,88,2,Guiri,,Pocillopora spp,arana,,20/7/2023,7,2023,jul-23,448.26,6,0,0,0,0,,Monica
DSCN8351,88,3,Guiri,,Pocillopora spp,arana,,20/7/2023,7,2023,jul-23,451.464,6,0,0,0,0,,Monica
DSCN8352,88,4,Guiri,,Pocillopora spp,arana,,20/7/2023,7,2023,jul-23,257.233,6,0,0,0,0,,Monica
DSCN8353,88,5,Guiri,,Pocillopora spp,arana,,20/7/2023,7,2023,jul-23,473.908,5,0,0,0,0,,Monica
DSCN8354,88,6,Guiri,,Pocillopora spp,arana,,20/7/2023,7,2023,jul-23,380.243,5,0,1,0,0,,Monica
DSCN8355,88,7,Guiri,,Pocillopora spp,arana,,20/7/2023,7,2023,jul-23,769.621,10,0,0,0,0,,Monica
DSCN9233,169,1,Guiri,,Pocillopora spp,arana,,18/8/2023,8,2023,ago-23,837.358,11,0,3,0,0,,Monica
DSCN9234,169,2,Guiri,,Pocillopora spp,arana,,18/8/2023,8,2023,ago-23,891.537,9,1,0,0,0,,Monica
DSCN9235,169,3,Guiri,,Pocillopora spp,arana,,18/8/2023,8,2023,ago-23,1290.172,11,0,0,0,0,,Monica
DSCN9236,169,4,Guiri,,Pocillopora spp,arana,,18/8/2023,8,2023,ago-23,1513.832,12,0,0,0,0,,Monica
DSCN9237,169,5,Guiri,,Pocillopora spp,arana,,18/8/2023,8,2023,ago-23,1356.548,10,0,0,0,0,,Monica
DSCN9238,169,6,Guiri,,Pocillopora spp,arana,,18/8/2023,8,2023,ago-23,1214.783,10,1,0,0,0,,Monica
DSCN9239,169,7,Guiri,,Pocillopora spp,arana,,18/8/2023,8,2023,ago-23,2906.338,19,0,0,0,0,,Monica
DSCN9257,170,1,Guiri,,Pocillopora spp,arana,,18/8/2023,8,2023,ago-23,NA,NA,NA,NA,NA,NA,,Monica
DSCN9258,170,2,Guiri,,Pocillopora spp,arana,,18/8/2023,8,2023,ago-23,945.569,8,0,0,0,0,,Monica
DSCN9259,170,3,Guiri,,Pocillopora spp,arana,,18/8/2023,8,2023,ago-23,1062.261,7,0,0,0,0,,Monica
DSCN9260,170,4,Guiri,,Pocillopora spp,arana,,18/8/2023,8,2023,ago-23,1110.033,8,0,0,0,0,,Monica
DSCN9261,170,5,Guiri,,Pocillopora spp,arana,,18/8/2023,8,2023,ago-23,1357.267,8,0,1,0,0,,Monica
DSCN9262,170,6,Guiri,,Pocillopora spp,arana,,18/8/2023,8,2023,ago-23,1398.645,7,0,0,0,0,,Monica
DSCN9263,170,7,Guiri,,Pocillopora spp,arana,,18/8/2023,8,2023,ago-23,2216.99,10,0,0,0,0,,Monica
DSCN9225,171,1,Guiri,,Pocillopora spp,arana,,18/8/2023,8,2023,ago-23,942.969,10,0,1,0,0,,Monica
DSCN9226,171,2,Guiri,,Pocillopora spp,arana,,18/8/2023,8,2023,ago-23,851.651,10,0,0,0,0,,Monica
DSCN9227,171,3,Guiri,,Pocillopora spp,arana,,18/8/2023,8,2023,ago-23,942.128,10,0,0,0,0,,Monica
DSCN9228,171,4,Guiri,,Pocillopora spp,arana,,18/8/2023,8,2023,ago-23,926.459,8,0,0,0,0,,Monica
DSCN9229,171,5,Guiri,,Pocillopora spp,arana,,18/8/2023,8,2023,ago-23,922.698,9,0,0,0,0,,Monica
DSCN9230,171,6,Guiri,,Pocillopora spp,arana,,18/8/2023,8,2023,ago-23,1001.75,10,0,1,0,0,,Monica
DSCN9231,171,7,Guiri,,Pocillopora spp,arana,,18/8/2023,8,2023,ago-23,2549.761,13,0,0,0,0,,Monica
DSCN9249,172,1,Guiri,,Pocillopora spp,arana,,18/8/2023,8,2023,ago-23,778.068,9,0,0,0,0,,Monica
DSCN9250,172,2,Guiri,,Pocillopora spp,arana,,18/8/2023,8,2023,ago-23,1194.743,10,0,0,0,0,,Monica
DSCN9251,172,3,Guiri,,Pocillopora spp,arana,,18/8/2023,8,2023,ago-23,1167.055,11,0,0,0,0,,Monica
DSCN9252,172,4,Guiri,,Pocillopora spp,arana,,18/8/2023,8,2023,ago-23,998.784,10,0,0,0,0,,Monica
DSCN9253,172,5,Guiri,,Pocillopora spp,arana,,18/8/2023,8,2023,ago-23,970.858,9,0,0,0,0,,Monica
DSCN9254,172,6,Guiri,,Pocillopora spp,arana,,18/8/2023,8,2023,ago-23,1096.124,11,0,0,0,0,,Monica
DSCN9255,172,7,Guiri,,Pocillopora spp,arana,,18/8/2023,8,2023,ago-23,2188.218,19,0,0,0,0,,Monica
DSCN9265,175,1,Guiri,,Pocillopora spp,arana,,18/8/2023,8,2023,ago-23,704.917,7,0,0,0,0,,Monica
DSCN9266,175,2,Guiri,,Pocillopora spp,arana,,18/8/2023,8,2023,ago-23,801.11,9,0,0,0,1,,Monica
DSCN9267,175,3,Guiri,,Pocillopora spp,arana,,18/8/2023,8,2023,ago-23,628.49,7,0,0,0,0,,Monica
DSCN9268,175,4,Guiri,,Pocillopora spp,arana,,18/8/2023,8,2023,ago-23,876.127,8,0,0,0,0,,Monica
DSCN9269,175,5,Guiri,,Pocillopora spp,arana,,18/8/2023,8,2023,ago-23,1097.179,10,0,0,0,0,,Monica
NA,175,6,Guiri,,Pocillopora spp,arana,,18/8/2023,8,2023,ago-23,NA,NA,NA,NA,NA,NA,,Monica
DSCN9270,175,7,Guiri,,Pocillopora spp,arana,,18/8/2023,8,2023,ago-23,1607.733,10,0,0,0,0,,Monica
DSCN9206,76,1,Guiri,,Pocillopora spp,arana,,18/8/2023,8,2023,ago-23,792.102,5,0,0,0,0,,Monica
DSCN9207,76,2,Guiri,,Pocillopora spp,arana,,18/8/2023,8,2023,ago-23,356.656,5,0,0,0,0,,Monica
DSCN9208,76,3,Guiri,,Pocillopora spp,arana,,18/8/2023,8,2023,ago-23,866.328,4,0,0,0,0,,Monica
DSCN9209,76,4,Guiri,,Pocillopora spp,arana,,18/8/2023,8,2023,ago-23,940.479,6,0,0,0,0,,Monica
DSCN9210,76,5,Guiri,,Pocillopora spp,arana,,18/8/2023,8,2023,ago-23,675.126,7,0,0,0,0,,Monica
DSCN9211,76,6,Guiri,,Pocillopora spp,arana,,18/8/2023,8,2023,ago-23,1016.47,5,0,0,0,0,,Monica
DSCN9212,76,7,Guiri,,Pocillopora spp,arana,,18/8/2023,8,2023,ago-23,705.43,5,0,0,0,1,,Monica
DSCN9241,77,1,Guiri,,Pocillopora spp,arana,,18/8/2023,8,2023,ago-23,478.303,5,0,0,0,0,,Monica
DSCN9242,77,2,Guiri,,Pocillopora spp,arana,,18/8/2023,8,2023,ago-23,636.057,7,0,0,0,0,,Monica
DSCN9243,77,3,Guiri,,Pocillopora spp,arana,,18/8/2023,8,2023,ago-23,938.034,6,0,0,0,0,,Monica
DSCN9244,77,4,Guiri,,Pocillopora spp,arana,,18/8/2023,8,2023,ago-23,823.983,4,0,0,0,0,,Monica
DSCN9245,77,5,Guiri,,Pocillopora spp,arana,,18/8/2023,8,2023,ago-23,514.463,4,0,0,0,1,,Monica
DSCN9246,77,6,Guiri,,Pocillopora spp,arana,,18/8/2023,8,2023,ago-23,119.88,3,0,0,0,0,,Monica
DSCN9247,77,7,Guiri,,Pocillopora spp,arana,,18/8/2023,8,2023,ago-23,848.503,9,0,0,0,0,,Monica
DSCN9198,87,1,Guiri,,Pocillopora spp,arana,,18/8/2023,8,2023,ago-23,474.213,4,0,0,0,0,,Monica
DSCN9199,87,2,Guiri,,Pocillopora spp,arana,,18/8/2023,8,2023,ago-23,808.974,5,0,0,0,0,,Monica
DSCN9200,87,3,Guiri,,Pocillopora spp,arana,,18/8/2023,8,2023,ago-23,631.461,5,0,0,0,0,,Monica
DSCN9201,87,4,Guiri,,Pocillopora spp,arana,,18/8/2023,8,2023,ago-23,405.433,4,0,0,0,0,,Monica
DSCN9202,87,5,Guiri,,Pocillopora spp,arana,,18/8/2023,8,2023,ago-23,816.681,6,0,0,0,0,,Monica
DSCN9203,87,6,Guiri,,Pocillopora spp,arana,,18/8/2023,8,2023,ago-23,585.358,4,0,0,0,0,,Monica
DSCN9204,87,7,Guiri,,Pocillopora spp,arana,,18/8/2023,8,2023,ago-23,1491.355,7,0,0,0,0,,Monica
DSCN9216,88,1,Guiri,,Pocillopora spp,arana,,18/8/2023,8,2023,ago-23,507.24,5,0,0,0,0,,Monica
DSCN9217,88,2,Guiri,,Pocillopora spp,arana,,18/8/2023,8,2023,ago-23,548.497,6,0,0,0,0,,Monica
DSCN9218,88,3,Guiri,,Pocillopora spp,arana,,18/8/2023,8,2023,ago-23,587.993,6,0,0,0,0,,Monica
DSCN9219,88,4,Guiri,,Pocillopora spp,arana,,18/8/2023,8,2023,ago-23,244.813,6,0,0,0,0,,Monica
DSCN9220,88,5,Guiri,,Pocillopora spp,arana,,18/8/2023,8,2023,ago-23,566.758,5,0,0,0,0,,Monica
DSCN9221,88,6,Guiri,,Pocillopora spp,arana,,18/8/2023,8,2023,ago-23,346.098,5,0,1,0,0,,Monica
DSCN9222,88,7,Guiri,,Pocillopora spp,arana,,18/8/2023,8,2023,ago-23,955.351,10,0,2,0,0,,Monica
P9235148,169,1,Guiri,,Pocillopora spp,arana,,,9,2023,set-23,1281.507,11,0,0,0,0,,Monica
P9235149,169,2,Guiri,,Pocillopora spp,arana,,,9,2023,set-23,1278.178,9,0,0,2,0,,Monica
P9235150,169,3,Guiri,,Pocillopora spp,arana,,,9,2023,set-23,1503.653,11,0,0,0,0,Esquina inferior derecha tapada por otro coral,Monica
P9235151,169,4,Guiri,,Pocillopora spp,arana,,,9,2023,set-23,1615.153,12,0,0,0,0,,Monica
P9235152,169,5,Guiri,,Pocillopora spp,arana,,,9,2023,set-23,1397.029,10,0,0,0,0,,Monica
P9235153,169,6,Guiri,,Pocillopora spp,arana,,,9,2023,set-23,1312.78,10,0,0,0,0,,Monica
P9235154,169,7,Guiri,,Pocillopora spp,arana,,,9,2023,set-23,NA,19,0,0,0,0,Ya no se ve la varilla,Monica
P9235172,170,1,Guiri,,Pocillopora spp,arana,,,9,2023,set-23,NA,NA,NA,NA,NA,NA,,Monica
P9235173,170,2,Guiri,,Pocillopora spp,arana,,,9,2023,set-23,867.943,8,0,0,0,0,,Monica
P9235174,170,3,Guiri,,Pocillopora spp,arana,,,9,2023,set-23,1055.481,7,0,0,0,0,,Monica
P9235175,170,4,Guiri,,Pocillopora spp,arana,,,9,2023,set-23,1129.971,8,0,0,0,0,,Monica
P9235176,170,5,Guiri,,Pocillopora spp,arana,,,9,2023,set-23,1138.11,8,0,0,0,0,,Monica
P9235177,170,6,Guiri,,Pocillopora spp,arana,,,9,2023,set-23,1077.165,7,0,0,0,0,,Monica
P9235178,170,7,Guiri,,Pocillopora spp,arana,,,9,2023,set-23,2575.606,10,0,0,0,0,,Monica
P9235139,171,1,Guiri,,Pocillopora spp,arana,,,9,2023,set-23,1072.473,10,0,0,0,0,,Monica
P9235141,171,2,Guiri,,Pocillopora spp,arana,,,9,2023,set-23,778.642,10,0,0,0,0,,Monica
P9235142,171,3,Guiri,,Pocillopora spp,arana,,,9,2023,set-23,919.882,10,0,0,0,0,,Monica
P9235143,171,4,Guiri,,Pocillopora spp,arana,,,9,2023,set-23,764.916,8,0,0,0,0,Parte de abajo tapada por otro coral,Monica
P9235144,171,5,Guiri,,Pocillopora spp,arana,,,9,2023,set-23,811.755,9,0,1,0,0,Colonias de abajo enterradas parcialmente,Monica
P9235145,171,6,Guiri,,Pocillopora spp,arana,,,9,2023,set-23,959.981,10,0,1,0,0,Colonias de abajo enterradas parcialmente,Monica
P9235146,171,7,Guiri,,Pocillopora spp,arana,,,9,2023,set-23,2484.648,13,0,0,0,0,,Monica
P9235164,172,1,Guiri,,Pocillopora spp,arana,,,9,2023,set-23,793.18,9,0,0,0,0,,Monica
P9235165,172,2,Guiri,,Pocillopora spp,arana,,,9,2023,set-23,1131.912,10,0,0,0,0,,Monica
P9235166,172,3,Guiri,,Pocillopora spp,arana,,,9,2023,set-23,964.441,11,0,0,0,0,,Monica
P9235167,172,4,Guiri,,Pocillopora spp,arana,,,9,2023,set-23,1101.01,10,0,0,0,0,,Monica
P9235168,172,5,Guiri,,Pocillopora spp,arana,,,9,2023,set-23,776.352,9,0,0,0,0,Parte de abajo tapada ,Monica
P9235169,172,6,Guiri,,Pocillopora spp,arana,,,9,2023,set-23,1003.856,11,0,0,0,0,,Monica
P9235170,172,7,Guiri,,Pocillopora spp,arana,,,9,2023,set-23,NA,19,0,0,0,0,,Monica
P9235180,175,1,Guiri,,Pocillopora spp,arana,,,9,2023,set-23,564.851,7,0,0,0,0,,Monica
P9235181,175,2,Guiri,,Pocillopora spp,arana,,,9,2023,set-23,668.458,9,0,0,0,0,,Monica
P9235182,175,3,Guiri,,Pocillopora spp,arana,,,9,2023,set-23,635.679,7,0,0,0,0,,Monica
P9235183,175,4,Guiri,,Pocillopora spp,arana,,,9,2023,set-23,1164.63,8,0,0,0,0,,Monica
P9235185,175,5,Guiri,,Pocillopora spp,arana,,,9,2023,set-23,1124.794,10,0,0,0,0,,Monica
P9235186,175,6,Guiri,,Pocillopora spp,arana,,,9,2023,set-23,1439.008,11,0,0,0,0,,Monica
P9235187,175,7,Guiri,,Pocillopora spp,arana,,,9,2023,set-23,1379.447,10,0,0,0,0,,Monica
P9235119,76,1,Guiri,,Pocillopora spp,arana,,,9,2023,set-23,1025.848,5,0,0,0,0,,Monica
P9235120,76,2,Guiri,,Pocillopora spp,arana,,,9,2023,set-23,593.426,5,0,0,0,0,,Monica
P9235121,76,3,Guiri,,Pocillopora spp,arana,,,9,2023,set-23,805.12,4,0,0,0,0,,Monica
P9235122,76,4,Guiri,,Pocillopora spp,arana,,,9,2023,set-23,1073,6,0,0,0,0,,Monica
P9235123,76,5,Guiri,,Pocillopora spp,arana,,,9,2023,set-23,849.642,7,0,0,0,0,,Monica
P9235124,76,6,Guiri,,Pocillopora spp,arana,,,9,2023,set-23,1363.177,5,0,0,0,0,,Monica
P9235125,76,7,Guiri,,Pocillopora spp,arana,,,9,2023,set-23,706.757,5,0,0,0,0,,Monica
P9235156,77,1,Guiri,,Pocillopora spp,arana,,,9,2023,set-23,716.917,5,0,0,0,0,,Monica
P9235157,77,2,Guiri,,Pocillopora spp,arana,,,9,2023,set-23,496.392,7,0,0,0,0,,Monica
P9235158,77,3,Guiri,,Pocillopora spp,arana,,,9,2023,set-23,898.758,6,0,0,0,0,,Monica
P9235159,77,4,Guiri,,Pocillopora spp,arana,,,9,2023,set-23,692.343,4,0,0,0,0,,Monica
P9235160,77,5,Guiri,,Pocillopora spp,arana,,,9,2023,set-23,384.175,4,0,0,0,0,,Monica
P9235161,77,6,Guiri,,Pocillopora spp,arana,,,9,2023,set-23,347.145,3,0,0,0,0,,Monica
P9235162,77,7,Guiri,,Pocillopora spp,arana,,,9,2023,set-23,883.136,9,0,0,0,0,,Monica
P9235126,87,1,Guiri,,Pocillopora spp,arana,,,9,2023,set-23,585.551,4,0,0,0,0,,Monica
P9235127,87,2,Guiri,,Pocillopora spp,arana,,,9,2023,set-23,831.119,5,0,0,0,0,,Monica
P9235128,87,3,Guiri,,Pocillopora spp,arana,,,9,2023,set-23,659.91,5,0,0,0,0,,Monica
P9235129,87,4,Guiri,,Pocillopora spp,arana,,,9,2023,set-23,403.398,4,0,0,0,0,,Monica
P9235130,87,5,Guiri,,Pocillopora spp,arana,,,9,2023,set-23,982.268,6,0,0,0,0,,Monica
P9235131,87,6,Guiri,,Pocillopora spp,arana,,,9,2023,set-23,732.424,4,0,0,0,0,,Monica
P9235133,87,7,Guiri,,Pocillopora spp,arana,,,9,2023,set-23,1507.358,7,0,0,0,1,,Monica
P9235112,88,1,Guiri,,Pocillopora spp,arana,,,9,2023,set-23,583.644,5,0,0,0,0,,Monica
P9235113,88,2,Guiri,,Pocillopora spp,arana,,,9,2023,set-23,627.582,6,0,0,0,0,,Monica
P9235114,88,3,Guiri,,Pocillopora spp,arana,,,9,2023,set-23,636.978,6,1,0,0,0,,Monica
P9235115,88,4,Guiri,,Pocillopora spp,arana,,,9,2023,set-23,233.438,6,0,0,0,0,,Monica
P9235116,88,5,Guiri,,Pocillopora spp,arana,,,9,2023,set-23,785.095,5,0,0,0,0,,Monica
P9235117,88,6,Guiri,,Pocillopora spp,arana,,,9,2023,set-23,506.219,5,0,0,0,0,,Monica
P9235137,88,7,Guiri,,Pocillopora spp,arana,,,9,2023,set-23,734.136,10,0,1,0,0,,Monica
DSCN1037,169,1,Guiri,,Pocillopora spp,arana,,,10,2023,oct-23,937.203,11,0,3,0,0,,Monica
DSCN1038,169,2,Guiri,,Pocillopora spp,arana,,,10,2023,oct-23,1039.394,9,0,0,0,0,,Monica
DSCN1039,169,3,Guiri,,Pocillopora spp,arana,,,10,2023,oct-23,1189.104,11,0,0,0,0,,Monica
DSCN1040,169,4,Guiri,,Pocillopora spp,arana,,,10,2023,oct-23,1274.301,12,0,0,0,0,,Monica
DSCN1041,169,5,Guiri,,Pocillopora spp,arana,,,10,2023,oct-23,1264.147,10,0,0,0,0,,Monica
DSCN1042,169,6,Guiri,,Pocillopora spp,arana,,,10,2023,oct-23,953.666,10,0,0,0,0,,Monica
DSCN1043,169,7,Guiri,,Pocillopora spp,arana,,,10,2023,oct-23,NA,19,0,0,0,0,,Monica
DSCN1064,170,1,Guiri,,Pocillopora spp,arana,,,10,2023,oct-23,NA,NA,NA,NA,NA,NA,,Monica
DSCN1065,170,2,Guiri,,Pocillopora spp,arana,,,10,2023,oct-23,955.143,8,0,0,0,0,,Monica
DSCN1066,170,3,Guiri,,Pocillopora spp,arana,,,10,2023,oct-23,903.715,7,0,0,0,0,,Monica
DSCN1067,170,4,Guiri,,Pocillopora spp,arana,,,10,2023,oct-23,1006.664,8,0,0,0,0,,Monica
DSCN1068,170,5,Guiri,,Pocillopora spp,arana,,,10,2023,oct-23,981.723,8,0,0,0,0,,Monica
DSCN1069,170,6,Guiri,,Pocillopora spp,arana,,,10,2023,oct-23,1111.839,7,0,0,0,0,,Monica
DSCN1070,170,7,Guiri,,Pocillopora spp,arana,,,10,2023,oct-23,2469.437,10,0,0,0,0,,Monica
DSCN1029,171,1,Guiri,,Pocillopora spp,arana,,,10,2023,oct-23,978.703,10,0,0,0,1,,Monica
DSCN1030,171,2,Guiri,,Pocillopora spp,arana,,,10,2023,oct-23,811.23,10,0,0,0,3,,Monica
DSCN1031,171,3,Guiri,,Pocillopora spp,arana,,,10,2023,oct-23,830.376,10,0,0,0,4,,Monica
DSCN1032,171,4,Guiri,,Pocillopora spp,arana,,,10,2023,oct-23,830.545,8,0,0,0,2,,Monica
DSCN1033,171,5,Guiri,,Pocillopora spp,arana,,,10,2023,oct-23,551.211,9,0,0,0,0,Eterrados,Monica
DSCN1034,171,6,Guiri,,Pocillopora spp,arana,,,10,2023,oct-23,793.991,10,0,0,0,0,Eterrados,Monica
DSCN1035,171,7,Guiri,,Pocillopora spp,arana,,,10,2023,oct-23,NA,13,0,0,0,4,,Monica
DSCN1054,172,1,Guiri,,Pocillopora spp,arana,,,10,2023,oct-23,595.281,9,0,0,0,1,,Monica
DSCN1055,172,2,Guiri,,Pocillopora spp,arana,,,10,2023,oct-23,1111.367,10,0,0,0,2,,Monica
DSCN1056,172,3,Guiri,,Pocillopora spp,arana,,,10,2023,oct-23,1087.172,11,0,0,0,2,,Monica
DSCN1057,172,4,Guiri,,Pocillopora spp,arana,,,10,2023,oct-23,965.092,10,0,0,0,2,,Monica
DSCN1058,172,5,Guiri,,Pocillopora spp,arana,,,10,2023,oct-23,574.625,9,0,0,0,2,,Monica
DSCN1059,172,6,Guiri,,Pocillopora spp,arana,,,10,2023,oct-23,1030.108,11,0,0,0,1,,Monica
DSCN1060,172,7,Guiri,,Pocillopora spp,arana,,,10,2023,oct-23,NA,19,0,0,0,5,,Monica
NA,175,1,Guiri,,Pocillopora spp,arana,,,10,2023,oct-23,NA,7,0,0,0,0,,Monica
NA,175,2,Guiri,,Pocillopora spp,arana,,,10,2023,oct-23,NA,9,0,0,0,0,,Monica
NA,175,3,Guiri,,Pocillopora spp,arana,,,10,2023,oct-23,NA,7,0,0,0,0,,Monica
NA,175,4,Guiri,,Pocillopora spp,arana,,,10,2023,oct-23,NA,8,0,0,0,0,,Monica
NA,175,5,Guiri,,Pocillopora spp,arana,,,10,2023,oct-23,NA,10,0,0,0,0,,Monica
NA,175,6,Guiri,,Pocillopora spp,arana,,,10,2023,oct-23,NA,11,0,0,0,0,,Monica
NA,175,7,Guiri,,Pocillopora spp,arana,,,10,2023,oct-23,NA,10,0,0,0,0,,Monica
NA,76,1,Guiri,,Pocillopora spp,arana,,,10,2023,oct-23,867.182,5,0,0,0,2,,Monica
DSCN1083,76,2,Guiri,,Pocillopora spp,arana,,,10,2023,oct-23,345.171,5,0,0,0,2,,Monica
DSCN1084,76,3,Guiri,,Pocillopora spp,arana,,,10,2023,oct-23,883.274,4,0,0,0,2,,Monica
DSCN1085,76,4,Guiri,,Pocillopora spp,arana,,,10,2023,oct-23,1031.968,6,0,0,0,2,,Monica
DSCN1086,76,5,Guiri,,Pocillopora spp,arana,,,10,2023,oct-23,751.144,7,0,0,0,3,,Monica
DSCN1087,76,6,Guiri,,Pocillopora spp,arana,,,10,2023,oct-23,1076.903,5,0,0,0,4,,Monica
DSCN1088,76,7,Guiri,,Pocillopora spp,arana,,,10,2023,oct-23,576.936,5,0,0,0,4,,Monica
DSCN1045,77,1,Guiri,,Pocillopora spp,arana,,,10,2023,oct-23,639.486,5,0,0,0,4,,Monica
DSCN1046,77,2,Guiri,,Pocillopora spp,arana,,,10,2023,oct-23,522.044,7,0,1,0,3,,Monica
DSCN1047,77,3,Guiri,,Pocillopora spp,arana,,,10,2023,oct-23,1060.335,6,0,0,0,3,,Monica
DSCN1048,77,4,Guiri,,Pocillopora spp,arana,,,10,2023,oct-23,677.762,4,0,0,0,3,,Monica
DSCN1049,77,5,Guiri,,Pocillopora spp,arana,,,10,2023,oct-23,418.235,4,0,0,0,1,,Monica
DSCN1050,77,6,Guiri,,Pocillopora spp,arana,,,10,2023,oct-23,239.077,3,0,0,0,1,,Monica
DSCN1051,77,7,Guiri,,Pocillopora spp,arana,,,10,2023,oct-23,881.161,9,0,0,0,4,,Monica
DSCN1073,87,1,Guiri,,Pocillopora spp,arana,,,10,2023,oct-23,819.535,4,0,0,0,3,,Monica
DSCN1074,87,2,Guiri,,Pocillopora spp,arana,,,10,2023,oct-23,795.066,5,0,0,0,2,,Monica
DSCN1075,87,3,Guiri,,Pocillopora spp,arana,,,10,2023,oct-23,638.566,5,0,0,0,2,,Monica
DSCN1076,87,4,Guiri,,Pocillopora spp,arana,,,10,2023,oct-23,896.327,4,0,0,0,2,,Monica
DSCN1077,87,5,Guiri,,Pocillopora spp,arana,,,10,2023,oct-23,834.369,6,0,0,0,4,,Monica
DSCN1078,87,6,Guiri,,Pocillopora spp,arana,,,10,2023,oct-23,699.666,4,0,0,0,3,no foto,Monica
DSCN1079,87,7,Guiri,,Pocillopora spp,arana,,,10,2023,oct-23,1261.877,7,0,0,0,5,,Monica
DSCN1090,88,1,Guiri,,Pocillopora spp,arana,,,10,2023,oct-23,643.247,5,0,0,0,4,,Monica
DSCN1091,88,2,Guiri,,Pocillopora spp,arana,,,10,2023,oct-23,591.137,6,1,0,0,1,,Monica
DSCN1092,88,3,Guiri,,Pocillopora spp,arana,,,10,2023,oct-23,691.095,6,0,0,0,2,,Monica
DSCN1093,88,4,Guiri,,Pocillopora spp,arana,,,10,2023,oct-23,759.655,6,0,0,0,1,,Monica
DSCN1094,88,5,Guiri,,Pocillopora spp,arana,,,10,2023,oct-23,471.888,5,0,0,0,1,,Monica
NA,88,6,Guiri,,Pocillopora spp,arana,,,10,2023,oct-23,NA,5,0,0,0,NA,,Monica
DSCN1095,88,7,Guiri,,Pocillopora spp,arana,,,10,2023,oct-23,872.351,10,0,0,0,6,,Monica
DSCN1798,169,1,Guiri,,Pocillopora spp,arana,,,11,2023,nov-23,1048.472,11,1,0,0,0,,Monica
DSCN1799,169,2,Guiri,,Pocillopora spp,arana,,,11,2023,nov-23,1280.062,9,3,0,0,0,,Monica
DSCN1800,169,3,Guiri,,Pocillopora spp,arana,,,11,2023,nov-23,1372.282,11,0,0,0,0,,Monica
DSCN1801,169,4,Guiri,,Pocillopora spp,arana,,,11,2023,nov-23,1302.52,12,0,0,0,0,,Monica
DSCN1802,169,5,Guiri,,Pocillopora spp,arana,,,11,2023,nov-23,1167.025,10,0,0,0,0,,Monica
DSCN1803,169,6,Guiri,,Pocillopora spp,arana,,,11,2023,nov-23,1065.915,10,0,0,0,0,,Monica
DSCN1804,169,7,Guiri,,Pocillopora spp,arana,,,11,2023,nov-23,NA,19,0,0,0,0,,Monica
DSCN1774,170,1,Guiri,,Pocillopora spp,arana,,,11,2023,nov-23,NA,NA,NA,NA,NA,NA,,Monica
DSCN1775,170,2,Guiri,,Pocillopora spp,arana,,,11,2023,nov-23,895.708,8,0,0,0,0,,Monica
DSCN1776,170,3,Guiri,,Pocillopora spp,arana,,,11,2023,nov-23,1043.819,7,0,0,0,0,,Monica
DSCN1777,170,4,Guiri,,Pocillopora spp,arana,,,11,2023,nov-23,1010.388,8,0,0,0,0,,Monica
DSCN1778,170,5,Guiri,,Pocillopora spp,arana,,,11,2023,nov-23,1097.077,8,0,0,0,0,,Monica
DSCN1779,170,6,Guiri,,Pocillopora spp,arana,,,11,2023,nov-23,1421.025,7,0,0,0,0,,Monica
DSCN1780,170,7,Guiri,,Pocillopora spp,arana,,,11,2023,nov-23,2376.821,10,0,0,0,0,,Monica
DSCN1806,171,1,Guiri,,Pocillopora spp,arana,,,11,2023,nov-23,887.814,10,0,0,0,1,,Monica
DSCN1807,171,2,Guiri,,Pocillopora spp,arana,,,11,2023,nov-23,868.536,10,0,0,0,1,,Monica
DSCN1808,171,3,Guiri,,Pocillopora spp,arana,,,11,2023,nov-23,908.883,10,0,0,0,3,,Monica
DSCN1809,171,4,Guiri,,Pocillopora spp,arana,,,11,2023,nov-23,740.877,8,0,0,0,2,,Monica
DSCN1810,171,5,Guiri,,Pocillopora spp,arana,,,11,2023,nov-23,534.957,9,0,0,0,0,Enterrados los de abajo,Monica
DSCN1811,171,6,Guiri,,Pocillopora spp,arana,,,11,2023,nov-23,745.314,10,0,0,0,0,Enterrados los de abajo,Monica
DSCN1812,171,7,Guiri,,Pocillopora spp,arana,,,11,2023,nov-23,NA,NA,NA,NA,NA,NA,no foto,Monica
DSCN1782,172,1,Guiri,,Pocillopora spp,arana,,,11,2023,nov-23,775.756,9,0,0,0,2,,Monica
DSCN1783,172,2,Guiri,,Pocillopora spp,arana,,,11,2023,nov-23,933.345,10,0,0,0,2,,Monica
DSCN1784,172,3,Guiri,,Pocillopora spp,arana,,,11,2023,nov-23,953.301,11,1,0,0,2,,Monica
DSCN1785,172,4,Guiri,,Pocillopora spp,arana,,,11,2023,nov-23,1014.679,10,0,0,0,2,,Monica
DSCN1786,172,5,Guiri,,Pocillopora spp,arana,,,11,2023,nov-23,1020.767,9,0,0,0,3,,Monica
DSCN1787,172,6,Guiri,,Pocillopora spp,arana,,,11,2023,nov-23,957.814,11,0,0,0,1,,Monica
DSCN1788,172,7,Guiri,,Pocillopora spp,arana,,,11,2023,nov-23,NA,19,0,0,0,4,,Monica
DSCN1766,293,1,Guiri,,Pocillopora spp,arana,,,11,2023,nov-23,757.678,7,0,0,0,1,,Monica
DSCN1767,293,2,Guiri,,Pocillopora spp,arana,,,11,2023,nov-23,857.947,9,2,2,0,0,Antes 175,Monica
DSCN1768,293,3,Guiri,,Pocillopora spp,arana,,,11,2023,nov-23,1155.975,7,0,0,0,0,Antes 175,Monica
DSCN1769,293,4,Guiri,,Pocillopora spp,arana,,,11,2023,nov-23,362.196,8,0,0,0,3,Antes 175,Monica
DSCN1770,293,5,Guiri,,Pocillopora spp,arana,,,11,2023,nov-23,530.834,10,0,0,0,0,Antes 175,Monica
DSCN1771,293,6,Guiri,,Pocillopora spp,arana,,,11,2023,nov-23,611.793,11,0,0,0,0,Antes 175,Monica
DSCN1772,293,7,Guiri,,Pocillopora spp,arana,,,11,2023,nov-23,1008.898,10,0,0,0,3,Antes 175,Monica
DSCN1827,76,1,Guiri,,Pocillopora spp,arana,,,11,2023,nov-23,719.774,5,0,0,0,2,,Monica
DSCN1828,76,2,Guiri,,Pocillopora spp,arana,,,11,2023,nov-23,374.346,5,0,0,0,3,,Monica
DSCN1829,76,3,Guiri,,Pocillopora spp,arana,,,11,2023,nov-23,873.107,4,0,0,0,3,,Monica
DSCN1830,76,4,Guiri,,Pocillopora spp,arana,,,11,2023,nov-23,834.088,6,0,0,0,2,,Monica
DSCN1831,76,5,Guiri,,Pocillopora spp,arana,,,11,2023,nov-23,725.156,7,0,0,0,3,,Monica
DSCN1832,76,6,Guiri,,Pocillopora spp,arana,,,11,2023,nov-23,947.297,5,0,0,0,4,,Monica
DSCN1833,76,7,Guiri,,Pocillopora spp,arana,,,11,2023,nov-23,406.527,5,0,0,0,3,,Monica
DSCN1790,77,1,Guiri,,Pocillopora spp,arana,,,11,2023,nov-23,683.021,5,0,0,0,2,,Monica
DSCN1791,77,2,Guiri,,Pocillopora spp,arana,,,11,2023,nov-23,582.44,7,0,0,1,3,,Monica
DSCN1792,77,3,Guiri,,Pocillopora spp,arana,,,11,2023,nov-23,920.792,6,0,0,0,2,,Monica
DSCN1793,77,4,Guiri,,Pocillopora spp,arana,,,11,2023,nov-23,752.849,4,0,0,0,3,,Monica
DSCN1794,77,5,Guiri,,Pocillopora spp,arana,,,11,2023,nov-23,351.648,4,0,0,1,0,,Monica
DSCN1795,77,6,Guiri,,Pocillopora spp,arana,,,11,2023,nov-23,229.496,3,0,0,0,1,,Monica
DSCN1796,77,7,Guiri,,Pocillopora spp,arana,,,11,2023,nov-23,725.165,9,0,0,0,4,,Monica
DSCN1819,87,1,Guiri,,Pocillopora spp,arana,,,11,2023,nov-23,516.278,4,0,0,0,3,,Monica
DSCN1820,87,2,Guiri,,Pocillopora spp,arana,,,11,2023,nov-23,663.245,5,0,0,0,1,,Monica
DSCN1821,87,3,Guiri,,Pocillopora spp,arana,,,11,2023,nov-23,778.123,5,0,0,0,1,,Monica
DSCN1822,87,4,Guiri,,Pocillopora spp,arana,,,11,2023,nov-23,515.227,4,0,0,0,2,,Monica
DSCN1823,87,5,Guiri,,Pocillopora spp,arana,,,11,2023,nov-23,799.016,6,2,1,0,2,,Monica
DSCN1824,87,6,Guiri,,Pocillopora spp,arana,,,11,2023,nov-23,728.545,4,0,0,0,1,,Monica
DSCN1825,87,7,Guiri,,Pocillopora spp,arana,,,11,2023,nov-23,1314.189,7,0,0,0,5,,Monica
DSCN1835,88,1,Guiri,,Pocillopora spp,arana,,,11,2023,nov-23,626.426,5,0,2,0,3,,Monica
DSCN1836,88,2,Guiri,,Pocillopora spp,arana,,,11,2023,nov-23,554.908,6,0,1,0,5,,Monica
DSCN1837,88,3,Guiri,,Pocillopora spp,arana,,,11,2023,nov-23,519.547,6,0,0,0,1,,Monica
DSCN1838,88,4,Guiri,,Pocillopora spp,arana,,,11,2023,nov-23,303.232,6,0,0,0,1,,Monica
DSCN1839,88,5,Guiri,,Pocillopora spp,arana,,,11,2023,nov-23,734.542,5,0,0,0,1,,Monica
DSCN1840,88,6,Guiri,,Pocillopora spp,arana,,,11,2023,nov-23,524.278,5,0,0,0,1,,Monica
DSCN1841,88,7,Guiri,,Pocillopora spp,arana,,,11,2023,nov-23,961.066,10,0,0,0,5,,Monica
DSCN8238,169,1,Guiri,,Pocillopora spp,arana,,,1,2024,ene-24,1096.263,11,0,0,0,0,,Monica
DSCN8239,169,2,Guiri,,Pocillopora spp,arana,,,1,2024,ene-24,1262.392,9,0,0,0,0,,Monica
DSCN8240,169,3,Guiri,,Pocillopora spp,arana,,,1,2024,ene-24,906.626,11,0,0,0,0,,Monica
DSCN8241,169,4,Guiri,,Pocillopora spp,arana,,,1,2024,ene-24,1198.521,12,0,0,0,0,,Monica
DSCN8242,169,5,Guiri,,Pocillopora spp,arana,,,1,2024,ene-24,1183.407,10,0,0,0,0,,Monica
DSCN8243,169,6,Guiri,,Pocillopora spp,arana,,,1,2024,ene-24,986.787,10,0,0,0,0,,Monica
DSCN8244,169,7,Guiri,,Pocillopora spp,arana,,,1,2024,ene-24,NA,19,0,0,0,0,,Monica
DSCN8263,170,1,Guiri,,Pocillopora spp,arana,,,1,2024,ene-24,NA,NA,NA,NA,NA,NA,,Monica
DSCN8264,170,2,Guiri,,Pocillopora spp,arana,,,1,2024,ene-24,1066.335,8,0,0,0,0,,Monica
DSCN8265,170,3,Guiri,,Pocillopora spp,arana,,,1,2024,ene-24,1070.509,7,0,0,0,0,,Monica
DSCN8266,170,4,Guiri,,Pocillopora spp,arana,,,1,2024,ene-24,1198.351,8,0,0,0,0,,Monica
DSCN8267,170,5,Guiri,,Pocillopora spp,arana,,,1,2024,ene-24,1174.572,8,0,0,0,0,,Monica
DSCN8268,170,6,Guiri,,Pocillopora spp,arana,,,1,2024,ene-24,1377.996,7,0,0,0,0,,Monica
DSCN8269,170,7,Guiri,,Pocillopora spp,arana,,,1,2024,ene-24,2591.977,10,0,0,0,0,,Monica
DSCN8230,171,1,Guiri,,Pocillopora spp,arana,,,1,2024,ene-24,991.152,10,0,0,0,0,,Monica
DSCN8231,171,2,Guiri,,Pocillopora spp,arana,,,1,2024,ene-24,810.739,10,0,0,0,0,,Monica
DSCN8232,171,3,Guiri,,Pocillopora spp,arana,,,1,2024,ene-24,973.81,10,0,0,0,0,,Monica
DSCN8233,171,4,Guiri,,Pocillopora spp,arana,,,1,2024,ene-24,913.167,8,0,1,0,0,Enterrado los de abajo,Monica
DSCN8234,171,5,Guiri,,Pocillopora spp,arana,,,1,2024,ene-24,496.638,9,0,0,0,0,Enterrado los de abajo,Monica
DSCN8235,171,6,Guiri,,Pocillopora spp,arana,,,1,2024,ene-24,901.254,10,0,0,0,0,,Monica
DSCN8236,171,7,Guiri,,Pocillopora spp,arana,,,1,2024,ene-24,NA,13,0,0,0,0,,Monica
DSCN8254,172,1,Guiri,,Pocillopora spp,arana,,,1,2024,ene-24,959.83,9,0,0,0,0,,Monica
DSCN8255,172,2,Guiri,,Pocillopora spp,arana,,,1,2024,ene-24,814.695,10,0,0,0,0,,Monica
DSCN8256,172,3,Guiri,,Pocillopora spp,arana,,,1,2024,ene-24,1011.835,11,1,0,0,0,,Monica
DSCN8257,172,4,Guiri,,Pocillopora spp,arana,,,1,2024,ene-24,1030.055,10,0,0,0,0,,Monica
DSCN8258,172,5,Guiri,,Pocillopora spp,arana,,,1,2024,ene-24,593.179,9,0,0,0,0,,Monica
DSCN8259,172,6,Guiri,,Pocillopora spp,arana,,,1,2024,ene-24,1040.115,11,0,0,0,0,,Monica
DSCN8260,172,7,Guiri,,Pocillopora spp,arana,,,1,2024,ene-24,NA,19,0,0,0,1,,Monica
DSCN8271,293,1,Guiri,,Pocillopora spp,arana,,,1,2024,ene-24,902.889,7,0,0,0,0,,Monica
DSCN8272,293,2,Guiri,,Pocillopora spp,arana,,,1,2024,ene-24,1853.803,9,0,0,0,0,,Monica
DSCN8273,293,3,Guiri,,Pocillopora spp,arana,,,1,2024,ene-24,448.899,7,0,0,0,0,,Monica
DSCN8274,293,4,Guiri,,Pocillopora spp,arana,,,1,2024,ene-24,707.598,8,1,0,0,0,,Monica
DSCN8275,293,5,Guiri,,Pocillopora spp,arana,,,1,2024,ene-24,605.966,10,0,0,0,0,,Monica
DSCN8276,293,6,Guiri,,Pocillopora spp,arana,,,1,2024,ene-24,916.775,11,0,0,0,0,,Monica
DSCN8277,293,7,Guiri,,Pocillopora spp,arana,,,1,2024,ene-24,1090.168,10,0,2,0,0,,Monica
DSCN8288,76,1,Guiri,,Pocillopora spp,arana,,,1,2024,ene-24,968.448,5,0,0,0,0,,Monica
DSCN8289,76,2,Guiri,,Pocillopora spp,arana,,,1,2024,ene-24,372.527,5,0,0,0,0,,Monica
DSCN8290,76,3,Guiri,,Pocillopora spp,arana,,,1,2024,ene-24,933.024,4,0,0,0,0,,Monica
DSCN8291,76,4,Guiri,,Pocillopora spp,arana,,,1,2024,ene-24,983.784,6,0,0,0,0,,Monica
DSCN8292,76,5,Guiri,,Pocillopora spp,arana,,,1,2024,ene-24,905.528,7,0,0,0,0,,Monica
DSCN8293,76,6,Guiri,,Pocillopora spp,arana,,,1,2024,ene-24,834.569,5,0,0,0,0,,Monica
DSCN8294,76,7,Guiri,,Pocillopora spp,arana,,,1,2024,ene-24,667.18,5,0,0,0,0,,Monica
DSCN8246,77,1,Guiri,,Pocillopora spp,arana,,,1,2024,ene-24,685.537,5,0,1,0,0,,Monica
DSCN8247,77,2,Guiri,,Pocillopora spp,arana,,,1,2024,ene-24,657.95,7,0,1,0,0,,Monica
DSCN8248,77,3,Guiri,,Pocillopora spp,arana,,,1,2024,ene-24,1211.775,6,0,0,0,0,,Monica
DSCN8249,77,4,Guiri,,Pocillopora spp,arana,,,1,2024,ene-24,648.699,4,0,0,0,0,,Monica
DSCN8250,77,5,Guiri,,Pocillopora spp,arana,,,1,2024,ene-24,394.851,4,0,0,0,0,,Monica
DSCN8251,77,6,Guiri,,Pocillopora spp,arana,,,1,2024,ene-24,238.55,3,0,0,0,0,,Monica
DSCN8252,77,7,Guiri,,Pocillopora spp,arana,,,1,2024,ene-24,796.795,9,1,0,0,1,,Monica
DSCN8279,87,1,Guiri,,Pocillopora spp,arana,,,1,2024,ene-24,633.823,4,0,0,0,0,,Monica
DSCN8280,87,2,Guiri,,Pocillopora spp,arana,,,1,2024,ene-24,653.246,5,0,0,0,0,,Monica
DSCN8281,87,3,Guiri,,Pocillopora spp,arana,,,1,2024,ene-24,867.082,5,0,0,0,0,,Monica
DSCN8282,87,4,Guiri,,Pocillopora spp,arana,,,1,2024,ene-24,590.698,4,0,0,0,1,,Monica
DSCN8283,87,5,Guiri,,Pocillopora spp,arana,,,1,2024,ene-24,903.836,6,3,0,0,0,,Monica
DSCN8284,87,6,Guiri,,Pocillopora spp,arana,,,1,2024,ene-24,763.376,4,0,0,0,1,,Monica
DSCN8286,87,7,Guiri,,Pocillopora spp,arana,,,1,2024,ene-24,1411.621,7,1,2,0,1,,Monica
DSCN8296,88,1,Guiri,,Pocillopora spp,arana,,,1,2024,ene-24,544.545,5,0,0,1,0,,Monica
DSCN8297,88,2,Guiri,,Pocillopora spp,arana,,,1,2024,ene-24,653.947,6,0,2,0,0,,Monica
DSCN8298,88,3,Guiri,,Pocillopora spp,arana,,,1,2024,ene-24,588.081,6,0,0,1,0,,Monica
DSCN8299,88,4,Guiri,,Pocillopora spp,arana,,,1,2024,ene-24,568.82,6,0,0,1,0,,Monica
DSCN8300,88,5,Guiri,,Pocillopora spp,arana,,,1,2024,ene-24,390.224,5,0,0,0,0,,Monica
DSCN8301,88,6,Guiri,,Pocillopora spp,arana,,,1,2024,ene-24,739.257,5,0,0,0,0,,Monica
DSCN8303,88,7,Guiri,,Pocillopora spp,arana,,,1,2024,ene-24,958.95,10,0,1,0,0,,Monica
DSCN9190,169,1,Guiri,,Pocillopora spp,arana,,,1,2024,feb-24,1076.593,11,0,0,0,1,,Monica
DSCN9191,169,2,Guiri,,Pocillopora spp,arana,,,1,2024,feb-24,882.694,9,0,0,0,0,,Monica
DSCN9192,169,3,Guiri,,Pocillopora spp,arana,,,1,2024,feb-24,1164.064,11,0,0,0,0,,Monica
DSCN9193,169,4,Guiri,,Pocillopora spp,arana,,,1,2024,feb-24,983.894,12,0,0,0,0,,Monica
DSCN9194,169,5,Guiri,,Pocillopora spp,arana,,,1,2024,feb-24,1404.904,10,0,0,0,0,,Monica
DSCN9195,169,6,Guiri,,Pocillopora spp,arana,,,1,2024,feb-24,1083.345,10,0,0,0,0,,Monica
DSCN9196,169,7,Guiri,,Pocillopora spp,arana,,,2,2024,feb-24,NA,19,0,0,0,0,,Monica
DSCN9217,170,1,Guiri,,Pocillopora spp,arana,,,2,2024,feb-24,NA,NA,NA,NA,NA,NA,,Monica
DSCN9218,170,2,Guiri,,Pocillopora spp,arana,,,2,2024,feb-24,1031.949,8,0,0,0,0,,Monica
DSCN9219,170,3,Guiri,,Pocillopora spp,arana,,,2,2024,feb-24,1035.354,7,0,0,0,0,,Monica
DSCN9220,170,4,Guiri,,Pocillopora spp,arana,,,2,2024,feb-24,1043.874,8,0,0,0,0,,Monica
DSCN9221,170,5,Guiri,,Pocillopora spp,arana,,,2,2024,feb-24,1253.602,8,0,0,0,0,,Monica
DSCN9222,170,6,Guiri,,Pocillopora spp,arana,,,2,2024,feb-24,1356.895,7,0,0,0,0,,Monica
DSCN9223,170,7,Guiri,,Pocillopora spp,arana,,,2,2024,feb-24,2327.517,10,0,0,0,0,,Monica
DSCN9182,171,1,Guiri,,Pocillopora spp,arana,,,2,2024,feb-24,993.16,10,0,0,0,0,,Monica
DSCN9183,171,2,Guiri,,Pocillopora spp,arana,,,2,2024,feb-24,905.869,10,0,0,0,0,,Monica
DSCN9184,171,3,Guiri,,Pocillopora spp,arana,,,2,2024,feb-24,1153.099,10,0,0,0,0,,Monica
DSCN9185,171,4,Guiri,,Pocillopora spp,arana,,,2,2024,feb-24,941.874,8,0,0,0,0,,Monica
DSCN9186,171,5,Guiri,,Pocillopora spp,arana,,,2,2024,feb-24,860.168,9,0,0,0,0,,Monica
DSCN9187,171,6,Guiri,,Pocillopora spp,arana,,,2,2024,feb-24,995.87,10,0,0,0,0,,Monica
DSCN9188,171,7,Guiri,,Pocillopora spp,arana,,,2,2024,feb-24,NA,13,0,0,0,0,,Monica
DSCN9209,172,1,Guiri,,Pocillopora spp,arana,,,2,2024,feb-24,931.208,9,0,0,0,0,,Monica
DSCN9210,172,2,Guiri,,Pocillopora spp,arana,,,2,2024,feb-24,1014.481,10,0,0,0,0,,Monica
DSCN9211,172,3,Guiri,,Pocillopora spp,arana,,,2,2024,feb-24,1061.946,11,0,1,0,0,,Monica
DSCN9212,172,4,Guiri,,Pocillopora spp,arana,,,2,2024,feb-24,1039.249,10,0,0,0,0,,Monica
DSCN9213,172,5,Guiri,,Pocillopora spp,arana,,,2,2024,feb-24,620.82,9,0,0,0,0,,Monica
DSCN9214,172,6,Guiri,,Pocillopora spp,arana,,,2,2024,feb-24,1009.313,11,0,0,0,0,,Monica
DSCN9215,172,7,Guiri,,Pocillopora spp,arana,,,2,2024,feb-24,NA,19,0,0,0,0,,Monica
DSCN9225,293,1,Guiri,,Pocillopora spp,arana,,,2,2024,feb-24,917.85,7,3,0,0,0,,Monica
DSCN9226,293,2,Guiri,,Pocillopora spp,arana,,,2,2024,feb-24,1176.133,9,0,0,0,0,,Monica
DSCN9227,293,3,Guiri,,Pocillopora spp,arana,,,2,2024,feb-24,394.01,7,0,0,0,0,,Monica
DSCN9228,293,4,Guiri,,Pocillopora spp,arana,,,2,2024,feb-24,530.505,8,1,0,0,0,,Monica
DSCN9229,293,5,Guiri,,Pocillopora spp,arana,,,2,2024,feb-24,657.625,10,0,0,0,0,,Monica
DSCN9230,293,6,Guiri,,Pocillopora spp,arana,,,2,2024,feb-24,698.125,11,0,0,0,0,,Monica
DSCN9231,293,7,Guiri,,Pocillopora spp,arana,,,2,2024,feb-24,1283.734,10,0,3,0,0,,Monica
DSCN9243,76,1,Guiri,,Pocillopora spp,arana,,,2,2024,feb-24,680.391,5,0,0,0,0,,Monica
DSCN9244,76,2,Guiri,,Pocillopora spp,arana,,,2,2024,feb-24,297.796,5,0,0,0,0,,Monica
DSCN9245,76,3,Guiri,,Pocillopora spp,arana,,,2,2024,feb-24,795.009,4,0,0,0,0,,Monica
DSCN9246,76,4,Guiri,,Pocillopora spp,arana,,,2,2024,feb-24,964.949,6,0,0,0,0,,Monica
DSCN9247,76,5,Guiri,,Pocillopora spp,arana,,,2,2024,feb-24,792.228,7,0,0,0,0,,Monica
DSCN9248,76,6,Guiri,,Pocillopora spp,arana,,,2,2024,feb-24,700.651,5,0,0,0,0,,Monica
DSCN9249,76,7,Guiri,,Pocillopora spp,arana,,,2,2024,feb-24,982.746,5,0,0,0,0,,Monica
DSCN9198,77,1,Guiri,,Pocillopora spp,arana,,,2,2024,feb-24,664.839,5,0,0,0,0,,Monica
DSCN9199,77,2,Guiri,,Pocillopora spp,arana,,,2,2024,feb-24,488.4,7,0,0,0,0,,Monica
DSCN9200,77,3,Guiri,,Pocillopora spp,arana,,,2,2024,feb-24,980.335,6,0,0,0,0,,Monica
DSCN9201,77,4,Guiri,,Pocillopora spp,arana,,,2,2024,feb-24,795.465,4,0,0,0,0,,Monica
DSCN9202,77,5,Guiri,,Pocillopora spp,arana,,,2,2024,feb-24,496.991,4,0,0,0,0,,Monica
DSCN9203,77,6,Guiri,,Pocillopora spp,arana,,,2,2024,feb-24,212.974,3,0,0,0,0,,Monica
DSCN9204,77,7,Guiri,,Pocillopora spp,arana,,,2,2024,feb-24,933.28,9,0,0,0,0,,Monica
DSCN9233,87,1,Guiri,,Pocillopora spp,arana,,,2,2024,feb-24,694.148,4,0,0,0,0,,Monica
DSCN9235,87,2,Guiri,,Pocillopora spp,arana,,,2,2024,feb-24,728.447,5,0,0,0,0,,Monica
DSCN9236,87,3,Guiri,,Pocillopora spp,arana,,,2,2024,feb-24,734.268,5,0,0,0,0,,Monica
DSCN9237,87,4,Guiri,,Pocillopora spp,arana,,,2,2024,feb-24,655.644,4,3,0,0,0,,Monica
DSCN9238,87,5,Guiri,,Pocillopora spp,arana,,,2,2024,feb-24,806.731,6,0,0,0,0,,Monica
DSCN9239,87,6,Guiri,,Pocillopora spp,arana,,,2,2024,feb-24,869.081,4,1,2,0,0,,Monica
DSCN9240,87,7,Guiri,,Pocillopora spp,arana,,,2,2024,feb-24,1413.013,7,0,0,0,0,,Monica
DSCN9254,88,1,Guiri,,Pocillopora spp,arana,,,2,2024,feb-24,669.951,5,0,0,0,0,,Monica
DSCN9255,88,2,Guiri,,Pocillopora spp,arana,,,2,2024,feb-24,564.691,6,0,0,0,0,,Monica
DSCN9256,88,3,Guiri,,Pocillopora spp,arana,,,2,2024,feb-24,548.592,6,0,0,0,0,,Monica
DSCN9257,88,4,Guiri,,Pocillopora spp,arana,,,2,2024,feb-24,333.878,6,0,0,0,0,,Monica
DSCN9258,88,5,Guiri,,Pocillopora spp,arana,,,2,2024,feb-24,810.42,5,0,0,0,0,,Monica
DSCN9259,88,6,Guiri,,Pocillopora spp,arana,,,2,2024,feb-24,452.025,5,0,0,0,0,,Monica
DSCN9260,88,7,Guiri,,Pocillopora spp,arana,,,2,2024,feb-24,874.185,10,0,0,0,0,,Monica
DSCN0336,169,1,Guiri,,Pocillopora spp,arana,,,3,2024,mar-24,1213.648,11,0,0,0,0,,Monica
DSCN0337,169,2,Guiri,,Pocillopora spp,arana,,,3,2024,mar-24,1050.993,9,0,0,0,0,,Monica
DSCN0338,169,3,Guiri,,Pocillopora spp,arana,,,3,2024,mar-24,1468.071,11,0,0,0,0,,Monica
DSCN0339,169,4,Guiri,,Pocillopora spp,arana,,,3,2024,mar-24,1594.149,12,0,0,0,0,,Monica
DSCN0340,169,5,Guiri,,Pocillopora spp,arana,,,3,2024,mar-24,1175.454,10,0,0,0,0,,Monica
DSCN0341,169,6,Guiri,,Pocillopora spp,arana,,,3,2024,mar-24,1599.396,10,0,0,0,0,,Monica
DSCN0342,169,7,Guiri,,Pocillopora spp,arana,,,3,2024,mar-24,NA,19,0,0,0,0,,Monica
DSCN0312,170,1,Guiri,,Pocillopora spp,arana,,,3,2024,mar-24,NA,NA,NA,NA,NA,NA,,Monica
DSCN0313,170,2,Guiri,,Pocillopora spp,arana,,,3,2024,mar-24,1095.59,8,0,0,0,0,,Monica
DSCN0314,170,3,Guiri,,Pocillopora spp,arana,,,3,2024,mar-24,1291.94,7,0,0,0,0,,Monica
DSCN0315,170,4,Guiri,,Pocillopora spp,arana,,,3,2024,mar-24,1360.084,8,0,0,0,0,,Monica
DSCN0316,170,5,Guiri,,Pocillopora spp,arana,,,3,2024,mar-24,1346.101,8,0,0,0,0,,Monica
DSCN0317,170,6,Guiri,,Pocillopora spp,arana,,,3,2024,mar-24,1421.782,7,0,0,0,0,,Monica
DSCN0318,170,7,Guiri,,Pocillopora spp,arana,,,3,2024,mar-24,2338.102,10,0,0,0,0,,Monica
DSCN0352,171,1,Guiri,,Pocillopora spp,arana,,,3,2024,mar-24,1033.39,10,0,0,0,0,,Monica
DSCN0353,171,2,Guiri,,Pocillopora spp,arana,,,3,2024,mar-24,1166.512,10,0,0,0,0,,Monica
DSCN0354,171,3,Guiri,,Pocillopora spp,arana,,,3,2024,mar-24,1056.494,10,0,0,0,0,,Monica
DSCN0355,171,4,Guiri,,Pocillopora spp,arana,,,3,2024,mar-24,707.465,8,0,0,0,0,,Monica
DSCN0356,171,5,Guiri,,Pocillopora spp,arana,,,3,2024,mar-24,987.502,9,0,0,0,0,,Monica
NA,171,6,Guiri,,Pocillopora spp,arana,,,3,2024,mar-24,NA,NA,NA,NA,NA,NA,,Monica
DSCN0357,171,7,Guiri,,Pocillopora spp,arana,,,3,2024,mar-24,NA,NA,NA,NA,NA,NA,No foto,Monica
DSCN0328,172,1,Guiri,,Pocillopora spp,arana,,,3,2024,mar-24,587.679,9,0,0,0,0,,Monica
DSCN0329,172,2,Guiri,,Pocillopora spp,arana,,,3,2024,mar-24,1137.213,10,0,0,0,0,,Monica
DSCN0330,172,3,Guiri,,Pocillopora spp,arana,,,3,2024,mar-24,1208.84,11,0,1,0,0,,Monica
DSCN0331,172,4,Guiri,,Pocillopora spp,arana,,,3,2024,mar-24,966.579,10,0,0,0,0,,Monica
DSCN0332,172,5,Guiri,,Pocillopora spp,arana,,,3,2024,mar-24,581.376,9,0,0,0,0,,Monica
DSCN0333,172,6,Guiri,,Pocillopora spp,arana,,,3,2024,mar-24,1033.518,11,0,0,0,0,,Monica
DSCN0334,172,7,Guiri,,Pocillopora spp,arana,,,3,2024,mar-24,NA,19,0,0,0,0,,Monica
DSCN0320,293,1,Guiri,,Pocillopora spp,arana,,,3,2024,mar-24,887.97,7,0,0,0,0,,Monica
DSCN0321,293,2,Guiri,,Pocillopora spp,arana,,,3,2024,mar-24,888.398,9,0,0,0,0,,Monica
DSCN0322,293,3,Guiri,,Pocillopora spp,arana,,,3,2024,mar-24,1556.597,7,0,0,0,0,,Monica
DSCN0323,293,4,Guiri,,Pocillopora spp,arana,,,3,2024,mar-24,513.198,8,0,0,0,0,,Monica
DSCN0324,293,5,Guiri,,Pocillopora spp,arana,,,3,2024,mar-24,741.033,10,1,0,0,0,,Monica
DSCN0325,293,6,Guiri,,Pocillopora spp,arana,,,3,2024,mar-24,636.412,11,0,0,0,0,,Monica
DSCN0326,293,7,Guiri,,Pocillopora spp,arana,,,3,2024,mar-24,1588.884,10,0,0,0,0,,Monica
,76,1,Guiri,,Pocillopora spp,arana,,,3,2024,mar-24,,,,,,,,
,76,2,Guiri,,Pocillopora spp,arana,,,3,2024,mar-24,,,,,,,,
,76,3,Guiri,,Pocillopora spp,arana,,,3,2024,mar-24,,,,,,,,
,76,4,Guiri,,Pocillopora spp,arana,,,3,2024,mar-24,,,,,,,,
,76,5,Guiri,,Pocillopora spp,arana,,,3,2024,mar-24,,,,,,,,
,76,6,Guiri,,Pocillopora spp,arana,,,3,2024,mar-24,,,,,,,,
,76,7,Guiri,,Pocillopora spp,arana,,,3,2024,mar-24,,,,,,,,
,77,1,Guiri,,Pocillopora spp,arana,,,3,2024,mar-24,,,,,,,,
,77,2,Guiri,,Pocillopora spp,arana,,,3,2024,mar-24,,,,,,,,
,77,3,Guiri,,Pocillopora spp,arana,,,3,2024,mar-24,,,,,,,,
,77,4,Guiri,,Pocillopora spp,arana,,,3,2024,mar-24,,,,,,,,
,77,5,Guiri,,Pocillopora spp,arana,,,3,2024,mar-24,,,,,,,,
,77,6,Guiri,,Pocillopora spp,arana,,,3,2024,mar-24,,,,,,,,
,77,7,Guiri,,Pocillopora spp,arana,,,3,2024,mar-24,,,,,,,,
,87,1,Guiri,,Pocillopora spp,arana,,,3,2024,mar-24,,,,,,,,
,87,2,Guiri,,Pocillopora spp,arana,,,3,2024,mar-24,,,,,,,,
,87,3,Guiri,,Pocillopora spp,arana,,,3,2024,mar-24,,,,,,,,
,87,4,Guiri,,Pocillopora spp,arana,,,3,2024,mar-24,,,,,,,,
,87,5,Guiri,,Pocillopora spp,arana,,,3,2024,mar-24,,,,,,,,
,87,6,Guiri,,Pocillopora spp,arana,,,3,2024,mar-24,,,,,,,,
,87,7,Guiri,,Pocillopora spp,arana,,,3,2024,mar-24,,,,,,,,
,88,1,Guiri,,Pocillopora spp,arana,,,3,2024,mar-24,,,,,,,,
,88,2,Guiri,,Pocillopora spp,arana,,,3,2024,mar-24,,,,,,,,
,88,3,Guiri,,Pocillopora spp,arana,,,3,2024,mar-24,,,,,,,,
,88,4,Guiri,,Pocillopora spp,arana,,,3,2024,mar-24,,,,,,,,
,88,5,Guiri,,Pocillopora spp,arana,,,3,2024,mar-24,,,,,,,,
,88,6,Guiri,,Pocillopora spp,arana,,,3,2024,mar-24,,,,,,,,
,88,7,Guiri,,Pocillopora spp,arana,,,3,2024,mar-24,,,,,,,,
DSCN1250,169,1,Guiri,,Pocillopora spp,arana,,,5,2024,may-24,1578.097,11,0,0,0,0,,Monica
DSCN1251,169,2,Guiri,,Pocillopora spp,arana,,,5,2024,may-24,985.563,9,0,0,0,0,,Monica
DSCN1252,169,3,Guiri,,Pocillopora spp,arana,,,5,2024,may-24,1014.058,11,0,0,0,0,,Monica
DSCN1253,169,4,Guiri,,Pocillopora spp,arana,,,5,2024,may-24,1261.765,12,0,0,0,0,,Monica
DSCN1254,169,5,Guiri,,Pocillopora spp,arana,,,5,2024,may-24,1038.714,10,0,0,0,0,,Monica
DSCN1255,169,6,Guiri,,Pocillopora spp,arana,,,5,2024,may-24,1100.939,10,0,0,0,0,,Monica
DSCN1257,169,7,Guiri,,Pocillopora spp,arana,,,5,2024,may-24,NA,19,0,0,0,0,,Monica
DSCN1275,170,1,Guiri,,Pocillopora spp,arana,,,5,2024,may-24,NA,NA,NA,NA,NA,NA,,Monica
DSCN1276,170,2,Guiri,,Pocillopora spp,arana,,,5,2024,may-24,1263.35,8,0,0,0,0,,Monica
DSCN1277,170,3,Guiri,,Pocillopora spp,arana,,,5,2024,may-24,1134.895,7,0,0,0,0,,Monica
DSCN1278,170,4,Guiri,,Pocillopora spp,arana,,,5,2024,may-24,1316.465,8,0,0,0,0,,Monica
DSCN1279,170,5,Guiri,,Pocillopora spp,arana,,,5,2024,may-24,1203.65,8,0,0,0,0,,Monica
DSCN1280,170,6,Guiri,,Pocillopora spp,arana,,,5,2024,may-24,1540.125,7,0,0,0,0,,Monica
DSCN1281,170,7,Guiri,,Pocillopora spp,arana,,,5,2024,may-24,2327.719,10,0,0,0,0,,Monica
DSCN1242,171,1,Guiri,,Pocillopora spp,arana,,,5,2024,may-24,1061.72,10,0,0,0,0,,Monica
DSCN1243,171,2,Guiri,,Pocillopora spp,arana,,,5,2024,may-24,1022.959,10,0,0,0,0,,Monica
DSCN1244,171,3,Guiri,,Pocillopora spp,arana,,,5,2024,may-24,989.591,10,0,0,0,0,,Monica
DSCN1245,171,4,Guiri,,Pocillopora spp,arana,,,5,2024,may-24,741.855,8,0,0,0,0,,Monica
DSCN1246,171,5,Guiri,,Pocillopora spp,arana,,,5,2024,may-24,620.181,9,0,0,0,0,,Monica
DSCN1247,171,6,Guiri,,Pocillopora spp,arana,,,5,2024,may-24,989.387,10,0,0,0,0,,Monica
DSCN1248,171,7,Guiri,,Pocillopora spp,arana,,,5,2024,may-24,NA,13,0,0,0,0,,Monica
DSCN1267,172,1,Guiri,,Pocillopora spp,arana,,,5,2024,may-24,784.198,9,0,0,0,0,,Monica
DSCN1268,172,2,Guiri,,Pocillopora spp,arana,,,5,2024,may-24,1322.108,10,0,0,0,0,,Monica
DSCN1269,172,3,Guiri,,Pocillopora spp,arana,,,5,2024,may-24,934.149,11,0,0,0,0,,Monica
DSCN1270,172,4,Guiri,,Pocillopora spp,arana,,,5,2024,may-24,916.645,10,0,0,0,0,,Monica
DSCN1271,172,5,Guiri,,Pocillopora spp,arana,,,5,2024,may-24,544.623,9,0,0,0,0,,Monica
DSCN1272,172,6,Guiri,,Pocillopora spp,arana,,,5,2024,may-24,1041.446,11,0,0,0,0,,Monica
DSCN1273,172,7,Guiri,,Pocillopora spp,arana,,,5,2024,may-24,NA,19,0,0,0,0,,Monica
DSCN1283,293,1,Guiri,,Pocillopora spp,arana,,,5,2024,may-24,621.817,7,0,0,0,0,,Monica
DSCN1284,293,2,Guiri,,Pocillopora spp,arana,,,5,2024,may-24,827.919,9,0,0,0,0,,Monica
DSCN1285,293,3,Guiri,,Pocillopora spp,arana,,,5,2024,may-24,1338.945,7,0,0,0,0,,Monica
DSCN1286,293,4,Guiri,,Pocillopora spp,arana,,,5,2024,may-24,507.296,8,0,0,0,0,,Monica
DSCN1287,293,5,Guiri,,Pocillopora spp,arana,,,5,2024,may-24,655.505,10,0,0,0,0,,Monica
DSCN1288,293,6,Guiri,,Pocillopora spp,arana,,,5,2024,may-24,702.948,11,0,0,0,0,,Monica
DSCN1290,293,7,Guiri,,Pocillopora spp,arana,,,5,2024,may-24,1510.079,10,0,3,0,0,,Monica
,76,1,Guiri,,Pocillopora spp,arana,,,5,2024,may-24,,,,,,,,
,76,2,Guiri,,Pocillopora spp,arana,,,5,2024,may-24,,,,,,,,
,76,3,Guiri,,Pocillopora spp,arana,,,5,2024,may-24,,,,,,,,
,76,4,Guiri,,Pocillopora spp,arana,,,5,2024,may-24,,,,,,,,
,76,5,Guiri,,Pocillopora spp,arana,,,5,2024,may-24,,,,,,,,
,76,6,Guiri,,Pocillopora spp,arana,,,5,2024,may-24,,,,,,,,
,76,7,Guiri,,Pocillopora spp,arana,,,5,2024,may-24,,,,,,,,
,77,1,Guiri,,Pocillopora spp,arana,,,5,2024,may-24,,,,,,,,
,77,2,Guiri,,Pocillopora spp,arana,,,5,2024,may-24,,,,,,,,
,77,3,Guiri,,Pocillopora spp,arana,,,5,2024,may-24,,,,,,,,
,77,4,Guiri,,Pocillopora spp,arana,,,5,2024,may-24,,,,,,,,
,77,5,Guiri,,Pocillopora spp,arana,,,5,2024,may-24,,,,,,,,
,77,6,Guiri,,Pocillopora spp,arana,,,5,2024,may-24,,,,,,,,
,77,7,Guiri,,Pocillopora spp,arana,,,5,2024,may-24,,,,,,,,
,87,1,Guiri,,Pocillopora spp,arana,,,5,2024,may-24,,,,,,,,
,87,2,Guiri,,Pocillopora spp,arana,,,5,2024,may-24,,,,,,,,
,87,3,Guiri,,Pocillopora spp,arana,,,5,2024,may-24,,,,,,,,
,87,4,Guiri,,Pocillopora spp,arana,,,5,2024,may-24,,,,,,,,
,87,5,Guiri,,Pocillopora spp,arana,,,5,2024,may-24,,,,,,,,
,87,6,Guiri,,Pocillopora spp,arana,,,5,2024,may-24,,,,,,,,
,87,7,Guiri,,Pocillopora spp,arana,,,5,2024,may-24,,,,,,,,
,88,1,Guiri,,Pocillopora spp,arana,,,5,2024,may-24,,,,,,,,
,88,2,Guiri,,Pocillopora spp,arana,,,5,2024,may-24,,,,,,,,
,88,3,Guiri,,Pocillopora spp,arana,,,5,2024,may-24,,,,,,,,
,88,4,Guiri,,Pocillopora spp,arana,,,5,2024,may-24,,,,,,,,
,88,5,Guiri,,Pocillopora spp,arana,,,5,2024,may-24,,,,,,,,
,88,6,Guiri,,Pocillopora spp,arana,,,5,2024,may-24,,,,,,,,
,88,7,Guiri,,Pocillopora spp,arana,,,5,2024,may-24,,,,,,,,
DSCN8814,169,1,Guiri,,Pocillopora spp,arana,,,6,2024,jun-24,NA,NA,NA,NA,NA,NA,Poca visibilidad de las estructuras,Monica
DSCN8815,169,2,Guiri,,Pocillopora spp,arana,,,6,2024,jun-24,NA,NA,NA,NA,NA,NA,,Monica
DSCN8816,169,3,Guiri,,Pocillopora spp,arana,,,6,2024,jun-24,NA,NA,NA,NA,NA,NA,,Monica
DSCN8817,169,4,Guiri,,Pocillopora spp,arana,,,6,2024,jun-24,NA,NA,NA,NA,NA,NA,,Monica
DSCN8818,169,5,Guiri,,Pocillopora spp,arana,,,6,2024,jun-24,NA,NA,NA,NA,NA,NA,,Monica
DSCN8819,169,6,Guiri,,Pocillopora spp,arana,,,6,2024,jun-24,NA,NA,NA,NA,NA,NA,,Monica
DSCN8820,169,7,Guiri,,Pocillopora spp,arana,,,6,2024,jun-24,NA,NA,NA,NA,NA,NA,,Monica
DSCN8843,170,1,Guiri,,Pocillopora spp,arana,,,6,2024,jun-24,NA,NA,NA,NA,NA,NA,,Monica
DSCN8843,170,2,Guiri,,Pocillopora spp,arana,,,6,2024,jun-24,NA,NA,NA,NA,NA,NA,,Monica
DSCN8843,170,3,Guiri,,Pocillopora spp,arana,,,6,2024,jun-24,NA,NA,NA,NA,NA,NA,,Monica
DSCN8843,170,4,Guiri,,Pocillopora spp,arana,,,6,2024,jun-24,NA,NA,NA,NA,NA,NA,,Monica
DSCN8843,170,5,Guiri,,Pocillopora spp,arana,,,6,2024,jun-24,NA,NA,NA,NA,NA,NA,,Monica
DSCN8843,170,6,Guiri,,Pocillopora spp,arana,,,6,2024,jun-24,NA,NA,NA,NA,NA,NA,,Monica
DSCN8843,170,7,Guiri,,Pocillopora spp,arana,,,6,2024,jun-24,NA,NA,NA,NA,NA,NA,,Monica
DSCN8806,171,1,Guiri,,Pocillopora spp,arana,,,6,2024,jun-24,NA,NA,NA,NA,NA,NA,,Monica
DSCN8807,171,2,Guiri,,Pocillopora spp,arana,,,6,2024,jun-24,NA,NA,NA,NA,NA,NA,,Monica
DSCN8808,171,3,Guiri,,Pocillopora spp,arana,,,6,2024,jun-24,NA,NA,NA,NA,NA,NA,,Monica
DSCN8809,171,4,Guiri,,Pocillopora spp,arana,,,6,2024,jun-24,NA,NA,NA,NA,NA,NA,,Monica
DSCN8810,171,5,Guiri,,Pocillopora spp,arana,,,6,2024,jun-24,NA,NA,NA,NA,NA,NA,,Monica
DSCN8811,171,6,Guiri,,Pocillopora spp,arana,,,6,2024,jun-24,NA,NA,NA,NA,NA,NA,,Monica
DSCN8812,171,7,Guiri,,Pocillopora spp,arana,,,6,2024,jun-24,NA,NA,NA,NA,NA,NA,,Monica
DSCN8836,172,1,Guiri,,Pocillopora spp,arana,,,6,2024,jun-24,NA,NA,NA,NA,NA,NA,,Monica
DSCN8837,172,2,Guiri,,Pocillopora spp,arana,,,6,2024,jun-24,NA,NA,NA,NA,NA,NA,,Monica
DSCN8838,172,3,Guiri,,Pocillopora spp,arana,,,6,2024,jun-24,NA,NA,NA,NA,NA,NA,,Monica
DSCN8839,172,4,Guiri,,Pocillopora spp,arana,,,6,2024,jun-24,NA,NA,NA,NA,NA,NA,,Monica
DSCN8840,172,5,Guiri,,Pocillopora spp,arana,,,6,2024,jun-24,NA,NA,NA,NA,NA,NA,,Monica
DSCN8841,172,6,Guiri,,Pocillopora spp,arana,,,6,2024,jun-24,NA,NA,NA,NA,NA,NA,,Monica
DSCN8842,172,7,Guiri,,Pocillopora spp,arana,,,6,2024,jun-24,NA,NA,NA,NA,NA,NA,,Monica
NA,293,1,Guiri,,Pocillopora spp,arana,,,6,2024,jun-24,NA,NA,NA,NA,NA,NA,,Monica
NA,293,2,Guiri,,Pocillopora spp,arana,,,6,2024,jun-24,NA,NA,NA,NA,NA,NA,,Monica
NA,293,3,Guiri,,Pocillopora spp,arana,,,6,2024,jun-24,NA,NA,NA,NA,NA,NA,,Monica
NA,293,4,Guiri,,Pocillopora spp,arana,,,6,2024,jun-24,NA,NA,NA,NA,NA,NA,,Monica
NA,293,5,Guiri,,Pocillopora spp,arana,,,6,2024,jun-24,NA,NA,NA,NA,NA,NA,,Monica
NA,293,6,Guiri,,Pocillopora spp,arana,,,6,2024,jun-24,NA,NA,NA,NA,NA,NA,,Monica
NA,293,7,Guiri,,Pocillopora spp,arana,,,6,2024,jun-24,NA,NA,NA,NA,NA,NA,,Monica
DSCN8865,76,1,Guiri,,Pocillopora spp,arana,,,6,2024,jun-24,NA,NA,NA,NA,NA,NA,,Monica
DSCN8866,76,2,Guiri,,Pocillopora spp,arana,,,6,2024,jun-24,NA,NA,NA,NA,NA,NA,,Monica
DSCN8867,76,3,Guiri,,Pocillopora spp,arana,,,6,2024,jun-24,NA,NA,NA,NA,NA,NA,,Monica
DSCN8868,76,4,Guiri,,Pocillopora spp,arana,,,6,2024,jun-24,NA,NA,NA,NA,NA,NA,,Monica
DSCN8869,76,5,Guiri,,Pocillopora spp,arana,,,6,2024,jun-24,NA,NA,NA,NA,NA,NA,,Monica
DSCN8870,76,6,Guiri,,Pocillopora spp,arana,,,6,2024,jun-24,NA,NA,NA,NA,NA,NA,,Monica
DSCN8871,76,7,Guiri,,Pocillopora spp,arana,,,6,2024,jun-24,NA,NA,NA,NA,NA,NA,,Monica
DSCN8827,77,1,Guiri,,Pocillopora spp,arana,,,6,2024,jun-24,NA,NA,NA,NA,NA,NA,,Monica
DSCN8828,77,2,Guiri,,Pocillopora spp,arana,,,6,2024,jun-24,NA,NA,NA,NA,NA,NA,,Monica
DSCN8829,77,3,Guiri,,Pocillopora spp,arana,,,6,2024,jun-24,NA,NA,NA,NA,NA,NA,,Monica
DSCN8830,77,4,Guiri,,Pocillopora spp,arana,,,6,2024,jun-24,NA,NA,NA,NA,NA,NA,,Monica
DSCN8831,77,5,Guiri,,Pocillopora spp,arana,,,6,2024,jun-24,NA,NA,NA,NA,NA,NA,,Monica
DSCN8832,77,6,Guiri,,Pocillopora spp,arana,,,6,2024,jun-24,NA,NA,NA,NA,NA,NA,,Monica
DSCN8833,77,7,Guiri,,Pocillopora spp,arana,,,6,2024,jun-24,NA,NA,NA,NA,NA,NA,,Monica
DSCN8856,87,1,Guiri,,Pocillopora spp,arana,,,6,2024,jun-24,NA,NA,NA,NA,NA,NA,,Monica
DSCN8856,87,2,Guiri,,Pocillopora spp,arana,,,6,2024,jun-24,NA,NA,NA,NA,NA,NA,,Monica
DSCN8856,87,3,Guiri,,Pocillopora spp,arana,,,6,2024,jun-24,NA,NA,NA,NA,NA,NA,,Monica
DSCN8856,87,4,Guiri,,Pocillopora spp,arana,,,6,2024,jun-24,NA,NA,NA,NA,NA,NA,,Monica
DSCN8856,87,5,Guiri,,Pocillopora spp,arana,,,6,2024,jun-24,NA,NA,NA,NA,NA,NA,,Monica
DSCN8856,87,6,Guiri,,Pocillopora spp,arana,,,6,2024,jun-24,NA,NA,NA,NA,NA,NA,,Monica
DSCN8856,87,7,Guiri,,Pocillopora spp,arana,,,6,2024,jun-24,NA,NA,NA,NA,NA,NA,,Monica
DSCN8873,88,1,Guiri,,Pocillopora spp,arana,,,6,2024,jun-24,NA,NA,NA,NA,NA,NA,,Monica
DSCN8874,88,2,Guiri,,Pocillopora spp,arana,,,6,2024,jun-24,NA,NA,NA,NA,NA,NA,,Monica
DSCN8875,88,3,Guiri,,Pocillopora spp,arana,,,6,2024,jun-24,NA,NA,NA,NA,NA,NA,,Monica
DSCN8876,88,4,Guiri,,Pocillopora spp,arana,,,6,2024,jun-24,NA,NA,NA,NA,NA,NA,,Monica
DSCN8877,88,5,Guiri,,Pocillopora spp,arana,,,6,2024,jun-24,NA,NA,NA,NA,NA,NA,,Monica
DSCN8878,88,6,Guiri,,Pocillopora spp,arana,,,6,2024,jun-24,NA,NA,NA,NA,NA,NA,,Monica
DSCN8879,88,7,Guiri,,Pocillopora spp,arana,,,6,2024,jun-24,NA,NA,NA,NA,NA,NA,,Monica
DSCN2310,169,1,Guiri,,Pocillopora spp,arana,,,10,2024,oct-24,275.802,,,,,,,
DSCN2311,169,2,Guiri,,Pocillopora spp,arana,,,10,2024,oct-24,299.945,,,,,,,
DSCN2312,169,3,Guiri,,Pocillopora spp,arana,,,10,2024,oct-24,399.713,,,,,,,
DSCN2313,169,4,Guiri,,Pocillopora spp,arana,,,10,2024,oct-24,253.745,,,,,,,
DSCN2314,169,5,Guiri,,Pocillopora spp,arana,,,10,2024,oct-24,370.61,,,,,,,
DSCN2315,169,6,Guiri,,Pocillopora spp,arana,,,10,2024,oct-24,473.49,,,,,,,
DSCN2316,169,7,Guiri,,Pocillopora spp,arana,,,10,2024,oct-24,110.899,,,,,,,
NA,170,1,Guiri,,Pocillopora spp,arana,,,10,2024,oct-24,NA,NA,NA,NA,NA,NA,,
NA,170,2,Guiri,,Pocillopora spp,arana,,,10,2024,oct-24,NA,NA,NA,NA,NA,NA,,
NA,170,3,Guiri,,Pocillopora spp,arana,,,10,2024,oct-24,NA,NA,NA,NA,NA,NA,,
NA,170,4,Guiri,,Pocillopora spp,arana,,,10,2024,oct-24,NA,NA,NA,NA,NA,NA,,
NA,170,5,Guiri,,Pocillopora spp,arana,,,10,2024,oct-24,NA,NA,NA,NA,NA,NA,,
NA,170,6,Guiri,,Pocillopora spp,arana,,,10,2024,oct-24,NA,NA,NA,NA,NA,NA,,
NA,170,7,Guiri,,Pocillopora spp,arana,,,10,2024,oct-24,NA,NA,NA,NA,NA,NA,,
DSCN2298,171,1,Guiri,,Pocillopora spp,arana,,,10,2024,oct-24,178.063,,,,,,,
DSCN2299,171,2,Guiri,,Pocillopora spp,arana,,,10,2024,oct-24,225.521,,,,,,,
DSCN2300,171,3,Guiri,,Pocillopora spp,arana,,,10,2024,oct-24,325.728,,,,,,,
DSCN2301,171,4,Guiri,,Pocillopora spp,arana,,,10,2024,oct-24,521.104,,,,,,,
DSCN2302,171,5,Guiri,,Pocillopora spp,arana,,,10,2024,oct-24,423.605,,,,,,,
DSCN2303,171,6,Guiri,,Pocillopora spp,arana,,,10,2024,oct-24,346.334,,,,,,,
DSCN2304,171,7,Guiri,,Pocillopora spp,arana,,,10,2024,oct-24,105.227,,,,,,,
NA,172,1,Guiri,,Pocillopora spp,arana,,,10,2024,oct-24,NA,NA,NA,NA,NA,NA,,
NA,172,2,Guiri,,Pocillopora spp,arana,,,10,2024,oct-24,NA,NA,NA,NA,NA,NA,,
NA,172,3,Guiri,,Pocillopora spp,arana,,,10,2024,oct-24,NA,NA,NA,NA,NA,NA,,
NA,172,4,Guiri,,Pocillopora spp,arana,,,10,2024,oct-24,NA,NA,NA,NA,NA,NA,,
NA,172,5,Guiri,,Pocillopora spp,arana,,,10,2024,oct-24,NA,NA,NA,NA,NA,NA,,
NA,172,6,Guiri,,Pocillopora spp,arana,,,10,2024,oct-24,NA,NA,NA,NA,NA,NA,,
NA,172,7,Guiri,,Pocillopora spp,arana,,,10,2024,oct-24,NA,NA,NA,NA,NA,NA,,
DSCN2328,293,1,Guiri,,Pocillopora spp,arana,,,10,2024,oct-24,340.982,11,,,,,,
DSCN2329,293,2,Guiri,,Pocillopora spp,arana,,,10,2024,oct-24,283.213,9,,,,,,
DSCN2330,293,3,Guiri,,Pocillopora spp,arana,,,10,2024,oct-24,327.646,11,,,,,,
DSCN2331,293,4,Guiri,,Pocillopora spp,arana,,,10,2024,oct-24,350.937,12,,,,,,
DSCN2332,293,5,Guiri,,Pocillopora spp,arana,,,10,2024,oct-24,298.334,10,,,,,,
DSCN2333,293,6,Guiri,,Pocillopora spp,arana,,,10,2024,oct-24,309.067,10,,,,,,
DSCN2334,293,7,Guiri,,Pocillopora spp,arana,,,10,2024,oct-24,372.745,19,,,,,,
DSCN2338,76,1,Guiri,,Pocillopora spp,arana,,,10,2024,oct-24,164.342,NA,,,,,,
DSCN2339,76,2,Guiri,,Pocillopora spp,arana,,,10,2024,oct-24,413.591,8,,,,,,
DSCN2340,76,3,Guiri,,Pocillopora spp,arana,,,10,2024,oct-24,457.419,7,,,,,,
DSCN2341,76,4,Guiri,,Pocillopora spp,arana,,,10,2024,oct-24,180.948,8,,,,,,
DSCN2342,76,5,Guiri,,Pocillopora spp,arana,,,10,2024,oct-24,477.714,8,,,,,,
DSCN2343,76,6,Guiri,,Pocillopora spp,arana,,,10,2024,oct-24,399.784,7,,,,,,
DSCN2344,76,7,Guiri,,Pocillopora spp,arana,,,10,2024,oct-24,798.336,10,,,,,,
DSCN2320,77,1,Guiri,,Pocillopora spp,arana,,,10,2024,oct-24,204.594,10,,,,,,
DSCN2321,77,2,Guiri,,Pocillopora spp,arana,,,10,2024,oct-24,336.849,10,,,,,,
DSCN2322,77,3,Guiri,,Pocillopora spp,arana,,,10,2024,oct-24,247.251,10,,,,,,
DSCN2323,77,4,Guiri,,Pocillopora spp,arana,,,10,2024,oct-24,220.72,8,,,,,,
DSCN2324,77,5,Guiri,,Pocillopora spp,arana,,,10,2024,oct-24,122.399,9,,,,,,
DSCN2325,77,6,Guiri,,Pocillopora spp,arana,,,10,2024,oct-24,107.576,10,,,,,,
DSCN2326,77,7,Guiri,,Pocillopora spp,arana,,,10,2024,oct-24,289.733,13,,,,,,
DSCN2346,384,1,Guiri,,Pocillopora spp,arana,,,10,2024,oct-24,284.083,,,,,,,
DSCN2347,384,2,Guiri,,Pocillopora spp,arana,,,10,2024,oct-24,264.23,,,,,,,
DSCN2348,384,3,Guiri,,Pocillopora spp,arana,,,10,2024,oct-24,486.354,,,,,,,
DSCN2349,384,4,Guiri,,Pocillopora spp,arana,,,10,2024,oct-24,243.451,,,,,,,
DSCN2350,384,5,Guiri,,Pocillopora spp,arana,,,10,2024,oct-24,568.089,,,,,,,
DSCN2351,384,6,Guiri,,Pocillopora spp,arana,,,10,2024,oct-24,316.237,,,,,,,
DSCN2352,384,7,Guiri,,Pocillopora spp,arana,,,10,2024,oct-24,752.749,,,,,,,