photo.code,str.code,lado,site,origin,nursery,frag.date,date,month,year,gira,area.cm2,num.frag,mort.,mort.parc,perd,blanq,notas,digitador
DSCN8590,174,1,Playa Blanca,,arana,,,1,2021,ene-24,148.537,6,0,0,0,0,,Andrea
DSCN8591,174,2,Playa Blanca,,arana,,,1,2021,ene-24,90.308,4,0,1,0,0,,Andrea
DSCN8592,174,3,Playa Blanca,,arana,,,1,2021,ene-24,169.547,7,0,1,0,0,,Andrea
DSCN8594,174,4,Playa Blanca,,arana,,,1,2021,ene-24,122.735,4,0,1,0,0,El del medio segunda fila: blanq/muerto,Andrea
DSCN8595,174,5,Playa Blanca,,arana,,,1,2021,ene-24,100.524,4,0,0,0,0,,Andrea
DSCN8596,174,6,Playa Blanca,,arana,,,1,2021,ene-24,135.267,4,0,1,0,0,,Andrea
DSCN8597,174,7,Playa Blanca,,arana,,,1,2021,ene-24,247.062,17,0,0,0,0,,Andrea
DSCN8580,173,1,Playa Blanca,,arana,,,1,2021,ene-24,108.391,6,0,0,0,0,,Andrea
DSCN8581,173,2,Playa Blanca,,arana,,,1,2021,ene-24,53.490,5,0,2,0,0,,Andrea
DSCN8582,173,3,Playa Blanca,,arana,,,1,2021,ene-24,67.023,5,0,2,0,0,,Andrea
DSCN8584,173,4,Playa Blanca,,arana,,,1,2021,ene-24,75.040,6,0,0,0,0,,Andrea
DSCN8585,173,5,Playa Blanca,,arana,,,1,2021,ene-24,64.484,5,0,1,0,0,,Andrea
DSCN8586,173,6,Playa Blanca,,arana,,,1,2021,ene-24,37.416,6,0,3,0,0,,Andrea
DSCN8588,173,7,Playa Blanca,,arana,,,1,2021,ene-24,272.344,18,0,2,0,0,,Andrea
DSCN8578,20,7,Playa Blanca,,arana,,,1,2021,ene-24,286.664,6,0,6,0,0,,Andrea
DSCN8570,19,1,Playa Blanca,,arana,,,1,2021,ene-24,86.484,6,0,3,0,0,,Andrea
DSCN8571,19,2,Playa Blanca,,arana,,,1,2021,ene-24,72.081,5,0,1,0,0,,Andrea
DSCN8572,19,3,Playa Blanca,,arana,,,1,2021,ene-24,79.287,6,0,1,0,0,,Andrea
DSCN8573,19,4,Playa Blanca,,arana,,,1,2021,ene-24,73.363,6,0,0,0,0,,Andrea
DSCN8574,19,5,Playa Blanca,,arana,,,1,2021,ene-24,62.604,8,0,2,0,0,Ultima fila izq,Andrea
DSCN8575,19,6,Playa Blanca,,arana,,,1,2021,ene-24,67.343,5,0,1,0,0,,Andrea
DSCN8576,19,7,Playa Blanca,,arana,,,1,2021,ene-24,195.343,17,0,3,0,0,,Andrea
DSCN8568,18,7,Playa Blanca,,arana,,,1,2021,ene-24,93.407,1,0,0,0,0,,Andrea
DSCN8560,17,1,Playa Blanca,,arana,,,1,2021,ene-24,40.650,8,0,0,0,0,,Andrea
DSCN8561,17,2,Playa Blanca,,arana,,,1,2021,ene-24,33.362,9,0,1,0,0,No se ve muy bien,Andrea
DSCN8562,17,3,Playa Blanca,,arana,,,1,2021,ene-24,52.607,7,0,0,0,0,,Andrea
DSCN8563,17,4,Playa Blanca,,arana,,,1,2021,ene-24,55.370,3,0,1,0,0,,Andrea
DSCN8564,17,5,Playa Blanca,,arana,,,1,2021,ene-24,54.126,8,0,1,0,0,,Andrea
DSCN8565,17,6,Playa Blanca,,arana,,,1,2021,ene-24,57.914,7,0,1,0,0,,Andrea
DSCN8566,17,7,Playa Blanca,,arana,,,1,2021,ene-24,105.983,13,0,3,0,0,habían vueltas,Andrea
DSCN8510,11,0,Playa Blanca,,arana,,,1,2021,ene-24,NA,NA,NA,NA,NA,NA,Foto de la etiqueta,Maricruz
DSCN8511,11,1,Playa Blanca,,arana,,,1,2021,ene-24,49.063,3,0,1,1,0,,Maricruz
DSCN8512,11,2,Playa Blanca,,arana,,,1,2021,ene-24,64.199,6,0,3,0,0,,Maricruz
DSCN8513,11,3,Playa Blanca,,arana,,,1,2021,ene-24,96.159,3,0,0,2,0,,Maricruz
DSCN8514,11,4,Playa Blanca,,arana,,,1,2021,ene-24,108.030,7,0,3,0,0,,Maricruz
DSCN8515,11,5,Playa Blanca,,arana,,,1,2021,ene-24,145.319,5,0,3,0,0,,Maricruz
DSCN8516,11,6,Playa Blanca,,arana,,,1,2021,ene-24,138.085,6,0,3,0,0,,Maricruz
DSCN8517,11,7,Playa Blanca,,arana,,,1,2021,ene-24,162.572,14,0,4,2,0,,Maricruz
DSCN8518,12,0,Playa Blanca,,arana,,,1,2021,ene-24,NA,NA,NA,NA,NA,NA,Etiqueta de la arana,Maricruz
DSCN8519,12,1,Playa Blanca,,arana,,,1,2021,ene-24,106.451,5,0,0,0,0,,Maricruz
DSCN8520,12,2,Playa Blanca,,arana,,,1,2021,ene-24,83.520,5,0,0,0,0,,Maricruz
DSCN8521,12,3,Playa Blanca,,arana,,,1,2021,ene-24,35.979,5,0,2,0,0,,Maricruz
DSCN8522,12,4,Playa Blanca,,arana,,,1,2021,ene-24,23.258,7,0,0,0,0,,Maricruz
DSCN8523,12,5,Playa Blanca,,arana,,,1,2021,ene-24,20.803,5,1,0,1,0,El primero de la primera fila. no sé si esta muerto o blanqueado,Maricruz
DSCN8524,12,6,Playa Blanca,,arana,,,1,2021,ene-24,38.463,5,0,0,0,0,,Maricruz
DSCN8525,12,7,Playa Blanca,,arana,,,1,2021,ene-24,238.781,15,0,0,3,0,,Maricruz
DSCN8526,13,0,Playa Blanca,,arana,,,1,2021,ene-24,NA,NA,NA,NA,NA,NA,Etiqueta de la arana,Maricruz
DSCN8527,13,1,Playa Blanca,,arana,,,1,2021,ene-24,86.845,7,0,0,0,0,,Maricruz
DSCN8528,13,2,Playa Blanca,,arana,,,1,2021,ene-24,42.120,7,0,0,0,0,,Maricruz
DSCN8529,13,3,Playa Blanca,,arana,,,1,2021,ene-24,85.987,6,0,0,0,0,,Maricruz
DSCN8530,13,4,Playa Blanca,,arana,,,1,2021,ene-24,106.025,9,0,0,0,0,,Maricruz
DSCN8531,13,5,Playa Blanca,,arana,,,1,2021,ene-24,59.951,5,0,0,0,0,,Maricruz
DSCN8532,13,6,Playa Blanca,,arana,,,1,2021,ene-24,31.629,3,0,0,1,0,,Maricruz
DSCN8533,13,7,Playa Blanca,,arana,,,1,2021,ene-24,NA,NA,NA,NA,NA,NA,Es la misma foto a la siguiente. pero se observa con mucha claridad,Maricruz
DSCN8534,13,7,Playa Blanca,,arana,,,1,2021,ene-24,315.896,19,0,1,0,0,,Maricruz
DSCN8535,14,0,Playa Blanca,,arana,,,1,2021,ene-24,NA,NA,NA,NA,NA,NA,Etiqueta de la arana,Maricruz
DSCN8536,14,1,Playa Blanca,,arana,,,1,2021,ene-24,76.597,6,0,0,0,0,,Maricruz
DSCN8537,14,2,Playa Blanca,,arana,,,1,2021,ene-24,45.820,6,0,1,1,0,,Maricruz
DSCN8538,14,3,Playa Blanca,,arana,,,1,2021,ene-24,40.416,4,0,0,2,0,,Maricruz
DSCN8539,14,4,Playa Blanca,,arana,,,1,2021,ene-24,96.862,6,0,0,1,0,,Maricruz
DSCN8540,14,5,Playa Blanca,,arana,,,1,2021,ene-24,76.935,5,0,1,1,0,,Maricruz
DSCN8541,14,6,Playa Blanca,,arana,,,1,2021,ene-24,72.751,5,0,0,0,0,,Maricruz
DSCN8542,14,7,Playa Blanca,,arana,,,1,2021,ene-24,292.356,18,0,2,0,0,,Maricruz
DSNC8543,15,0,Playa Blanca,,arana,,,1,2021,ene-24,NA,NA,NA,NA,NA,NA,Etiqueta de la arana,Maricruz
DSNC8544,15,1,Playa Blanca,,arana,,,1,2021,ene-24,52.090,10,0,0,0,0,,Maricruz
DSNC8545,15,2,Playa Blanca,,arana,,,1,2021,ene-24,44.641,7,0,0,1,0,,Maricruz
DSNC8546,15,3,Playa Blanca,,arana,,,1,2021,ene-24,16.431,4,1,0,1,0,,Maricruz
DSNC8547,15,4,Playa Blanca,,arana,,,1,2021,ene-24,59.591,6,1,0,0,0,El primero de la primera fila no se si es muerte o perdida,Maricruz
DSNC8548,15,5,Playa Blanca,,arana,,,1,2021,ene-24,45.839,8,0,1,0,0,,Maricruz
DSNC8549,15,6,Playa Blanca,,arana,,,1,2021,ene-24,103.912,7,0,0,0,0,,Maricruz
DSNC8550,15,7,Playa Blanca,,arana,,,1,2021,ene-24,165.105,13,0,2,3,0,,Maricruz
DSCN9126,11,1,Playa Blanca,,arana,,,2,2021,feb-24,125.392,4,0,1,0,0,,Maricruz
DSCN9127,11,2,Playa Blanca,,arana,,,2,2021,feb-24,152.403,5,0,1,0,0,,Maricruz
DSCN9128,11,3,Playa Blanca,,arana,,,2,2021,feb-24,151.653,3,0,1,0,1,el coral de la primera barra de arriba hacia abajo no se si es mortalidad total o parcial,Maricruz
DSCN9129,11,4,Playa Blanca,,arana,,,2,2021,feb-24,NA,NA,NA,NA,NA,NA,es igual a la DSCN9130. hay un pez en la foto,Maricruz
DSCN9130,11,4,Playa Blanca,,arana,,,2,2021,feb-24,147.891,4,0,1,1,0,,Maricruz
DSCN9131,11,5,Playa Blanca,,arana,,,2,2021,feb-24,216.527,5,0,2,0,1,,Maricruz
DSCN9132,11,6,Playa Blanca,,arana,,,2,2021,feb-24,150.308,4,0,2,2,0,,Maricruz
DSCN9133,11,7,Playa Blanca,,arana,,,2,2021,feb-24,154.847,11,0,1,2,0,,Maricruz
DSCN9105,12,1,Playa Blanca,,arana,,,2,2021,feb-24,182.098,5,0,1,0,0,,Maricruz
DSCN9106,12,2,Playa Blanca,,arana,,,2,2021,feb-24,109.215,5,0,0,0,0,,Maricruz
DSCN9107,12,3,Playa Blanca,,arana,,,2,2021,feb-24,44.771,4,0,1,1,0,,Maricruz
DSCN9108,12,4,Playa Blanca,,arana,,,2,2021,feb-24,40.607,7,0,0,0,0,,Maricruz
DSCN9109,12,5,Playa Blanca,,arana,,,2,2021,feb-24,30.836,5,0,0,2,0,,Maricruz
DSCN9110,12,6,Playa Blanca,,arana,,,2,2021,feb-24,37.767,4,1,0,1,1,,Maricruz
DSCN9111,12,7,Playa Blanca,,arana,,,2,2021,feb-24,179.067,13,0,0,5,2,,Maricruz
DSCN9098,13,1,Playa Blanca,,arana,,,2,2021,feb-24,95.505,5,0,1,0,0,,Maricruz
DSCN9099,13,2,Playa Blanca,,arana,,,2,2021,feb-24,49.508,5,0,1,1,0,,Maricruz
DSCN9100,13,3,Playa Blanca,,arana,,,2,2021,feb-24,105.595,5,0,2,0,0,,Maricruz
DSCN9101,13,4,Playa Blanca,,arana,,,2,2021,feb-24,122.145,8,0,0,0,0,,Maricruz
DSCN9102,13,5,Playa Blanca,,arana,,,2,2021,feb-24,63.028,6,0,0,1,0,,Maricruz
DSCN9103,13,6,Playa Blanca,,arana,,,2,2021,feb-24,45.354,3,0,0,2,0,,Maricruz
DSCN9104,13,7,Playa Blanca,,arana,,,2,2021,feb-24,413.591,17,0,0,2,0,,Maricruz
DSCN9090,14,1,Playa Blanca,,arana,,,2,2021,feb-24,78.460,4,0,1,3,0,,Maricruz
DSCN9091,14,2,Playa Blanca,,arana,,,2,2021,feb-24,29.098,4,0,0,3,0,,Maricruz
DSCN9092,14,3,Playa Blanca,,arana,,,2,2021,feb-24,53.285,3,0,2,3,0,,Maricruz
DSCN9093,14,4,Playa Blanca,,arana,,,2,2021,feb-24,107.147,6,0,3,1,0,,Maricruz
DSCN9094,14,5,Playa Blanca,,arana,,,2,2021,feb-24,NA,NA,NA,NA,NA,NA,foto duplicada con un coral muerto que cambia en la siguiente foto,Maricruz
DSCN9095,14,5,Playa Blanca,,arana,,,2,2021,feb-24,94.195,6,0,1,0,0,,Maricruz
DSCN9096,14,6,Playa Blanca,,arana,,,2,2021,feb-24,88.660,5,0,1,0,0,,Maricruz
DSCN9097,14,7,Playa Blanca,,arana,,,2,2021,feb-24,204.871,17,0,4,2,0,,Maricruz
DSCN9068,15,1,Playa Blanca,,arana,,,2,2021,feb-24,57.813,7,0,1,2,0,,Maricruz
DSCN9069,15,2,Playa Blanca,,arana,,,2,2021,feb-24,53.931,7,0,1,2,0,,Maricruz
DSCN9070,15,3,Playa Blanca,,arana,,,2,2021,feb-24,18.104,3,0,0,3,0,,Maricruz
DSCN9071,15,4,Playa Blanca,,arana,,,2,2021,feb-24,93.067,4,0,0,1,0,,Maricruz
DSCN9072,15,5,Playa Blanca,,arana,,,2,2021,feb-24,41.735,5,0,1,2,0,,Maricruz
DSCN9073,15,6,Playa Blanca,,arana,,,2,2021,feb-24,146.891,7,0,0,0,0,,Maricruz
DSCN9074,15,7,Playa Blanca,,arana,,,2,2021,feb-24,162.098,10,0,2,4,0,,Maricruz
DSCN0402,11,1,Playa Blanca,,arana,,,3,2021,mar-24,154.072,4,0,0,0,0,,Maricruz
DSCN0403,11,2,Playa Blanca,,arana,,,3,2021,mar-24,140.419,5,0,2,0,0,,Maricruz
DSCN0404,11,3,Playa Blanca,,arana,,,3,2021,mar-24,98.667,3,0,1,0,0,No estoy segura si el de la fila de arriba tiene mort parcial,Maricruz
DSCN0405,11,4,Playa Blanca,,arana,,,3,2021,mar-24,109.236,4,0,2,0,0,,Maricruz
DSCN0406,11,5,Playa Blanca,,arana,,,3,2021,mar-24,277.609,6,0,2,0,0,,Maricruz
DSCN0407,11,6,Playa Blanca,,arana,,,3,2021,mar-24,186.384,4,0,0,2,0,,Maricruz
DSCN0408,11,7,Playa Blanca,,arana,,,3,2021,mar-24,214.198,11,0,2,2,0,,Maricruz
DSCN0380,12,1,Playa Blanca,,arana,,,3,2021,mar-24,158.170,5,0,0,0,0,,Maricruz
DSCN0381,12,2,Playa Blanca,,arana,,,3,2021,mar-24,144.713,5,0,0,0,0,,Maricruz
DSCN0382,12,3,Playa Blanca,,arana,,,3,2021,mar-24,56.004,5,0,0,0,0,,Maricruz
DSCN0383,12,4,Playa Blanca,,arana,,,3,2021,mar-24,57.628,6,0,0,0,0,****,Maricruz
DSCN0384,12,5,Playa Blanca,,arana,,,3,2021,mar-24,50.759,5,1,0,1,0,,Maricruz
DSCN0385,12,6,Playa Blanca,,arana,,,3,2021,mar-24,60.720,4,0,1,1,0,,Maricruz
DSCN0386,12,7,Playa Blanca,,arana,,,3,2021,mar-24,200.406,15,0,2,5,0,,Maricruz
DSCN0387,13,1,Playa Blanca,,arana,,,3,2021,mar-24,NA,NA,NA,NA,NA,NA,Replica de la siguente imagen,Maricruz
DSCN0388,13,1,Playa Blanca,,arana,,,3,2021,mar-24,102.685,5,0,0,0,0,,Maricruz
DSCN0389,13,2,Playa Blanca,,arana,,,3,2021,mar-24,92.500,5,0,1,1,0,,Maricruz
DSCN0390,13,3,Playa Blanca,,arana,,,3,2021,mar-24,199.003,8,0,0,1,0,,Maricruz
DSCN0391,13,4,Playa Blanca,,arana,,,3,2021,mar-24,213.549,9,0,0,0,0,,Maricruz
DSCN0392,13,5,Playa Blanca,,arana,,,3,2021,mar-24,67.472,3,0,0,1,0,,Maricruz
DSCN0393,13,6,Playa Blanca,,arana,,,3,2021,mar-24,42.773,2,0,0,3,0,,Maricruz
DSCN0394,13,7,Playa Blanca,,arana,,,3,2021,mar-24,399.542,19,0,1,2,0,,Maricruz
DSCN0395,14,1,Playa Blanca,,arana,,,3,2021,mar-24,101.864,4,0,1,4,0,,Maricruz
DSCN0396,14,2,Playa Blanca,,arana,,,3,2021,mar-24,NA,NA,NA,NA,NA,NA,Solo se ve la mitad de la arana,Maricruz
DSCN0397,14,3,Playa Blanca,,arana,,,3,2021,mar-24,55.624,3,0,0,2,0,,Maricruz
DSCN0398,14,4,Playa Blanca,,arana,,,3,2021,mar-24,164.722,6,0,0,0,0,,Maricruz
DSCN0399,14,5,Playa Blanca,,arana,,,3,2021,mar-24,102.352,5,0,0,1,0,,Maricruz
DSCN0400,14,6,Playa Blanca,,arana,,,3,2021,mar-24,113.203,5,0,0,0,0,,Maricruz
DSCN0401,14,7,Playa Blanca,,arana,,,3,2021,mar-24,282.787,16,0,1,6,0,,Maricruz
DSCN0373,15,1,Playa Blanca,,arana,,,3,2021,mar-24,65.644,7,0,0,3,0,,Maricruz
DSCN0374,15,2,Playa Blanca,,arana,,,3,2021,mar-24,69.952,7,0,0,1,0,,Maricruz
DSCN0375,15,3,Playa Blanca,,arana,,,3,2021,mar-24,30.432,3,0,0,3,0,,Maricruz
DSCN0376,15,4,Playa Blanca,,arana,,,3,2021,mar-24,76.520,5,0,0,1,0,,Maricruz
DSCN0377,15,5,Playa Blanca,,arana,,,3,2021,mar-24,31.109,3,0,0,5,0,,Maricruz
DSCN0378,15,6,Playa Blanca,,arana,,,3,2021,mar-24,111.719,5,0,1,0,0,,Maricruz
DSCN0379,15,7,Playa Blanca,,arana,,,3,2021,mar-24,110.593,9,0,1,6,0,,Maricruz
DSCN0779,11,0,Playa Blanca,,arana,,,4,2021,abr-24,NA,NA,NA,NA,NA,NA,Etiqueta de la arana,Maricruz
DSCN0780,11,1,Playa Blanca,,arana,,,4,2021,abr-24,133.835,4,0,3,0,0,,Maricruz
DSCN0781,11,2,Playa Blanca,,arana,,,4,2021,abr-24,147.996,4,0,2,1,0,,Maricruz
DSCN0782,11,3,Playa Blanca,,arana,,,4,2021,abr-24,136.245,3,0,1,1,0,,Maricruz
DSCN0783,11,4,Playa Blanca,,arana,,,4,2021,abr-24,115.204,4,0,2,1,0,,Maricruz
DSCN0784,11,5,Playa Blanca,,arana,,,4,2021,abr-24,187.013,5,0,1,0,0,,Maricruz
DSCN0785,11,6,Playa Blanca,,arana,,,4,2021,abr-24,127.399,4,0,1,2,0,,Maricruz
DSCN0786,11,7,Playa Blanca,,arana,,,4,2021,abr-24,234.884,6,0,1,2,0,La mayoria de corales estaban hacia abajo,Maricruz
DSCN0755,12,0,Playa Blanca,,arana,,,4,2021,abr-24,NA,NA,NA,NA,NA,NA,Etiqueta de la arana,Maricruz
DSCN0756,12,1,Playa Blanca,,arana,,,4,2021,abr-24,191.990,5,0,1,0,0,,Maricruz
DSCN0757,12,2,Playa Blanca,,arana,,,4,2021,abr-24,193.572,5,0,0,0,0,,Maricruz
DSCN0758,12,3,Playa Blanca,,arana,,,4,2021,abr-24,59.894,4,0,0,1,0,,Maricruz
DSCN0759,12,4,Playa Blanca,,arana,,,4,2021,abr-24,59.220,6,0,1,1,0,,Maricruz
DSCN0760,12,5,Playa Blanca,,arana,,,4,2021,abr-24,38.476,4,0,0,3,0,,Maricruz
DSCN0761,12,6,Playa Blanca,,arana,,,4,2021,abr-24,55.953,4,0,2,1,0,,Maricruz
DSCN0762,12,7,Playa Blanca,,arana,,,4,2021,abr-24,294.352,14,0,1,4,0,,Maricruz
DSCN0746,13,0,Playa Blanca,,arana,,,4,2021,abr-24,NA,NA,NA,NA,NA,NA,Etiqueta de la arana,Maricruz
DSCN0747,13,1,Playa Blanca,,arana,,,4,2021,abr-24,139.567,5,0,0,0,0,,Maricruz
DSCN0748,13,2,Playa Blanca,,arana,,,4,2021,abr-24,90.640,6,0,1,2,0,,Maricruz
DSCN0749,13,3,Playa Blanca,,arana,,,4,2021,abr-24,181.765,7,0,0,1,0,,Maricruz
DSCN0750,13,4,Playa Blanca,,arana,,,4,2021,abr-24,160.586,7,0,0,1,0,,Maricruz
DSCN0751,13,5,Playa Blanca,,arana,,,4,2021,abr-24,52.654,3,0,1,2,0,,Maricruz
DSCN0752,13,6,Playa Blanca,,arana,,,4,2021,abr-24,51.400,2,0,0,2,0,,Maricruz
DSCN0754,13,7,Playa Blanca,,arana,,,4,2021,abr-24,416.247,16,0,0,2,0,,Maricruz
DSCN0738,14,0,Playa Blanca,,arana,,,4,2021,abr-24,NA,NA,NA,NA,NA,NA,Etiqueta de la arana,Maricruz
DSCN0739,14,1,Playa Blanca,,arana,,,4,2021,abr-24,104.089,3,0,0,4,0,,Maricruz
DSCN0740,14,2,Playa Blanca,,arana,,,4,2021,abr-24,67.711,4,0,0,3,0,,Maricruz
DSCN0741,14,3,Playa Blanca,,arana,,,4,2021,abr-24,55.934,3,0,1,3,0,No estoy segura si el de la parte inferior izquierda presenta muerte parcial,Maricruz
DSCN0742,14,4,Playa Blanca,,arana,,,4,2021,abr-24,124.106,5,0,0,1,0,,Maricruz
DSCN0743,14,5,Playa Blanca,,arana,,,4,2021,abr-24,99.531,4,0,0,2,0,,Maricruz
DSCN0744,14,6,Playa Blanca,,arana,,,4,2021,abr-24,109.146,4,0,0,1,0,,Maricruz
DSCN0745,14,7,Playa Blanca,,arana,,,4,2021,abr-24,300.178,13,0,0,6,0,,Maricruz
DSCN0714,15,0,Playa Blanca,,arana,,,4,2021,abr-24,NA,NA,NA,NA,NA,NA,Etiqueta de la arana,Maricruz
DSCN0715,15,1,Playa Blanca,,arana,,,4,2021,abr-24,72.301,6,0,0,3,0,,Maricruz
DSCN0716,15,2,Playa Blanca,,arana,,,4,2021,abr-24,85.857,7,0,1,1,0,,Maricruz
DSCN0717,15,3,Playa Blanca,,arana,,,4,2021,abr-24,40.068,3,0,2,3,0,,Maricruz
DSCN0718,15,4,Playa Blanca,,arana,,,4,2021,abr-24,108.685,5,0,2,1,0,,Maricruz
DSCN0719,15,5,Playa Blanca,,arana,,,4,2021,abr-24,22.377,1,0,0,7,0,,Maricruz
DSCN0720,15,6,Playa Blanca,,arana,,,4,2021,abr-24,133.307,5,0,1,0,0,,Maricruz
DSCN0721,15,7,Playa Blanca,,arana,,,4,2021,abr-24,122.211,6,1,1,6,0,,Maricruz
DSCN1392,11,0,Playa Blanca,,arana,,,5,2021,may-24,NA,NA,NA,NA,NA,NA,Etiqueta de la arana,Maricruz
DSCN1393,11,1,Playa Blanca,,arana,,,5,2021,may-24,171.352,4,0,0,0,0,,Maricruz
DSCN1394,11,2,Playa Blanca,,arana,,,5,2021,may-24,180.735,4,0,0,0,0,,Maricruz
DSCN1395,11,3,Playa Blanca,,arana,,,5,2021,may-24,128.480,3,0,0,1,0,,Maricruz
DSCN1396,11,4,Playa Blanca,,arana,,,5,2021,may-24,171.922,5,0,1,0,0,,Maricruz
DSCN1397,11,5,Playa Blanca,,arana,,,5,2021,may-24,184.888,5,0,0,0,0,,Maricruz
DSCN1398,11,6,Playa Blanca,,arana,,,5,2021,may-24,137.188,4,0,0,2,0,,Maricruz
DSCN1399,11,7,Playa Blanca,,arana,,,5,2021,may-24,204.096,7,1,0,4,0,,Maricruz
DSCN1450,12,0,Playa Blanca,,arana,,,5,2021,may-24,NA,NA,NA,NA,NA,NA,Etiqueta de la arana,Maricruz
DSCN1452,12,1,Playa Blanca,,arana,,,5,2021,may-24,204.960,5,0,0,0,0,,Maricruz
DSCN1455,12,2,Playa Blanca,,arana,,,5,2021,may-24,150.214,5,0,1,0,0,No sé si el de la izquierda abajo presenta muerte parcial,Maricruz
DSCN1456,12,3,Playa Blanca,,arana,,,5,2021,may-24,70.943,4,0,0,1,0,,Maricruz
DSCN1457,12,4,Playa Blanca,,arana,,,5,2021,may-24,77.930,6,0,0,0,0,,Maricruz
DSCN1458,12,5,Playa Blanca,,arana,,,5,2021,may-24,43.062,4,1,0,2,0,,Maricruz
DSCN1459,12,6,Playa Blanca,,arana,,,5,2021,may-24,88.703,4,0,1,2,0,,Maricruz
DSCN1460,12,7,Playa Blanca,,arana,,,5,2021,may-24,443.471,13,0,0,6,0,,Maricruz
DSCN1525,13,0,Playa Blanca,,arana,,,5,2021,may-24,NA,NA,NA,NA,NA,NA,Etiqueta de la arana,Maricruz
DSCN1526,13,1,Playa Blanca,,arana,,,5,2021,may-24,189.939,8,0,0,0,0,,Maricruz
DSCN1527,13,2,Playa Blanca,,arana,,,5,2021,may-24,100.592,4,0,1,2,0,,Maricruz
DSCN1528,13,3,Playa Blanca,,arana,,,5,2021,may-24,253.557,7,0,1,1,0,,Maricruz
DSCN1529,13,4,Playa Blanca,,arana,,,5,2021,may-24,195.147,7,0,0,0,0,,Maricruz
DSCN1530,13,5,Playa Blanca,,arana,,,5,2021,may-24,70.973,3,0,0,1,0,,Maricruz
DSCN1531,13,6,Playa Blanca,,arana,,,5,2021,may-24,38.010,1,0,0,2,0,,Maricruz
DSCN1532,13,7,Playa Blanca,,arana,,,5,2021,may-24,NA,NA,NA,NA,NA,NA,Replica de DSCN1533,Maricruz
DSCN1533,13,7,Playa Blanca,,arana,,,5,2021,may-24,578.557,20,0,0,1,0,,Maricruz
DSCN1490,14,0,Playa Blanca,,arana,,,5,2021,may-24,NA,NA,NA,NA,NA,NA,Etiqueta de la arana,Maricruz
DSCN1491,14,1,Playa Blanca,,arana,,,5,2021,may-24,102.917,3,0,0,4,0,,Maricruz
DSCN1492,14,2,Playa Blanca,,arana,,,5,2021,may-24,108.273,6,0,1,1,0,,Maricruz
DSCN1493,14,2,Playa Blanca,,arana,,,5,2021,may-24,NA,NA,NA,NA,NA,NA,Replica de DSCN1492,Maricruz
DSCN1494,14,3,Playa Blanca,,arana,,,5,2021,may-24,55.866,2,0,0,5,0,,Maricruz
DSCN1495,14,4,Playa Blanca,,arana,,,5,2021,may-24,140.552,6,0,1,1,0,,Maricruz
DSCN1496,14,5,Playa Blanca,,arana,,,5,2021,may-24,132.172,4,0,0,2,0,,Maricruz
DSCN1497,14,6,Playa Blanca,,arana,,,5,2021,may-24,148.235,4,0,0,1,0,,Maricruz
DSCN1498,14,7,Playa Blanca,,arana,,,5,2021,may-24,342.209,12,0,1,8,0,,Maricruz
DSCN1534,15,0,Playa Blanca,,arana,,,5,2021,may-24,NA,NA,NA,NA,NA,NA,Etiqueta de la arana,Maricruz
DSCN1537,15,1,Playa Blanca,,arana,,,5,2021,may-24,80.058,6,0,1,4,0,,Maricruz
DSCN1538,15,2,Playa Blanca,,arana,,,5,2021,may-24,109.016,7,0,0,1,0,,Maricruz
DSCN1539,15,3,Playa Blanca,,arana,,,5,2021,may-24,40.507,3,0,0,3,0,,Maricruz
DSCN1540,15,4,Playa Blanca,,arana,,,5,2021,may-24,110.509,4,1,0,0,0,No estoy segura si la unica de la barra de arriba esta muerta o es perdida,Maricruz
DSCN1541,15,5,Playa Blanca,,arana,,,5,2021,may-24,36.356,1,0,0,6,0,,Maricruz
DSCN1542,15,6,Playa Blanca,,arana,,,5,2021,may-24,173.678,5,0,0,1,0,Corales de abajo muy cercanos unos entre otros entonces no se cuantos fragmentos hay,Maricruz
DSCN1543,15,7,Playa Blanca,,arana,,,5,2021,may-24,NA,NA,NA,NA,NA,NA,Replica de DSCN1544,Maricruz
DSCN1544,15,7,Playa Blanca,,arana,,,5,2021,may-24,151.226,6,0,0,6,0,Arana un poco borrosa en la parte derecha,Maricruz
DSCN7913,6,1,Playa Blanca,,arana,,,12,2020,dic-24,51.931,6,0,0,0,0,,Randall
DSCN7914,6,2,Playa Blanca,,arana,,,12,2020,dic-24,29.756,7,0,0,0,0,,Randall
DSCN7915,6,3,Playa Blanca,,arana,,,12,2020,dic-24,67.020,6,0,0,0,0,,Randall
DSCN7916,6,4,Playa Blanca,,arana,,,12,2020,dic-24,52.415,6,0,0,0,0,,Randall
DSCN7917,6,5,Playa Blanca,,arana,,,12,2020,dic-24,45.497,6,0,0,0,3,,Randall
DSCN7918,6,6,Playa Blanca,,arana,,,12,2020,dic-24,32.911,5,1,0,1,0,uno muy pequeño y lleno de alga,Randall
DSCN7919,6,7,Playa Blanca,,arana,,,12,2020,dic-24,146.258,14,0,0,0,2,,Randall
DSCN7970,7,1,Playa Blanca,,arana,,,12,2020,dic-24,71.878,6,0,0,0,1,,Randall
DSCN7971,7,2,Playa Blanca,,arana,,,12,2020,dic-24,35.901,5,0,0,0,1,,Randall
DSCN7972,7,3,Playa Blanca,,arana,,,12,2020,dic-24,25.412,4,0,0,1,0,,Randall
DSCN7973,7,4,Playa Blanca,,arana,,,12,2020,dic-24,30.566,6,0,0,0,0,un pez atravesado,Randall
DSCN7974,7,5,Playa Blanca,,arana,,,12,2020,dic-24,43.777,6,0,1,0,1,,Randall
DSCN7975,7,6,Playa Blanca,,arana,,,12,2020,dic-24,64.150,5,0,0,0,1,,Randall
DSCN7976,7,7,Playa Blanca,,arana,,,12,2020,dic-24,198.944,13,0,0,0,3,,Randall
DSCN7963,8,1,Playa Blanca,,arana,,,12,2020,dic-24,42.862,6,0,0,0,2,,Randall
DSCN7964,8,2,Playa Blanca,,arana,,,12,2020,dic-24,39.801,6,0,0,0,0,,Randall
DSCN7965,8,3,Playa Blanca,,arana,,,12,2020,dic-24,38.552,5,0,0,0,1,Mal angulo,Randall
DSCN7966,8,4,Playa Blanca,,arana,,,12,2020,dic-24,52.592,6,0,0,0,0,,Randall
DSCN7967,8,5,Playa Blanca,,arana,,,12,2020,dic-24,42.810,6,0,0,0,1,,Randall
DSCN7968,8,6,Playa Blanca,,arana,,,12,2020,dic-24,28.442,6,0,0,0,3,,Randall
DSCN7969,8,7,Playa Blanca,,arana,,,12,2020,dic-24,147.181,14,0,0,0,5,,Randall
DSCN7920,9,1,Playa Blanca,,arana,,,12,2020,dic-24,17.033,5,0,0,0,0,,Randall
DSCN7921,9,2,Playa Blanca,,arana,,,12,2020,dic-24,25.264,7,0,0,0,0,,Randall
DSCN7922,9,3,Playa Blanca,,arana,,,12,2020,dic-24,23.902,6,0,0,0,2,,Randall
DSCN7923,9,4,Playa Blanca,,arana,,,12,2020,dic-24,21.499,5,0,0,0,0,,Randall
DSCN7924,9,5,Playa Blanca,,arana,,,12,2020,dic-24,31.023,7,0,0,0,1,,Randall
DSCN7925,9,6,Playa Blanca,,arana,,,12,2020,dic-24,33.190,7,0,1,0,0,,Randall
DSCN7926,9,7,Playa Blanca,,arana,,,12,2020,dic-24,72.777,17,0,0,0,4,,Randall
DSCN7977,NA,NA,Playa Blanca,,arana,,,12,2020,NA,NA,NA,NA,NA,NA,NA,Esta cortada. se uso la DSCN7978,Randall
DSCN7978,10,1,Playa Blanca,,arana,,,12,2020,dic-24,30.106,8,0,0,0,0,,Randall
DSCN7979,10,2,Playa Blanca,,arana,,,12,2020,dic-24,14.529,5,0,0,1,1,,Randall
DSCN7980,10,3,Playa Blanca,,arana,,,12,2020,dic-24,18.934,6,0,1,0,3,*coral de abajo a la izquierda,Randall
DSCN7981,10,4,Playa Blanca,,arana,,,12,2020,dic-24,28.475,6,0,0,0,0,,Randall
DSCN7982,10,5,Playa Blanca,,arana,,,12,2020,dic-24,29.801,5,0,0,0,0,,Randall
DSCN7983,10,6,Playa Blanca,,arana,,,12,2020,dic-24,24.320,7,0,1,0,0,la imagen no es muy clara,Randall
DSCN7984,10,7,Playa Blanca,,arana,,,12,2020,dic-24,87.127,18,0,0,0,2,,Randall
DSCN8471,6,1,Playa Blanca,,arana,,,1,2021,ene-24,84.137,6,0,0,0,0,,Randall
DSCN8472,6,2,Playa Blanca,,arana,,,1,2021,ene-24,50.754,7,0,0,0,0,,Randall
DSCN8473,6,3,Playa Blanca,,arana,,,1,2021,ene-24,78.312,6,0,0,0,0,,Randall
DSCN8474,6,4,Playa Blanca,,arana,,,1,2021,ene-24,73.571,6,0,0,0,0,,Randall
DSCN8475,6,5,Playa Blanca,,arana,,,1,2021,ene-24,59.377,6,0,0,0,2,,Randall
P1010230,6,6,Playa Blanca,,arana,,,1,2021,ene-24,51.507,6,0,0,0,4,"Esta en otra carpeta. se ve muy ""verde""",Randall
DSCN8476,6,7,Playa Blanca,,arana,,,1,2021,ene-24,230.557,13,0,0,1,1,,Randall
DSCN8478,7,1,Playa Blanca,,arana,,,1,2021,ene-24,98.645,6,0,0,0,0,,Randall
DSCN8479,7,2,Playa Blanca,,arana,,,1,2021,ene-24,48.074,5,0,0,0,1,,Randall
DSCN8480,7,3,Playa Blanca,,arana,,,1,2021,ene-24,34.917,4,0,0,1,0,,Randall
DSCN8481,7,4,Playa Blanca,,arana,,,1,2021,ene-24,37.604,6,0,0,0,0,,Randall
DSCN8482,7,5,Playa Blanca,,arana,,,1,2021,ene-24,47.297,5,0,0,0,1,,Randall
DSCN8483,7,6,Playa Blanca,,arana,,,1,2021,ene-24,85.212,5,0,0,0,0,,Randall
DSCN8484,7,7,Playa Blanca,,arana,,,1,2021,ene-24,194.291,13,0,0,0,8,,Randall
DSCN8486,8,1,Playa Blanca,,arana,,,1,2021,ene-24,47.339,6,0,0,0,0,,Randall
DSCN8487,8,2,Playa Blanca,,arana,,,1,2021,ene-24,37.462,6,1,0,0,1,Bastante alga,Randall
DSCN8488,8,3,Playa Blanca,,arana,,,1,2021,ene-24,36.496,5,0,0,1,2,,Randall
DSCN8489,8,4,Playa Blanca,,arana,,,1,2021,ene-24,51.063,6,0,0,0,0,,Randall
DSCN8490,8,5,Playa Blanca,,arana,,,1,2021,ene-24,55.823,6,0,0,0,0,,Randall
DSCN8491,8,6,Playa Blanca,,arana,,,1,2021,ene-24,28.854,5,0,0,0,3,,Randall
DSCN8492,8,7,Playa Blanca,,arana,,,1,2021,ene-24,141.354,13,1,0,0,5,Algunos bajo los el tubo. no se ven bien,Randall
DSCN8494,9,1,Playa Blanca,,arana,,,1,2021,ene-24,28.405,5,0,0,0,0,,Randall
DSCN8495,9,2,Playa Blanca,,arana,,,1,2021,ene-24,31.657,7,0,0,0,0,,Randall
DSCN8496,9,3,Playa Blanca,,arana,,,1,2021,ene-24,30.950,5,0,0,0,1,,Randall
DSCN8497,NA,NA,Playa Blanca,,arana,,,1,2021,NA,NA,NA,NA,NA,NA,NA,Repetida. ver DSCN8498,Randall
DSCN8498,9,4,Playa Blanca,,arana,,,1,2021,ene-24,30.321,5,0,0,0,0,,Randall
DSCN8499,9,5,Playa Blanca,,arana,,,1,2021,ene-24,47.849,7,0,0,0,3,,Randall
DSCN8500,9,6,Playa Blanca,,arana,,,1,2021,ene-24,51.424,7,0,0,0,0,Un coral esta creciendo en el tubo vertical. No lo voy a contar. pero si es necesario su area es: 5.624,Randall
DSCN8501,9,7,Playa Blanca,,arana,,,1,2021,ene-24,100.866,15,0,0,0,2,,Randall
DSCN8503,10,1,Playa Blanca,,arana,,,1,2021,ene-24,32.196,7,0,0,1,2,Mucha luz,Randall
DSCN8504,10,2,Playa Blanca,,arana,,,1,2021,ene-24,19.530,5,0,0,0,1,,Randall
DSCN8505,10,3,Playa Blanca,,arana,,,1,2021,ene-24,25.123,6,0,1,0,2,,Randall
DSCN8506,10,4,Playa Blanca,,arana,,,1,2021,ene-24,31.500,6,0,0,0,0,,Randall
DSCN8507,10,5,Playa Blanca,,arana,,,1,2021,ene-24,27.126,5,0,0,1,0,No se ve bien la parte de arriba,Randall
DSCN8508,10,6,Playa Blanca,,arana,,,1,2021,ene-24,31.143,7,1,0,0,0,,Randall
DSCN8509,10,7,Playa Blanca,,arana,,,1,2021,ene-24,111.391,17,0,1,0,2,,Randall
DSCN9148,6,1,Playa Blanca,,arana,,,2,2021,feb-24,101.814,6,0,0,0,4,,Randall
DSCN9149,6,2,Playa Blanca,,arana,,,2,2021,feb-24,61.433,7,0,0,0,1,,Randall
DSCN9150,6,3,Playa Blanca,,arana,,,2,2021,feb-24,91.199,6,0,0,0,2,,Randall
DSCN9151,6,4,Playa Blanca,,arana,,,2,2021,feb-24,105.534,6,0,0,0,1,,Randall
DSCN9152,6,5,Playa Blanca,,arana,,,2,2021,feb-24,77.603,6,0,1,0,3,,Randall
DSCN9153,6,6,Playa Blanca,,arana,,,2,2021,feb-24,60.512,5,0,0,0,3,,Randall
DSCN9154,6,7,Playa Blanca,,arana,,,2,2021,feb-24,212.117,12,0,0,0,2,Dos corales salen cortados,Randall
DSCN9141,7,1,Playa Blanca,,arana,,,2,2021,feb-24,138.409,5,0,0,0,0,,Randall
DSCN9142,7,2,Playa Blanca,,arana,,,2,2021,feb-24,63.129,5,0,0,0,2,,Randall
DSCN9143,7,3,Playa Blanca,,arana,,,2,2021,feb-24,55.676,4,0,0,0,0,,Randall
DSCN9144,7,4,Playa Blanca,,arana,,,2,2021,feb-24,51.762,6,0,0,0,0,,Randall
DSCN9145,7,5,Playa Blanca,,arana,,,2,2021,feb-24,70.977,5,0,0,1,2,,Randall
DSCN9146,7,6,Playa Blanca,,arana,,,2,2021,feb-24,135.840,5,0,0,0,1,,Randall
DSCN9147,7,7,Playa Blanca,,arana,,,2,2021,feb-24,314.711,13,0,0,0,5,,Randall
DSCN9134,8,1,Playa Blanca,,arana,,,2,2021,feb-24,55.176,6,0,1,0,1,,Randall
DSCN9135,8,2,Playa Blanca,,arana,,,2,2021,feb-24,68.724,6,0,0,0,0,,Randall
DSCN9136,8,3,Playa Blanca,,arana,,,2,2021,feb-24,49.432,5,0,0,0,3,,Randall
DSCN9137,8,4,Playa Blanca,,arana,,,2,2021,feb-24,81.966,6,0,0,0,2,,Randall
DSCN9138,8,5,Playa Blanca,,arana,,,2,2021,feb-24,85.330,6,0,0,0,2,,Randall
DSCN9139,8,6,Playa Blanca,,arana,,,2,2021,feb-24,48.235,5,0,0,0,3,,Randall
DSCN9140,8,7,Playa Blanca,,arana,,,2,2021,feb-24,219.777,13,0,0,1,6,,Randall
DSCN9112,9,1,Playa Blanca,,arana,,,2,2021,feb-24,46.025,5,0,0,0,1,,Randall
DSCN9113,9,2,Playa Blanca,,arana,,,2,2021,feb-24,54.259,7,0,0,0,0,,Randall
DSCN9114,9,3,Playa Blanca,,arana,,,2,2021,feb-24,48.164,5,0,0,0,3,,Randall
DSCN9115,9,4,Playa Blanca,,arana,,,2,2021,feb-24,40.413,5,0,1,0,4,,Randall
DSCN9116,9,5,Playa Blanca,,arana,,,2,2021,feb-24,59.299,7,0,0,0,4,,Randall
DSCN9117,9,6,Playa Blanca,,arana,,,2,2021,feb-24,60.964,7,0,0,0,2,,Randall
DSCN9118,9,7,Playa Blanca,,arana,,,2,2021,feb-24,152.580,17,0,0,0,10,,Randall
DSCN9119,10,1,Playa Blanca,,arana,,,2,2021,feb-24,49.101,7,0,0,0,5,,Randall
DSCN9120,10,2,Playa Blanca,,arana,,,2,2021,feb-24,29.802,5,0,0,0,4,,Randall
DSCN9121,10,3,Playa Blanca,,arana,,,2,2021,feb-24,33.859,6,0,0,0,2,,Randall
DSCN9122,10,4,Playa Blanca,,arana,,,2,2021,feb-24,45.601,6,0,0,0,0,,Randall
DSCN9123,10,5,Playa Blanca,,arana,,,2,2021,feb-24,50.091,5,0,0,0,2,,Randall
DSCN9124,10,6,Playa Blanca,,arana,,,2,2021,feb-24,42.875,6,1,0,0,3,,Randall
DSCN9125,10,7,Playa Blanca,,arana,,,2,2021,feb-24,136.565,18,0,0,1,7,,Randall
DSCN0423,6,1,Playa Blanca,,arana,,,3,2021,mar-24,118.622,6,0,1,0,0,Todo marzo tiene mucha luz,Randall
DSCN0424,6,2,Playa Blanca,,arana,,,3,2021,mar-24,71.497,7,0,0,0,1,,Randall
DSCN0425,6,3,Playa Blanca,,arana,,,3,2021,mar-24,122.282,6,0,0,0,2,,Randall
DSCN0426,6,4,Playa Blanca,,arana,,,3,2021,mar-24,127.594,6,0,0,0,1,,Randall
DSCN0427,6,5,Playa Blanca,,arana,,,3,2021,mar-24,102.036,6,0,0,0,3,,Randall
DSCN0428,6,6,Playa Blanca,,arana,,,3,2021,mar-24,78.479,5,0,0,0,2,angulo,Randall
DSCN0429,6,7,Playa Blanca,,arana,,,3,2021,mar-24,268.183,13,2,0,0,3,,Randall
DSCN0430,7,1,Playa Blanca,,arana,,,3,2021,mar-24,169.445,5,0,0,0,0,angulo,Randall
DSCN0431,7,2,Playa Blanca,,arana,,,3,2021,mar-24,100.990,5,0,0,0,1,,Randall
DSCN0432,7,3,Playa Blanca,,arana,,,3,2021,mar-24,76.987,4,0,0,1,0,,Randall
DSCN0433,7,4,Playa Blanca,,arana,,,3,2021,mar-24,57.735,6,0,0,0,0,,Randall
DSCN0434,7,5,Playa Blanca,,arana,,,3,2021,mar-24,79.561,4,0,0,0,0,,Randall
DSCN0435,7,6,Playa Blanca,,arana,,,3,2021,mar-24,171.069,5,0,0,0,0,,Randall
DSCN0436,7,7,Playa Blanca,,arana,,,3,2021,mar-24,406.062,15,0,0,0,1,,Randall
DSCN0437,8,1,Playa Blanca,,arana,,,3,2021,mar-24,55.207,5,1,0,0,0,angulo,Randall
DSCN0438,8,2,Playa Blanca,,arana,,,3,2021,mar-24,83.722,6,0,0,0,0,,Randall
DSCN0439,8,3,Playa Blanca,,arana,,,3,2021,mar-24,97.385,5,0,0,0,1,,Randall
DSCN0440,8,4,Playa Blanca,,arana,,,3,2021,mar-24,121.339,6,0,0,0,0,,Randall
DSCN0441,8,5,Playa Blanca,,arana,,,3,2021,mar-24,104.231,6,0,0,0,2,,Randall
DSCN0442,8,6,Playa Blanca,,arana,,,3,2021,mar-24,52.920,5,0,0,1,2,,Randall
DSCN0443,8,7,Playa Blanca,,arana,,,3,2021,mar-24,241.494,13,0,0,1,6,,Randall
DSCN0416,9,1,Playa Blanca,,arana,,,3,2021,mar-24,58.609,5,0,0,0,1,,Randall
DSCN0417,9,2,Playa Blanca,,arana,,,3,2021,mar-24,70.258,7,0,0,0,0,,Randall
DSCN0418,9,3,Playa Blanca,,arana,,,3,2021,mar-24,54.150,5,0,0,1,2,,Randall
DSCN0419,9,4,Playa Blanca,,arana,,,3,2021,mar-24,51.808,5,0,0,0,0,,Randall
DSCN0420,9,5,Playa Blanca,,arana,,,3,2021,mar-24,74.105,7,0,0,0,4,,Randall
DSCN0421,9,6,Playa Blanca,,arana,,,3,2021,mar-24,71.938,7,0,0,0,0,,Randall
DSCN0422,9,7,Playa Blanca,,arana,,,3,2021,mar-24,190.816,17,0,0,0,5,,Randall
DSCN0409,10,1,Playa Blanca,,arana,,,3,2021,mar-24,54.799,7,0,0,1,1,,Randall
DSCN0410,10,2,Playa Blanca,,arana,,,3,2021,mar-24,31.985,5,0,1,0,2,,Randall
DSCN0411,10,3,Playa Blanca,,arana,,,3,2021,mar-24,47.278,6,0,2,0,0,,Randall
DSCN0412,10,4,Playa Blanca,,arana,,,3,2021,mar-24,67.103,6,0,0,0,0,,Randall
DSCN0413,10,5,Playa Blanca,,arana,,,3,2021,mar-24,62.706,5,0,0,1,0,,Randall
DSCN0414,10,6,Playa Blanca,,arana,,,3,2021,mar-24,45.603,6,1,0,0,1,,Randall
DSCN0415,10,7,Playa Blanca,,arana,,,3,2021,mar-24,169.992,16,0,0,2,2,Hay uno pequeño que es casi totalmente tapado por el tubo,Randall
DSCN0804,6,1,Playa Blanca,,arana,,,4,2021,abr-24,126.088,6,0,0,0,1,,Randall
DSCN0805,6,2,Playa Blanca,,arana,,,4,2021,abr-24,93.876,8,0,0,0,2,Es posible que dos sean en realidad solo uno.,Randall
DSCN0806,6,3,Playa Blanca,,arana,,,4,2021,abr-24,106.610,6,0,0,0,0,,Randall
DSCN0807,6,4,Playa Blanca,,arana,,,4,2021,abr-24,133.441,6,0,0,0,0,,Randall
DSCN0808,6,5,Playa Blanca,,arana,,,4,2021,abr-24,111.616,6,0,1,0,1,,Randall
DSCN0809,6,6,Playa Blanca,,arana,,,4,2021,abr-24,89.621,5,0,0,1,0,,Randall
DSCN0810,6,7,Playa Blanca,,arana,,,4,2021,abr-24,304.902,12,1,0,0,2,,Randall
DSCN0796,7,1,Playa Blanca,,arana,,,4,2021,abr-24,142.277,5,0,0,0,0,,Randall
DSCN0797,7,2,Playa Blanca,,arana,,,4,2021,abr-24,96.994,5,0,0,0,0,,Randall
DSCN0798,7,3,Playa Blanca,,arana,,,4,2021,abr-24,76.825,4,0,1,0,0,,Randall
DSCN0799,7,4,Playa Blanca,,arana,,,4,2021,abr-24,63.800,6,1,0,0,1,,Randall
DSCN0800,7,5,Playa Blanca,,arana,,,4,2021,abr-24,69.672,4,1,0,0,0,Podrían ser 5.,Randall
DSCN0801,7,6,Playa Blanca,,arana,,,4,2021,abr-24,156.893,5,0,0,1,0,,Randall
DSCN0802,7,7,Playa Blanca,,arana,,,4,2021,abr-24,305.888,13,0,1,0,0,,Randall
DSCN0788,8,1,Playa Blanca,,arana,,,4,2021,abr-24,69.481,5,1,1,1,0,,Randall
DSCN0789,8,2,Playa Blanca,,arana,,,4,2021,abr-24,95.894,6,1,0,1,0,,Randall
DSCN0790,8,3,Playa Blanca,,arana,,,4,2021,abr-24,105.264,5,0,0,0,0,,Randall
DSCN0791,8,4,Playa Blanca,,arana,,,4,2021,abr-24,139.595,6,0,1,0,0,,Randall
DSCN0792,8,5,Playa Blanca,,arana,,,4,2021,abr-24,106.224,6,0,0,0,0,pez atravesado,Randall
DSCN0793,8,6,Playa Blanca,,arana,,,4,2021,abr-24,64.084,5,0,0,1,0,,Randall
DSCN0794,8,7,Playa Blanca,,arana,,,4,2021,abr-24,351.914,13,0,1,1,6,,Randall
DSCN0764,9,1,Playa Blanca,,arana,,,4,2021,abr-24,66.458,5,0,0,0,0,,Randall
DSCN0765,9,2,Playa Blanca,,arana,,,4,2021,abr-24,78.997,7,0,0,0,0,pez atravesado,Randall
DSCN0766,9,3,Playa Blanca,,arana,,,4,2021,abr-24,67.550,5,0,0,0,3,,Randall
DSCN0767,9,4,Playa Blanca,,arana,,,4,2021,abr-24,63.722,5,0,2,0,0,,Randall
DSCN0768,9,5,Playa Blanca,,arana,,,4,2021,abr-24,99.706,7,0,1,0,0,,Randall
DSCN0769,9,6,Playa Blanca,,arana,,,4,2021,abr-24,103.482,7,0,2,0,0,,Randall
DSCN0770,9,7,Playa Blanca,,arana,,,4,2021,abr-24,256.765,17,0,1,0,12,,Randall
DSCN0772,10,1,Playa Blanca,,arana,,,4,2021,abr-24,66.536,7,0,0,0,0,pez atravesado,Randall
DSCN0773,10,2,Playa Blanca,,arana,,,4,2021,abr-24,31.851,4,0,1,1,0,,Randall
DSCN0774,10,3,Playa Blanca,,arana,,,4,2021,abr-24,43.103,4,1,0,0,0,,Randall
DSCN0775,10,4,Playa Blanca,,arana,,,4,2021,abr-24,64.698,5,1,1,0,0,,Randall
DSCN0776,10,5,Playa Blanca,,arana,,,4,2021,abr-24,74.059,5,0,0,0,0,,Randall
DSCN0777,10,6,Playa Blanca,,arana,,,4,2021,abr-24,44.455,6,1,1,0,10,,Randall
DSCN0778,10,7,Playa Blanca,,arana,,,4,2021,abr-24,223.456,15,0,0,1,1,,Randall
DSCN1348,6,1,Playa Blanca,,arana,,,5,2021,may-24,170.797,6,0,1,0,0,Algunas partes no se distinguen bien,Randall
DSCN1349,6,2,Playa Blanca,,arana,,,5,2021,may-24,121.591,7,0,0,0,2,,Randall
DSCN1350,6,3,Playa Blanca,,arana,,,5,2021,may-24,140.041,6,0,0,1,3,,Randall
DSCN1351,6,4,Playa Blanca,,arana,,,5,2021,may-24,173.654,6,0,0,1,1,El perdido es de arriba,Randall
DSCN1352,6,5,Playa Blanca,,arana,,,5,2021,may-24,150.904,6,0,0,0,2,,Randall
DSCN1353,6,6,Playa Blanca,,arana,,,5,2021,may-24,105.117,5,0,0,2,0,Creo que son 5 pero 2 están pegados y los medí juntos. Es posible que sean 4.,Randall
DSCN1354,6,7,Playa Blanca,,arana,,,5,2021,may-24,381.612,11,0,0,1,3,,Randall
DSCN1356,7,1,Playa Blanca,,arana,,,5,2021,may-24,201.141,5,0,0,0,1,,Randall
DSCN1357,7,2,Playa Blanca,,arana,,,5,2021,may-24,147.376,5,0,0,1,3,,Randall
DSCN1358,7,3,Playa Blanca,,arana,,,5,2021,may-24,107.831,4,0,0,1,0,,Randall
DSCN1359,7,4,Playa Blanca,,arana,,,5,2021,may-24,96.575,6,0,0,0,0,,Randall
DSCN1360,7,5,Playa Blanca,,arana,,,5,2021,may-24,117.517,5,0,1,1,0,Esta practicamente muerto,Randall
DSCN1361,7,6,Playa Blanca,,arana,,,5,2021,may-24,181.970,5,0,0,1,0,,Randall
DSCN1362,7,7,Playa Blanca,,arana,,,5,2021,may-24,610.018,14,0,0,0,0,,Randall
DSCN1367,8,1,Playa Blanca,,arana,,,5,2021,may-24,84.204,5,0,0,1,0,,Randall
DSCN1368,8,2,Playa Blanca,,arana,,,5,2021,may-24,101.162,6,0,0,0,1,,Randall
DSCN1369,8,3,Playa Blanca,,arana,,,5,2021,may-24,120.207,6,0,0,1,0,Podrian ser 5,Randall
DSCN1370,8,4,Playa Blanca,,arana,,,5,2021,may-24,186.961,6,0,0,1,0,,Randall
DSCN1371,8,5,Playa Blanca,,arana,,,5,2021,may-24,153.669,6,0,0,0,0,,Randall
DSCN1372,8,6,Playa Blanca,,arana,,,5,2021,may-24,83.640,5,0,0,5,0,,Randall
DSCN1373,8,7,Playa Blanca,,arana,,,5,2021,may-24,466.051,13,0,0,0,3,Al menos 1 perdido. Probablemente mas. Lo mas seguro es que esten contados en las otras imágenes.,Randall
DSCN1375,9,1,Playa Blanca,,arana,,,5,2021,may-24,109.014,5,0,0,0,0,,Randall
DSCN1376,9,2,Playa Blanca,,arana,,,5,2021,may-24,126.009,7,1,1,0,0,,Randall
DSCN1377,9,3,Playa Blanca,,arana,,,5,2021,may-24,92.810,5,0,0,1,3,,Randall
DSCN1378,9,4,Playa Blanca,,arana,,,5,2021,may-24,91.313,5,0,0,0,3,,Randall
DSCN1379,9,5,Playa Blanca,,arana,,,5,2021,may-24,125.679,7,0,0,0,1,,Randall
DSCN1380,9,6,Playa Blanca,,arana,,,5,2021,may-24,149.464,7,0,1,0,0,,Randall
DSCN1381,9,7,Playa Blanca,,arana,,,5,2021,may-24,382.945,17,0,1,0,2,,Randall
DSCN1442,10,1,Playa Blanca,,arana,,,5,2021,may-24,NA,NA,NA,NA,NA,NA,Ver DSCN1443,Randall
DSCN1443,10,1,Playa Blanca,,arana,,,5,2021,may-24,100.863,6,0,0,2,2,,Randall
DSCN1444,10,2,Playa Blanca,,arana,,,5,2021,may-24,43.468,4,0,1,1,0,,Randall
DSCN1445,10,3,Playa Blanca,,arana,,,5,2021,may-24,65.755,5,1,0,0,0,,Randall
DSCN1446,10,4,Playa Blanca,,arana,,,5,2021,may-24,80.263,5,1,0,0,0,,Randall
DSCN1447,10,5,Playa Blanca,,arana,,,5,2021,may-24,102.714,5,0,1,0,1,,Randall
DSCN1448,10,6,Playa Blanca,,arana,,,5,2021,may-24,62.149,6,1,1,0,0,peces atravesados,Randall
DSCN1449,10,7,Playa Blanca,,arana,,,5,2021,may-24,299.289,15,0,0,1,2,,Randall
5033300,6,1,Playa Blanca,,arana,,,6,2021,jun-24,224.574,6,0,0,0,0,Muchas fotos de este mes estan muy lejos y algunos corales no se ven bien,Randall
5034300,6,2,Playa Blanca,,arana,,,6,2021,jun-24,190.277,7,0,0,0,1,En algunas. la luz tampoco ayuda,Randall
5034900,6,3,Playa Blanca,,arana,,,6,2021,jun-24,216.547,6,0,0,0,0,,Randall
5035800,6,4,Playa Blanca,,arana,,,6,2021,jun-24,268.834,5,0,0,1,0,El perdido seria de arriba,Randall
5040500,6,5,Playa Blanca,,arana,,,6,2021,jun-24,162.814,6,0,0,0,2,,Randall
No hay imagen,6,6,Playa Blanca,,arana,,,6,2021,jun-24,NA,NA,NA,NA,NA,NA,,Randall
5041500,6,7,Playa Blanca,,arana,,,6,2021,jun-24,433.365,13,0,2,0,0,Los de mortalidad parcial estan casi completamente muertos,Randall
5044300,7,1,Playa Blanca,,arana,,,6,2021,jun-24,168.815,5,0,0,0,0,Se ve muy mal,Randall
5045500,7,2,Playa Blanca,,arana,,,6,2021,jun-24,170.875,5,0,0,0,0,,Randall
5051300,7,3,Playa Blanca,,arana,,,6,2021,jun-24,146.972,4,0,0,0,0,,Randall
5053500,7,4,Playa Blanca,,arana,,,6,2021,jun-24,113.610,6,0,1,0,0,,Randall
5054200,7,4,Playa Blanca,,arana,,,6,2021,jun-24,NA,NA,NA,NA,NA,NA,Repetido. ver 05053500,Randall
5055600,7,5,Playa Blanca,,arana,,,6,2021,jun-24,134.281,4,1,0,0,0,,Randall
5060500,7,6,Playa Blanca,,arana,,,6,2021,jun-24,235.059,5,0,0,0,0,,Randall
5061700,7,7,Playa Blanca,,arana,,,6,2021,jun-24,534.590,13,1,0,0,1,,Randall
5064200,8,1,Playa Blanca,,arana,,,6,2021,jun-24,123.422,5,0,0,1,0,El perdido. creo que es de 05072800,Randall
5065100,8,2,Playa Blanca,,arana,,,6,2021,jun-24,158.637,6,0,0,0,0,,Randall
5065900,8,3,Playa Blanca,,arana,,,6,2021,jun-24,213.180,5,0,0,0,0,,Randall
5071000,8,4,Playa Blanca,,arana,,,6,2021,jun-24,243.028,6,0,0,0,0,,Randall
5071900,8,5,Playa Blanca,,arana,,,6,2021,jun-24,215.558,6,0,0,0,0,,Randall
5072800,8,6,Playa Blanca,,arana,,,6,2021,jun-24,135.975,5,0,0,0,0,Uno perdido cuantificado en la imagen 05064200,Randall
5073700,8,7,Playa Blanca,,arana,,,6,2021,jun-24,517.945,13,0,0,1,0,,Randall
5080200,9,1,Playa Blanca,,arana,,,6,2021,jun-24,112.925,5,0,0,0,0,,Randall
5081200,9,2,Playa Blanca,,arana,,,6,2021,jun-24,158.090,7,0,0,0,0,,Randall
5082000,9,3,Playa Blanca,,arana,,,6,2021,jun-24,149.590,5,0,0,0,0,,Randall
5082700,9,4,Playa Blanca,,arana,,,6,2021,jun-24,NA,NA,NA,NA,NA,NA,Repetida. ver 05083000,Randall
5083000,9,4,Playa Blanca,,arana,,,6,2021,jun-24,143.292,5,0,0,0,1,,Randall
5084000,9,5,Playa Blanca,,arana,,,6,2021,jun-24,172.086,7,0,0,0,0,,Randall
5085400,9,6,Playa Blanca,,arana,,,6,2021,jun-24,183.751,6,0,0,0,0,,Randall
5090400,9,7,Playa Blanca,,arana,,,6,2021,jun-24,487.391,17,0,0,0,0,,Randall
5092600,10,1,Playa Blanca,,arana,,,6,2021,jun-24,144.263,6,0,0,0,0,,Randall
5093400,10,2,Playa Blanca,,arana,,,6,2021,jun-24,53.955,3,1,1,0,0,,Randall
5094200,10,3,Playa Blanca,,arana,,,6,2021,jun-24,91.857,4,0,0,0,1,,Randall
5095000,10,4,Playa Blanca,,arana,,,6,2021,jun-24,105.530,4,1,0,0,0,,Randall
5100000,10,5,Playa Blanca,,arana,,,6,2021,jun-24,141.161,5,0,0,0,0,,Randall
5100800,10,6,Playa Blanca,,arana,,,6,2021,jun-24,90.765,5,1,0,0,0,pez atravesado,Randall
5101700,10,7,Playa Blanca,,arana,,,6,2021,jun-24,475.770,15,0,0,1,0,,Randall
DSCN8015,6,1,Playa Blanca,,arana,,,7,2021,jul-24,219.396,6,0,0,0,0,,Randall
DSCN8016,6,2,Playa Blanca,,arana,,,7,2021,jul-24,167.171,7,0,0,1,1,,Randall
DSCN8017,6,3,Playa Blanca,,arana,,,7,2021,jul-24,182.044,6,0,1,2,2,,Randall
DSCN8018,6,4,Playa Blanca,,arana,,,7,2021,jul-24,442.601,6,0,0,0,0,dos corales estan muy cerca y los medi juntos,Randall
DSCN8019,6,5,Playa Blanca,,arana,,,7,2021,jul-24,163.437,6,0,1,0,2,,Randall
DSCN8020,6,6,Playa Blanca,,arana,,,7,2021,jul-24,165.650,5,0,0,1,0,"uno o dos corales se confunden con otro de otro ""lado"". Esos posibles dos los medi juntos.",Randall
DSCN8021,6,7,Playa Blanca,,arana,,,7,2021,jul-24,479.871,13,0,2,2,1,Tambien se confunden con otros de abajo. Uno casi completamente muerto.,Randall
DSCN8023,7,1,Playa Blanca,,arana,,,7,2021,jul-24,210.968,4,0,0,0,0,Pueden ser hasta 6. estan pegados,Randall
DSCN8024,7,2,Playa Blanca,,arana,,,7,2021,jul-24,190.622,4,0,0,1,1,,Randall
DSCN8025,7,3,Playa Blanca,,arana,,,7,2021,jul-24,144.277,4,0,0,0,1,,Randall
DSCN8026,7,4,Playa Blanca,,arana,,,7,2021,jul-24,158.483,6,0,2,0,1,uno tiene un pedacito muy muy blanco y otro pedacito muerto,Randall
DSCN8027,7,5,Playa Blanca,,arana,,,7,2021,jul-24,142.202,4,0,1,2,2,uno con una costra café. Otro con una parte muy blanca y muerta.,Randall
DSCN8028,7,6,Playa Blanca,,arana,,,7,2021,jul-24,191.746,5,0,0,0,0,,Randall
DSCN8029,7,7,Playa Blanca,,arana,,,7,2021,jul-24,548.507,13,0,0,0,1,algunos estan verdes,Randall
DSCN8031,8,1,Playa Blanca,,arana,,,7,2021,jul-24,145.962,5,0,0,0,0,,Randall
DSCN8032,8,2,Playa Blanca,,arana,,,7,2021,jul-24,144.710,6,0,0,0,1,,Randall
DSCN8033,8,3,Playa Blanca,,arana,,,7,2021,jul-24,245.356,5,0,0,0,0,,Randall
DSCN8034,8,4,Playa Blanca,,arana,,,7,2021,jul-24,244.127,6,0,0,0,0,,Randall
DSCN8035,8,5,Playa Blanca,,arana,,,7,2021,jul-24,195.264,6,0,0,0,1,,Randall
DSCN8036,8,6,Playa Blanca,,arana,,,7,2021,jul-24,127.016,5,0,0,2,0,,Randall
DSCN8037,8,7,Playa Blanca,,arana,,,7,2021,jul-24,496.625,13,0,1,1,0,,Randall
DSCN8136,9,1,Playa Blanca,,arana,,,7,2021,jul-24,142.557,5,0,0,0,0,,Randall
DSCN8137,9,2,Playa Blanca,,arana,,,7,2021,jul-24,134.708,7,0,2,0,0,Algunos en la parte de abajo estan cerca del suelo y no se ven bien,Randall
DSCN8138,9,3,Playa Blanca,,arana,,,7,2021,jul-24,145.741,5,0,0,0,0,,Randall
DSCN8139,9,4,Playa Blanca,,arana,,,7,2021,jul-24,120.191,5,0,0,0,1,,Randall
DSCN8140,9,5,Playa Blanca,,arana,,,7,2021,jul-24,159.561,7,0,0,0,2,,Randall
DSCN8141,9,6,Playa Blanca,,arana,,,7,2021,jul-24,166.073,7,0,1,0,0,Creo que dos los medi juntos. Si es solo uno entonces son 6.,Randall
DSCN8142,9,7,Playa Blanca,,arana,,,7,2021,jul-24,468.041,16,0,0,1,2,,Randall
DSCN8039,10,1,Playa Blanca,,arana,,,7,2021,jul-24,153.122,5,0,0,0,0,,Randall
DSCN8040,10,2,Playa Blanca,,arana,,,7,2021,jul-24,49.355,3,0,0,2,0,,Randall
DSCN8041,10,3,Playa Blanca,,arana,,,7,2021,jul-24,108.759,5,1,1,0,0,Podrian ser 4,Randall
DSCN8042,10,4,Playa Blanca,,arana,,,7,2021,jul-24,113.477,4,1,0,0,0,,Randall
DSCN8043,10,5,Playa Blanca,,arana,,,7,2021,jul-24,139.186,5,0,0,0,0,,Randall
DSCN8044,10,6,Playa Blanca,,arana,,,7,2021,jul-24,81.714,5,1,0,0,1,,Randall
DSCN8046,10,7,Playa Blanca,,arana,,,7,2021,jul-24,446.120,15,0,0,2,4,,Randall
DSCN0996,6,1,Playa Blanca,,arana,,,9,2021,sep-24,245.903,6,0,0,0,0,,Randall
DSCN0997,6,2,Playa Blanca,,arana,,,9,2021,sep-24,201.878,8,0,0,0,1,Dificil de distinguir. My oscuro.,Randall
DSCN0998,6,3,Playa Blanca,,arana,,,9,2021,sep-24,216.156,6,0,0,0,1,,Randall
DSCN0999,6,4,Playa Blanca,,arana,,,9,2021,sep-24,307.608,6,0,0,0,0,,Randall
DSCN1000,6,5,Playa Blanca,,arana,,,9,2021,sep-24,245.535,6,0,1,0,2,,Randall
DSCN1001,6,6,Playa Blanca,,arana,,,9,2021,sep-24,221.619,5,0,0,0,0,Algunos están muy cerca.,Randall
DSCN1002,6,7,Playa Blanca,,arana,,,9,2021,sep-24,484.034,11,0,0,2,0,,Randall
DSCN0988,7,1,Playa Blanca,,arana,,,9,2021,sep-24,262.688,6,0,0,0,0,Medi 2 juntos que. creo. son distintos.,Randall
DSCN0989,7,2,Playa Blanca,,arana,,,9,2021,sep-24,245.978,5,0,0,0,0,,Randall
DSCN0990,7,3,Playa Blanca,,arana,,,9,2021,sep-24,174.305,4,0,0,0,0,,Randall
DSCN0991,7,4,Playa Blanca,,arana,,,9,2021,sep-24,190.350,6,0,0,0,0,,Randall
DSCN0992,7,5,Playa Blanca,,arana,,,9,2021,sep-24,180.527,4,0,0,1,0,,Randall
DSCN0993,7,6,Playa Blanca,,arana,,,9,2021,sep-24,291.304,5,0,0,0,0,Hay un pez atravesado,Randall
DSCN0994,7,7,Playa Blanca,,arana,,,9,2021,sep-24,787.238,13,0,0,0,0,Uno podrían ser dos realmente.,Randall
DSCN0979,8,1,Playa Blanca,,arana,,,9,2021,sep-24,170.602,5,0,0,0,0,,Randall
DSCN0980,8,2,Playa Blanca,,arana,,,9,2021,sep-24,182.678,6,0,0,0,0,,Randall
DSCN0981,8,3,Playa Blanca,,arana,,,9,2021,sep-24,272.953,5,0,0,0,0,Dos estan muy pegados y los medí juntos. Podria ser uno. no estoy seguro.,Randall
DSCN0982,8,4,Playa Blanca,,arana,,,9,2021,sep-24,288.939,6,0,0,0,0,,Randall
DSCN0983,8,5,Playa Blanca,,arana,,,9,2021,sep-24,248.318,6,0,0,0,0,,Randall
DSCN0984,8,6,Playa Blanca,,arana,,,9,2021,sep-24,197.566,5,0,0,0,0,,Randall
DSCN0985,8,7,Playa Blanca,,arana,,,9,2021,sep-24,537.447,13,0,0,0,1,Dos fueron medidos juntos. El del centro tiene una costra arriba. ¿blanqueo,Randall
DSCN0961,9,1,Playa Blanca,,arana,,,9,2021,sep-24,208.271,5,0,0,0,0,,Randall
DSCN0962,9,2,Playa Blanca,,arana,,,9,2021,sep-24,139.087,6,0,0,0,0,,Randall
DSCN0963,9,3,Playa Blanca,,arana,,,9,2021,sep-24,195.193,5,0,0,0,0,Bastante alga,Randall
DSCN0964,9,4,Playa Blanca,,arana,,,9,2021,sep-24,149.686,5,0,0,0,0,,Randall
DSCN0965,9,5,Playa Blanca,,arana,,,9,2021,sep-24,258.262,7,0,0,0,0,,Randall
DSCN0966,9,6,Playa Blanca,,arana,,,9,2021,sep-24,247.558,7,0,0,0,0,Dos fueron medidos juntos.,Randall
DSCN0967,9,7,Playa Blanca,,arana,,,9,2021,sep-24,647.470,17,0,0,0,2,Algunos se ven mal.,Randall
DSCN1041,10,1,Playa Blanca,,arana,,,9,2021,sep-24,113.376,7,0,0,0,0,,Randall
DSCN1042,10,2,Playa Blanca,,arana,,,9,2021,sep-24,93.853,3,0,0,1,0,Uno perdido. tal vez dos,Randall
DSCN1043,10,3,Playa Blanca,,arana,,,9,2021,sep-24,104.600,4,1,0,0,0,Se ve muy mal. Dos juntos.,Randall
DSCN1044,10,4,Playa Blanca,,arana,,,9,2021,sep-24,153.946,5,0,0,0,0,Dos corales medidios juntos,Randall
DSCN1045,10,5,Playa Blanca,,arana,,,9,2021,sep-24,181.372,5,0,0,0,0,,Randall
DSCN1046,10,6,Playa Blanca,,arana,,,9,2021,sep-24,119.480,5,0,0,0,0,,Randall
DSCN1047,10,7,Playa Blanca,,arana,,,9,2021,sep-24,619.408,14,0,1,2,0,Dos medidos juntos.,Randall
DSCN9038,174,1,Playa Blanca,,arana,,,2,2021,feb-24,110.260,6,0,2,0,0,poca visibilidad en todas,Andrea
DSCN9039,174,2,Playa Blanca,,arana,,,2,2021,feb-24,90.980,5,0,0,0,0,muy oscura,Andrea
DSCN9040,174,3,Playa Blanca,,arana,,,2,2021,feb-24,218.628,7,0,1,0,0,,Andrea
DSCN9041,174,4,Playa Blanca,,arana,,,2,2021,feb-24,91.785,4,0,0,0,0,,Andrea
DSCN9042,174,5,Playa Blanca,,arana,,,2,2021,feb-24,77.352,3,0,0,0,0,,Andrea
DSCN9043,174,6,Playa Blanca,,arana,,,2,2021,feb-24,72.850,4,0,1,0,0,,Andrea
DSCN9044,174,7,Playa Blanca,,arana,,,2,2021,feb-24,533.840,16,0,1,0,0,,Andrea
DSCN9030,173,1,Playa Blanca,,arana,,,2,2021,feb-24,69.092,6,0,0,0,0,,Andrea
DSCN9031,173,2,Playa Blanca,,arana,,,2,2021,feb-24,87.718,5,0,2,0,0,,Andrea
DSCN9032,173,3,Playa Blanca,,arana,,,2,2021,feb-24,82.754,5,0,2,0,0,,Andrea
DSCN9033,173,4,Playa Blanca,,arana,,,2,2021,feb-24,96.687,6,0,0,0,0,no se ve bien,Andrea
DSCN9034,173,5,Playa Blanca,,arana,,,2,2021,feb-24,78.522,5,0,0,0,0,,Andrea
DSCN9035,173,6,Playa Blanca,,arana,,,2,2021,feb-24,51.477,6,0,3,0,0,,Andrea
DSCN9036,173,7,Playa Blanca,,arana,,,2,2021,feb-24,256.338,18,0,2,0,0,,Andrea
DSCN9045,20,1,Playa Blanca,,arana,,,2,2021,feb-24,136.878,10,0,0,0,0,,Andrea
DSCN9046,20,2,Playa Blanca,,arana,,,2,2021,feb-24,115.037,7,0,0,0,0,,Andrea
DSCN9047,20,3,Playa Blanca,,arana,,,2,2021,feb-24,97.667,7,0,0,0,0,,Andrea
DSCN9048,20,4,Playa Blanca,,arana,,,2,2021,feb-24,115.041,7,0,0,0,0,,Andrea
DSCN9049,20,5,Playa Blanca,,arana,,,2,2021,feb-24,102.688,9,0,0,0,0,,Andrea
DSCN9050,20,6,Playa Blanca,,arana,,,2,2021,feb-24,116.426,8,0,1,0,0,,Andrea
DSCN9051,20,7,Playa Blanca,,arana,,,2,2021,feb-24,488.592,15,0,2,0,0,,Andrea
DSCN9053,19,1,Playa Blanca,,arana,,,2,2021,feb-24,94.980,6,0,3,0,0,,Andrea
DSCN9054,19,2,Playa Blanca,,arana,,,2,2021,feb-24,84.339,5,0,2,0,0,,Andrea
DSCN9055,19,3,Playa Blanca,,arana,,,2,2021,feb-24,109.480,6,0,2,0,0,,Andrea
DSCN9056,19,4,Playa Blanca,,arana,,,2,2021,feb-24,82.411,6,0,0,0,0,,Andrea
DSCN9058,19,5,Playa Blanca,,arana,,,2,2021,feb-24,114.779,8,0,2,0,0,,Andrea
DSCN9059,19,6,Playa Blanca,,arana,,,2,2021,feb-24,64.809,5,0,1,0,0,,Andrea
DSCN9060,19,7,Playa Blanca,,arana,,,2,2021,feb-24,407.158,17,0,1,0,0,,Andrea
DSCN9061,18,1,Playa Blanca,,arana,,,2,2021,feb-24,179.074,9,0,0,0,0,,Andrea
DSCN9062,18,2,Playa Blanca,,arana,,,2,2021,feb-24,101.454,9,0,0,0,0,,Andrea
DSCN9063,18,3,Playa Blanca,,arana,,,2,2021,feb-24,106.453,11,0,0,0,0,,Andrea
DSCN9064,18,4,Playa Blanca,,arana,,,2,2021,feb-24,80.184,9,0,0,0,0,,Andrea
DSCN9065,18,5,Playa Blanca,,arana,,,2,2021,feb-24,101.566,7,0,0,0,0,,Andrea
DSCN9066,18,6,Playa Blanca,,arana,,,2,2021,feb-24,140.809,11,0,0,0,0,,Andrea
DSCN9067,18,7,Playa Blanca,,arana,,,2,2021,feb-24,354.565,19,0,0,0,0,,Andrea
DSCN9083,17,1,Playa Blanca,,arana,,,2,2021,feb-24,44.578,8,0,1,0,0,mala visibilidad,Andrea
DSCN9084,17,2,Playa Blanca,,arana,,,2,2021,feb-24,44.441,9,0,1,0,0,,Andrea
DSCN9085,17,3,Playa Blanca,,arana,,,2,2021,feb-24,52.713,7,0,1,0,0,mala visibilidad,Andrea
DSCN9086,17,4,Playa Blanca,,arana,,,2,2021,feb-24,19.853,3,0,0,0,0,,Andrea
DSCN9087,17,5,Playa Blanca,,arana,,,2,2021,feb-24,56.797,8,0,3,0,0,,Andrea
DSCN9088,17,6,Playa Blanca,,arana,,,2,2021,feb-24,41.011,7,0,1,0,0,,Andrea
DSCN9089,17,7,Playa Blanca,,arana,,,2,2021,feb-24,15.884,13,0,1,0,0,,Andrea
DSCN0324,174,1,Playa Blanca,,arana,,,3,2021,mar-24,112.353,6,0,2,0,0,,Andrea
DSCN0325,174,2,Playa Blanca,,arana,,,3,2021,mar-24,122.019,4,0,1,0,0,,Andrea
DSCN0326,174,3,Playa Blanca,,arana,,,3,2021,mar-24,215.490,7,0,1,0,0,7 o 4 frag,Andrea
DSCN0327,174,4,Playa Blanca,,arana,,,3,2021,mar-24,88.764,4,0,1,0,0,,Andrea
DSCN0328,174,5,Playa Blanca,,arana,,,3,2021,mar-24,85.931,3,0,1,0,0,,Andrea
DSCN0329,174,6,Playa Blanca,,arana,,,3,2021,mar-24,88.336,4,0,2,0,0,,Andrea
DSCN0330,174,7,Playa Blanca,,arana,,,3,2021,mar-24,549.082,14,0,2,0,0,,Andrea
DSCN0331,173,1,Playa Blanca,,arana,,,3,2021,mar-24,89.137,6,0,1,0,0,,Andrea
DSCN0332,173,2,Playa Blanca,,arana,,,3,2021,mar-24,117.538,5,0,3,0,0,,Andrea
DSCN0333,173,3,Playa Blanca,,arana,,,3,2021,mar-24,113.086,5,0,1,0,0,,Andrea
DSCN0334,173,4,Playa Blanca,,arana,,,3,2021,mar-24,99.440,6,0,3,0,0,,Andrea
DSCN0335,173,5,Playa Blanca,,arana,,,3,2021,mar-24,98.318,5,0,2,0,0,,Andrea
DSCN0336,173,6,Playa Blanca,,arana,,,3,2021,mar-24,79.778,6,0,1,0,0,,Andrea
DSCN0337,173,7,Playa Blanca,,arana,,,3,2021,mar-24,395.374,19,0,4,0,0,,Andrea
DSCN0352,20,1,Playa Blanca,,arana,,,3,2021,mar-24,193.164,11,0,2,0,0,,Andrea
DSCN0353,20,2,Playa Blanca,,arana,,,3,2021,mar-24,100.514,8,0,1,0,0,,Andrea
DSCN0354,20,3,Playa Blanca,,arana,,,3,2021,mar-24,68.156,8,0,2,0,0,,Andrea
DSCN0355,20,4,Playa Blanca,,arana,,,3,2021,mar-24,146.033,7,0,2,0,0,,Andrea
DSCN0356,20,5,Playa Blanca,,arana,,,3,2021,mar-24,104.242,9,0,1,0,0,,Andrea
DSCN0357,20,6,Playa Blanca,,arana,,,3,2021,mar-24,128.359,10,0,2,0,0,,Andrea
DSCN0358,20,7,Playa Blanca,,arana,,,3,2021,mar-24,467.754,17,0,4,0,0,,Andrea
DSCN0345,19,1,Playa Blanca,,arana,,,3,2021,mar-24,150.869,6,0,3,0,0,,Andrea
DSCN0346,19,2,Playa Blanca,,arana,,,3,2021,mar-24,122.805,5,0,3,0,0,,Andrea
DSCN0347,19,3,Playa Blanca,,arana,,,3,2021,mar-24,149.994,6,0,2,0,0,,Andrea
DSCN0348,19,4,Playa Blanca,,arana,,,3,2021,mar-24,98.306,5,0,0,1,0,,Andrea
DSCN0349,19,5,Playa Blanca,,arana,,,3,2021,mar-24,106.990,7,0,3,0,0,,Andrea
DSCN0350,19,6,Playa Blanca,,arana,,,3,2021,mar-24,98.992,5,0,1,0,0,,Andrea
DSCN0351,19,7,Playa Blanca,,arana,,,3,2021,mar-24,526.794,18,0,2,0,0,,Andrea
DSCN0338,18,1,Playa Blanca,,arana,,,3,2021,mar-24,167.965,10,0,0,0,0,,Andrea
DSCN0339,18,2,Playa Blanca,,arana,,,3,2021,mar-24,136.936,8,0,0,0,0,,Andrea
DSCN0340,18,3,Playa Blanca,,arana,,,3,2021,mar-24,120.801,10,0,0,0,0,,Andrea
DSCN0341,18,4,Playa Blanca,,arana,,,3,2021,mar-24,66.797,8,0,1,1,0,,Andrea
DSCN0342,18,5,Playa Blanca,,arana,,,3,2021,mar-24,133.444,7,0,0,0,0,,Andrea
DSCN0343,18,6,Playa Blanca,,arana,,,3,2021,mar-24,105.177,10,0,1,0,0,,Andrea
DSCN0344,18,7,Playa Blanca,,arana,,,3,2021,mar-24,365.636,17,0,2,0,0,,Andrea
DSCN0359,17,1,Playa Blanca,,arana,,,3,2021,mar-24,44.268,8,0,0,1,0,,Andrea
DSCN0360,17,2,Playa Blanca,,arana,,,3,2021,mar-24,109.672,12,0,3,0,0,,Andrea
DSCN0361,17,3,Playa Blanca,,arana,,,3,2021,mar-24,68.856,7,0,3,0,0,,Andrea
DSCN0362,17,4,Playa Blanca,,arana,,,3,2021,mar-24,34.372,3,0,1,0,0,,Andrea
DSCN0363,17,5,Playa Blanca,,arana,,,3,2021,mar-24,74.960,7,0,1,0,0,,Andrea
DSCN0364,17,6,Playa Blanca,,arana,,,3,2021,mar-24,76.181,8,0,0,0,0,,Andrea
DSCN0365,17,7,Playa Blanca,,arana,,,3,2021,mar-24,166.674,14,0,1,1,0,,Andrea
5102800,11,0,Playa Blanca,,arana,,,6,2021,jun-24,NA,NA,NA,NA,NA,NA,Etiqueta de la arana,Maricruz
5104700,11,1,Playa Blanca,,arana,,,6,2021,jun-24,177.781,4,0,1,0,0,,Maricruz
5105700,11,2,Playa Blanca,,arana,,,6,2021,jun-24,202.976,5,0,0,1,0,,Maricruz
5110500,11,3,Playa Blanca,,arana,,,6,2021,jun-24,132.040,3,0,0,0,0,,Maricruz
5111500,11,4,Playa Blanca,,arana,,,6,2021,jun-24,196.943,4,0,1,1,0,El de arriba a la izquierda no se ve muy bien y no estoy segura si tiene muerte parcial,Maricruz
5112600,11,5,Playa Blanca,,arana,,,6,2021,jun-24,212.029,4,0,0,0,0,,Maricruz
5113500,11,6,Playa Blanca,,arana,,,6,2021,jun-24,125.475,4,0,1,1,0,El de arriba a la derecha no se distingue bien,Maricruz
5114300,11,7,Playa Blanca,,arana,,,6,2021,jun-24,321.264,8,0,0,2,0,,Maricruz
5123500,12,0,Playa Blanca,,arana,,,6,2021,jun-24,NA,NA,NA,NA,NA,NA,Etiqueta de la arana,Maricruz
5124300,12,1,Playa Blanca,,arana,,,6,2021,jun-24,252.400,5,0,1,0,0,Revisar mortalidad parcial,Maricruz
5124900,12,2,Playa Blanca,,arana,,,6,2021,jun-24,213.421,5,0,0,0,0,,Maricruz
5125700,12,3,Playa Blanca,,arana,,,6,2021,jun-24,93.089,4,0,0,1,0,,Maricruz
5130400,12,4,Playa Blanca,,arana,,,6,2021,jun-24,84.994,6,0,0,0,0,El de arriba a la derecha estaba vuelto hacia atrás entonces no sé si presenta mortalidad parcial,Maricruz
5131100,12,5,Playa Blanca,,arana,,,6,2021,jun-24,62.135,3,0,0,4,0,,Maricruz
5131900,12,6,Playa Blanca,,arana,,,6,2021,jun-24,101.370,4,0,0,1,0,,Maricruz
5132600,12,7,Playa Blanca,,arana,,,6,2021,jun-24,456.630,12,0,0,4,0,,Maricruz
5133700,13,0,Playa Blanca,,arana,,,6,2021,jun-24,NA,NA,NA,NA,NA,NA,Etiqueta de la arana,Maricruz
5135400,13,1,Playa Blanca,,arana,,,6,2021,jun-24,235.732,7,0,1,0,0,,Maricruz
5140000,13,2,Playa Blanca,,arana,,,6,2021,jun-24,153.425,5,0,1,0,0,,Maricruz
5141000,13,3,Playa Blanca,,arana,,,6,2021,jun-24,207.439,6,0,2,1,0,,Maricruz
5142100,13,4,Playa Blanca,,arana,,,6,2021,jun-24,303.332,7,0,0,1,0,,Maricruz
5142800,13,5,Playa Blanca,,arana,,,6,2021,jun-24,88.185,3,0,0,1,0,,Maricruz
5143700,13,6,Playa Blanca,,arana,,,6,2021,jun-24,57.271,1,0,0,1,0,,Maricruz
5145000,13,7,Playa Blanca,,arana,,,6,2021,jun-24,704.842,17,0,0,3,0,Es dificil saber cuantos hay,Maricruz
5150500,14,0,Playa Blanca,,arana,,,6,2021,jun-24,NA,NA,NA,NA,NA,NA,Etiqueta de la arana,Maricruz
5151600,14,1,Playa Blanca,,arana,,,6,2021,jun-24,120.245,3,0,0,0,0,,Maricruz
5153200,14,2,Playa Blanca,,arana,,,6,2021,jun-24,110.509,4,0,0,0,0,,Maricruz
5153900,14,3,Playa Blanca,,arana,,,6,2021,jun-24,85.770,2,0,0,2,0,,Maricruz
5154600,14,4,Playa Blanca,,arana,,,6,2021,jun-24,221.682,6,0,0,0,0,,Maricruz
5155400,14,5,Playa Blanca,,arana,,,6,2021,jun-24,168.316,4,0,0,2,0,,Maricruz
5160100,14,6,Playa Blanca,,arana,,,6,2021,jun-24,215.315,4,0,0,0,0,,Maricruz
5161700,14,7,Playa Blanca,,arana,,,6,2021,jun-24,366.270,11,0,0,1,0,,Maricruz
5163200,15,0,Playa Blanca,,arana,,,6,2021,jun-24,NA,NA,NA,NA,NA,NA,Etiqueta de la arana,Maricruz
5164000,15,1,Playa Blanca,,arana,,,6,2021,jun-24,118.014,6,0,0,3,0,,Maricruz
5164600,15,2,Playa Blanca,,arana,,,6,2021,jun-24,159.140,7,0,0,0,0,,Maricruz
5165500,15,3,Playa Blanca,,arana,,,6,2021,jun-24,59.302,2,0,0,3,0,,Maricruz
5170200,15,4,Playa Blanca,,arana,,,6,2021,jun-24,127.774,4,1,1,1,0,No sé que es lo qué hay a la par del coral más grande de abajo,Maricruz
5170900,15,5,Playa Blanca,,arana,,,6,2021,jun-24,63.489,1,0,0,4,0,,Maricruz
5171500,15,6,Playa Blanca,,arana,,,6,2021,jun-24,237.264,5,0,0,1,0,,Maricruz
5172300,15,7,Playa Blanca,,arana,,,6,2021,jun-24,102.084,6,0,0,8,0,El coral cerca del centro está hacia abajo entonces es dificil saber,Maricruz
DSCN0683,174,1,Playa Blanca,,arana,,,4,2021,abr-24,167.979,6,0,2,0,0,,Andrea
DSCN0684,174,2,Playa Blanca,,arana,,,4,2021,abr-24,134.227,4,0,0,0,0,,Andrea
DSCN0685,174,3,Playa Blanca,,arana,,,4,2021,abr-24,296.005,6,0,1,0,0,,Andrea
DSCN0686,174,4,Playa Blanca,,arana,,,4,2021,abr-24,96.006,4,0,1,0,0,,Andrea
DSCN0687,174,5,Playa Blanca,,arana,,,4,2021,abr-24,103.542,3,0,0,1,0,,Andrea
DSCN0688,174,6,Playa Blanca,,arana,,,4,2021,abr-24,117.184,4,0,2,0,0,,Andrea
DSCN0689,174,7,Playa Blanca,,arana,,,4,2021,abr-24,682.443,15,0,3,0,0,,Andrea
DSCN0676,173,1,Playa Blanca,,arana,,,4,2021,abr-24,119.918,6,0,1,0,0,,Andrea
DSCN0677,173,2,Playa Blanca,,arana,,,4,2021,abr-24,100.194,5,0,4,0,0,,Andrea
DSCN0678,173,3,Playa Blanca,,arana,,,4,2021,abr-24,115.965,5,0,1,0,0,,Andrea
DSCN0679,173,4,Playa Blanca,,arana,,,4,2021,abr-24,143.685,6,0,3,0,0,,Andrea
DSCN0680,173,5,Playa Blanca,,arana,,,4,2021,abr-24,137.351,5,0,0,0,0,,Andrea
DSCN0681,173,6,Playa Blanca,,arana,,,4,2021,abr-24,110.577,6,0,2,0,0,,Andrea
DSCN0682,173,7,Playa Blanca,,arana,,,4,2021,abr-24,423.170,19,0,5,0,0,,Andrea
DSCN0691,20,1,Playa Blanca,,arana,,,4,2021,abr-24,336.534,10,0,0,0,0,No se ven muy bien,Andrea
DSCN0692,20,2,Playa Blanca,,arana,,,4,2021,abr-24,156.512,6,0,0,0,0,,Andrea
DSCN0693,20,3,Playa Blanca,,arana,,,4,2021,abr-24,171.031,10,0,0,0,0,,Andrea
DSCN0694,20,4,Playa Blanca,,arana,,,4,2021,abr-24,213.092,8,0,0,0,0,,Andrea
DSCN0695,20,5,Playa Blanca,,arana,,,4,2021,abr-24,120.835,8,0,0,0,0,,Andrea
DSCN0696,20,6,Playa Blanca,,arana,,,4,2021,abr-24,151.546,8,0,0,0,0,,Andrea
DSCN0697,20,7,Playa Blanca,,arana,,,4,2021,abr-24,559.303,16,0,5,2,0,,Andrea
DSCN0699,19,1,Playa Blanca,,arana,,,4,2021,abr-24,195.917,6,0,3,0,0,,Andrea
DSCN0700,19,2,Playa Blanca,,arana,,,4,2021,abr-24,109.979,5,0,3,0,0,,Andrea
DSCN0701,19,3,Playa Blanca,,arana,,,4,2021,abr-24,200.393,6,0,2,0,0,,Andrea
DSCN0702,19,4,Playa Blanca,,arana,,,4,2021,abr-24,139.905,5,0,0,1,0,,Andrea
DSCN0703,19,5,Playa Blanca,,arana,,,4,2021,abr-24,155.477,7,0,0,0,0,,Andrea
DSCN0704,19,6,Playa Blanca,,arana,,,4,2021,abr-24,120.677,5,0,1,0,0,,Andrea
DSCN0705,19,7,Playa Blanca,,arana,,,4,2021,abr-24,688.163,17,0,2,0,0,,Andrea
DSCN0707,18,1,Playa Blanca,,arana,,,4,2021,abr-24,235.393,11,0,0,0,0,,Andrea
DSCN0708,18,2,Playa Blanca,,arana,,,4,2021,abr-24,195.200,8,0,0,1,0,,Andrea
DSCN0709,18,3,Playa Blanca,,arana,,,4,2021,abr-24,233.437,8,0,1,0,0,,Andrea
DSCN0710,18,4,Playa Blanca,,arana,,,4,2021,abr-24,68.789,8,0,0,1,0,,Andrea
DSCN0711,18,5,Playa Blanca,,arana,,,4,2021,abr-24,155.361,8,0,0,0,0,,Andrea
DSCN0712,18,6,Playa Blanca,,arana,,,4,2021,abr-24,174.778,10,0,0,0,0,,Andrea
DSCN0713,18,7,Playa Blanca,,arana,,,4,2021,abr-24,492.309,16,1,1,0,0,,Andrea
DSCN0731,17,1,Playa Blanca,,arana,,,4,2021,abr-24,41.090,4,0,0,5,0,,Andrea
DSCN0732,17,2,Playa Blanca,,arana,,,4,2021,abr-24,124.698,10,0,2,1,0,,Andrea
DSCN0733,17,3,Playa Blanca,,arana,,,4,2021,abr-24,87.448,8,0,0,2,0,,Andrea
DSCN0734,17,4,Playa Blanca,,arana,,,4,2021,abr-24,54.123,4,0,0,0,0,,Andrea
DSCN0735,17,5,Playa Blanca,,arana,,,4,2021,abr-24,73.281,6,0,0,2,0,,Andrea
DSCN0736,17,6,Playa Blanca,,arana,,,4,2021,abr-24,100.591,8,0,0,3,0,,Andrea
DSCN0737,17,7,Playa Blanca,,arana,,,4,2021,abr-24,195.435,12,0,1,6,0,,Andrea
DSCN1417,174,1,Playa Blanca,,arana,,,5,2021,may-24,212.679,6,0,1,0,0,,Andrea
DSCN1418,174,2,Playa Blanca,,arana,,,5,2021,may-24,173.627,4,0,1,0,0,,Andrea
DSCN1419,174,3,Playa Blanca,,arana,,,5,2021,may-24,329.862,5,0,0,1,0,,Andrea
DSCN1420,174,4,Playa Blanca,,arana,,,5,2021,may-24,124.065,4,0,1,0,0,,Andrea
DSCN1421,174,5,Playa Blanca,,arana,,,5,2021,may-24,121.264,3,0,0,1,0,,Andrea
DSCN1422,174,6,Playa Blanca,,arana,,,5,2021,may-24,164.629,4,0,1,0,0,,Andrea
DSCN1423,174,7,Playa Blanca,,arana,,,5,2021,may-24,842.474,13,0,1,0,0,,Andrea
DSCN1407,173,1,Playa Blanca,,arana,,,5,2021,may-24,219.741,6,0,0,0,0,,Andrea
DSCN1408,173,2,Playa Blanca,,arana,,,5,2021,may-24,169.387,6,0,2,0,0,,Andrea
DSCN1409,173,3,Playa Blanca,,arana,,,5,2021,may-24,150.501,5,0,2,0,0,,Andrea
DSCN1410,173,4,Playa Blanca,,arana,,,5,2021,may-24,192.773,6,0,0,0,0,,Andrea
DSCN1411,173,5,Playa Blanca,,arana,,,5,2021,may-24,163.232,5,0,1,0,0,,Andrea
DSCN1413,173,6,Playa Blanca,,arana,,,5,2021,may-24,120.260,6,0,0,0,0,,Andrea
DSCN1415,173,7,Playa Blanca,,arana,,,5,2021,may-24,590.494,19,0,3,0,0,,Andrea
DSCN1425,20,1,Playa Blanca,,arana,,,5,2021,may-24,391.575,11,0,0,0,0,No se ve bien para ver si hay mortalidad,Andrea
DSCN1426,20,2,Playa Blanca,,arana,,,5,2021,may-24,273.324,7,0,0,0,0,No se ve bien para ver si hay mortalidad,Andrea
DSCN1427,20,3,Playa Blanca,,arana,,,5,2021,may-24,193.683,7,0,0,0,0,No se ve bien para ver si hay mortalidad,Andrea
DSCN1428,20,4,Playa Blanca,,arana,,,5,2021,may-24,239.139,7,0,1,0,0,No se ve bien para ver si hay mortalidad,Andrea
DSCN1429,20,5,Playa Blanca,,arana,,,5,2021,may-24,197.336,9,0,1,0,0,No se ve bien para ver si hay mortalidad,Andrea
DSCN1430,20,6,Playa Blanca,,arana,,,5,2021,may-24,263.816,8,0,1,0,0,,Andrea
DSCN1431,20,7,Playa Blanca,,arana,,,5,2021,may-24,844.442,16,0,5,0,0,,Andrea
DSCN1470,19,1,Playa Blanca,,arana,,,5,2021,may-24,218.829,6,0,3,0,0,,Andrea
DSCN1471,19,2,Playa Blanca,,arana,,,5,2021,may-24,150.321,5,0,3,0,0,,Andrea
DSCN1472,19,3,Playa Blanca,,arana,,,5,2021,may-24,228.719,6,0,2,0,0,,Andrea
DSCN1474,19,4,Playa Blanca,,arana,,,5,2021,may-24,139.787,5,0,0,1,0,,Andrea
DSCN1475,19,5,Playa Blanca,,arana,,,5,2021,may-24,176.212,7,0,2,0,0,,Andrea
DSCN1476,19,6,Playa Blanca,,arana,,,5,2021,may-24,138.452,5,0,1,0,0,No se ve bien para ver si hay mortalidad,Andrea
DSCN1477,19,7,Playa Blanca,,arana,,,5,2021,may-24,797.970,18,0,3,0,0,,Andrea
DSCN1433,18,1,Playa Blanca,,arana,,,5,2021,may-24,275.000,9,0,0,0,0,,Andrea
DSCN1434,18,2,Playa Blanca,,arana,,,5,2021,may-24,233.000,8,0,0,0,0,,Andrea
DSCN1435,18,3,Playa Blanca,,arana,,,5,2021,may-24,293.032,9,0,0,0,0,,Andrea
DSCN1436,18,4,Playa Blanca,,arana,,,5,2021,may-24,80.000,5,0,0,0,0,,Andrea
DSCN1437,18,5,Playa Blanca,,arana,,,5,2021,may-24,216.000,8,0,0,0,0,,Andrea
DSCN1439,18,6,Playa Blanca,,arana,,,5,2021,may-24,273.000,11,0,0,0,0,,Andrea
DSCN1440,18,7,Playa Blanca,,arana,,,5,2021,may-24,644.000,16,0,1,0,0,,Andrea
DSCN1462,17,1,Playa Blanca,,arana,,,5,2021,may-24,52.360,6,0,0,5,0,Son los 5 que se perdieron en mayo,Andrea
DSCN1463,17,2,Playa Blanca,,arana,,,5,2021,may-24,169.000,11,0,0,0,0,,Andrea
DSCN1464,17,3,Playa Blanca,,arana,,,5,2021,may-24,100.000,6,0,0,2,6,,Andrea
DSCN1465,17,4,Playa Blanca,,arana,,,5,2021,may-24,30.000,2,0,0,2,0,,Andrea
DSCN1466,17,5,Playa Blanca,,arana,,,5,2021,may-24,120.000,6,0,1,0,0,,Andrea
DSCN1467,17,6,Playa Blanca,,arana,,,5,2021,may-24,79.000,6,0,0,2,0,,Andrea
DSCN1468,17,7,Playa Blanca,,arana,,,5,2021,may-24,230.000,13,0,1,5,0,,Andrea
5252900,174,1,Playa Blanca,,arana,,,6,2021,jun-24,284.506,6,0,1,0,0,,Andrea
5253400,174,2,Playa Blanca,,arana,,,6,2021,jun-24,305.559,4,0,0,0,0,,Andrea
5254200,174,3,Playa Blanca,,arana,,,6,2021,jun-24,397.000,3,0,1,1,0,mala visiilidad. no se ve mortalidad,Andrea
5254900,174,4,Playa Blanca,,arana,,,6,2021,jun-24,142.992,4,0,0,0,0,,Andrea
5255600,174,5,Playa Blanca,,arana,,,6,2021,jun-24,178.158,3,0,0,1,0,,Andrea
5260200,174,6,Playa Blanca,,arana,,,6,2021,jun-24,260.000,4,0,1,0,0,mala calidad,Andrea
5260700,174,7,Playa Blanca,,arana,,,6,2021,jun-24,"1,031.000",9,0,0,0,0,mala calidad,Andrea
5241200,173,1,Playa Blanca,,arana,,,6,2021,jun-24,249.000,6,0,0,0,0,mala calidad. no se ve mort.,Andrea
5242400,173,2,Playa Blanca,,arana,,,6,2021,jun-24,201.000,5,0,0,0,0,mala calidad. no se ve mort.,Andrea
5243100,173,3,Playa Blanca,,arana,,,6,2021,jun-24,182.628,5,0,1,0,0,,Andrea
5243700,173,4,Playa Blanca,,arana,,,6,2021,jun-24,238.000,6,0,0,0,0,,Andrea
5244300,173,5,Playa Blanca,,arana,,,6,2021,jun-24,180.000,5,0,1,0,0,,Andrea
5245100,173,6,Playa Blanca,,arana,,,6,2021,jun-24,162.000,6,0,0,0,0,,Andrea
5250000,173,7,Playa Blanca,,arana,,,6,2021,jun-24,717.000,18,0,2,0,0,,Andrea
5225500,20,1,Playa Blanca,,arana,,,6,2021,jun-24,442.000,10,0,0,0,0,,Andrea
5230400,20,2,Playa Blanca,,arana,,,6,2021,jun-24,241.000,6,0,0,0,0,,Andrea
5231300,20,3,Playa Blanca,,arana,,,6,2021,jun-24,415.000,9,0,0,0,0,,Andrea
5232000,20,4,Playa Blanca,,arana,,,6,2021,jun-24,339.323,7,0,0,0,0,,Andrea
5232600,20,5,Playa Blanca,,arana,,,6,2021,jun-24,326.000,8,0,0,0,0,,Andrea
5233800,20,6,Playa Blanca,,arana,,,6,2021,jun-24,276.000,8,0,2,0,0,,Andrea
5234500,20,7,Playa Blanca,,arana,,,6,2021,jun-24,729.000,15,0,6,0,0,,Andrea
DSCN8143,11,0,Playa Blanca,,arana,,,7,2021,jul-24,NA,NA,NA,NA,NA,NA,Etiqueta de la arana,Maricruz
DSCN8144,11,1,Playa Blanca,,arana,,,7,2021,jul-24,185.172,4,0,0,0,0,,Maricruz
DSCN8145,11,2,Playa Blanca,,arana,,,7,2021,jul-24,225.809,5,0,1,0,0,No sé si el de abajo a la derecha tiene mortalidad parcial,Maricruz
DSCN8146,11,3,Playa Blanca,,arana,,,7,2021,jul-24,162.430,3,0,0,2,0,,Maricruz
DSCN8147,11,4,Playa Blanca,,arana,,,7,2021,jul-24,166.562,5,0,1,1,0,,Maricruz
DSCN8148,11,5,Playa Blanca,,arana,,,7,2021,jul-24,224.579,5,0,0,0,0,,Maricruz
DSCN8149,11,6,Playa Blanca,,arana,,,7,2021,jul-24,168.215,4,0,1,1,0,,Maricruz
DSCN8151,11,7,Playa Blanca,,arana,,,7,2021,jul-24,289.855,7,0,0,7,0,,Maricruz
DSCN8127,12,0,Playa Blanca,,arana,,,7,2021,jul-24,NA,NA,NA,NA,NA,NA,Etiqueta de la arana,Maricruz
DSCN8128,12,1,Playa Blanca,,arana,,,7,2021,jul-24,249.802,5,0,1,0,0,,Maricruz
DSCN8129,12,2,Playa Blanca,,arana,,,7,2021,jul-24,212.863,5,0,0,0,0,,Maricruz
DSCN8130,12,3,Playa Blanca,,arana,,,7,2021,jul-24,96.237,4,0,0,1,0,,Maricruz
DSCN8131,12,4,Playa Blanca,,arana,,,7,2021,jul-24,103.807,5,0,1,1,0,,Maricruz
DSCN8132,12,5,Playa Blanca,,arana,,,7,2021,jul-24,78.328,4,0,0,2,0,,Maricruz
DSCN8133,12,6,Playa Blanca,,arana,,,7,2021,jul-24,157.131,4,0,0,1,0,,Maricruz
DSCN8134,12,7,Playa Blanca,,arana,,,7,2021,jul-24,661.443,12,0,1,4,0,,Maricruz
DSCN8119,13,0,Playa Blanca,,arana,,,7,2021,jul-24,NA,NA,NA,NA,NA,NA,Etiqueta de la arana,Maricruz
DSCN8120,13,1,Playa Blanca,,arana,,,7,2021,jul-24,285.901,7,0,0,0,0,,Maricruz
DSCN8121,13,2,Playa Blanca,,arana,,,7,2021,jul-24,179.890,5,0,1,2,0,,Maricruz
DSCN8122,13,3,Playa Blanca,,arana,,,7,2021,jul-24,165.830,4,0,1,3,0,,Maricruz
DSCN8123,13,4,Playa Blanca,,arana,,,7,2021,jul-24,348.435,8,0,0,0,0,Dificil saber cuantos hay en la parte de abajo,Maricruz
DSCN8124,13,5,Playa Blanca,,arana,,,7,2021,jul-24,107.996,3,0,0,1,0,,Maricruz
DSCN8125,13,6,Playa Blanca,,arana,,,7,2021,jul-24,64.196,1,0,0,2,0,,Maricruz
DSCN8126,13,7,Playa Blanca,,arana,,,7,2021,jul-24,962.266,17,0,0,2,0,Dificil saber cuantos hay,Maricruz
DSCN8047,14,0,Playa Blanca,,arana,,,7,2021,jul-24,NA,NA,NA,NA,NA,NA,Etiqueta de la arana,Maricruz
DSCN8048,14,1,Playa Blanca,,arana,,,7,2021,jul-24,151.847,3,0,0,1,0,,Maricruz
DSCN8049,14,2,Playa Blanca,,arana,,,7,2021,jul-24,131.386,4,0,0,1,0,*no sé si abajo es 1 o 2,Maricruz
DSCN8050,14,3,Playa Blanca,,arana,,,7,2021,jul-24,93.445,2,0,0,2,0,,Maricruz
DSCN8051,14,4,Playa Blanca,,arana,,,7,2021,jul-24,198.643,5,0,1,0,0,*no estoy segura,Maricruz
DSCN8052,14,5,Playa Blanca,,arana,,,7,2021,jul-24,172.956,5,0,2,1,0,,Maricruz
DSCN8053,14,6,Playa Blanca,,arana,,,7,2021,jul-24,172.432,4,0,2,0,0,,Maricruz
DSCN8054,14,7,Playa Blanca,,arana,,,7,2021,jul-24,454.117,11,0,1,0,0,,Maricruz
DSCN8103,15,0,Playa Blanca,,arana,,,7,2021,jul-24,NA,NA,NA,NA,NA,NA,Etiqueta de la arana,Maricruz
DSCN8104,15,1,Playa Blanca,,arana,,,7,2021,jul-24,118.352,5,0,0,4,0,,Maricruz
DSCN8105,15,2,Playa Blanca,,arana,,,7,2021,jul-24,188.412,7,0,1,2,0,,Maricruz
DSCN8106,15,3,Playa Blanca,,arana,,,7,2021,jul-24,55.976,2,0,0,5,0,,Maricruz
DSCN8107,15,4,Playa Blanca,,arana,,,7,2021,jul-24,157.417,5,0,1,1,0,,Maricruz
DSCN8108,15,5,Playa Blanca,,arana,,,7,2021,jul-24,46.748,1,0,0,6,0,,Maricruz
DSCN8109,15,6,Playa Blanca,,arana,,,7,2021,jul-24,241.986,5,0,1,1,0,,Maricruz
DSCN8110,15,7,Playa Blanca,,arana,,,7,2021,jul-24,180.644,7,0,1,8,0,,Maricruz
5214700,19,1,Playa Blanca,,arana,,,6,2021,jun-24,272.215,5,0,2,0,0,,Andrea
5215500,19,2,Playa Blanca,,arana,,,6,2021,jun-24,198.726,5,0,3,0,0,,Andrea
5220400,19,3,Playa Blanca,,arana,,,6,2021,jun-24,316.671,6,0,1,0,0,,Andrea
5221100,19,4,Playa Blanca,,arana,,,6,2021,jun-24,223.344,4,0,0,0,0,,Andrea
5221600,19,5,Playa Blanca,,arana,,,6,2021,jun-24,239.523,6,0,1,0,0,,Andrea
5222400,19,6,Playa Blanca,,arana,,,6,2021,jun-24,233.028,5,0,1,0,0,,Andrea
5223200,19,7,Playa Blanca,,arana,,,6,2021,jun-24,687.204,15,0,2,0,0,,Andrea
5202100,18,1,Playa Blanca,,arana,,,6,2021,jun-24,275.910,7,0,0,0,0,,Andrea
5203300,18,2,Playa Blanca,,arana,,,6,2021,jun-24,243.840,6,0,0,0,0,,Andrea
5204100,18,3,Playa Blanca,,arana,,,6,2021,jun-24,302.468,8,0,0,0,0,,Andrea
5204900,18,4,Playa Blanca,,arana,,,6,2021,jun-24,110.191,5,0,0,0,0,,Andrea
5205400,18,5,Playa Blanca,,arana,,,6,2021,jun-24,248.019,8,0,0,0,0,,Andrea
5210100,18,6,Playa Blanca,,arana,,,6,2021,jun-24,256.397,6,0,0,0,0,,Andrea
5211600,18,7,Playa Blanca,,arana,,,6,2021,jun-24,654.281,13,0,1,0,0,,Andrea
5190800,17,1,Playa Blanca,,arana,,,6,2021,jun-24,35.035,4,0,0,2,0,,Andrea
5191600,17,2,Playa Blanca,,arana,,,6,2021,jun-24,198.236,10,0,0,0,0,,Andrea
5192300,17,3,Playa Blanca,,arana,,,6,2021,jun-24,131.209,6,0,0,2,0,,Andrea
5193000,17,4,Playa Blanca,,arana,,,6,2021,jun-24,51.512,2,0,0,3,0,,Andrea
5193800,17,5,Playa Blanca,,arana,,,6,2021,jun-24,162.774,6,0,0,0,0,,Andrea
5194600,17,6,Playa Blanca,,arana,,,6,2021,jun-24,103.812,6,0,0,1,0,,Andrea
5195300,17,7,Playa Blanca,,arana,,,6,2021,jun-24,292.338,11,0,2,5,0,,Andrea
DSCN8080,174,1,Playa Blanca,,arana,,,7,2021,jul-24,240.062,6,0,0,0,0,,Andrea
DSCN8081,174,2,Playa Blanca,,arana,,,7,2021,jul-24,196.208,4,0,0,0,0,,Andrea
DSCN8082,174,3,Playa Blanca,,arana,,,7,2021,jul-24,352.391,5,0,1,0,0,,Andrea
DSCN8083,174,4,Playa Blanca,,arana,,,7,2021,jul-24,121.786,4,0,0,0,0,,Andrea
DSCN8084,174,5,Playa Blanca,,arana,,,7,2021,jul-24,108.814,3,0,1,0,0,,Andrea
DSCN8085,174,6,Playa Blanca,,arana,,,7,2021,jul-24,196.216,4,0,1,0,1,Blanqueado,Andrea
DSCN8086,174,7,Playa Blanca,,arana,,,7,2021,jul-24,"1,070.430",9,0,0,0,0,,Andrea
DSCN8088,173,1,Playa Blanca,,arana,,,7,2021,jul-24,230.525,6,0,0,0,0,,Andrea
DSCN8089,173,2,Playa Blanca,,arana,,,7,2021,jul-24,163.528,6,0,1,0,0,,Andrea
DSCN8090,173,3,Playa Blanca,,arana,,,7,2021,jul-24,202.417,5,0,1,0,0,,Andrea
DSCN8091,173,4,Playa Blanca,,arana,,,7,2021,jul-24,214.222,6,0,0,0,0,,Andrea
DSCN8092,173,5,Playa Blanca,,arana,,,7,2021,jul-24,142.323,5,0,1,0,0,,Andrea
DSCN8093,173,6,Playa Blanca,,arana,,,7,2021,jul-24,142.918,5,0,0,0,0,,Andrea
DSCN8094,173,7,Playa Blanca,,arana,,,7,2021,jul-24,716.688,16,0,1,1,0,,Andrea
DSCN8064,20,1,Playa Blanca,,arana,,,7,2021,jul-24,198.124,7,0,0,0,0,,Andrea
DSCN8065,20,2,Playa Blanca,,arana,,,7,2021,jul-24,360.590,6,0,0,0,0,Medí costado de una de las de arriba,Andrea
DSCN8066,20,3,Playa Blanca,,arana,,,7,2021,jul-24,222.354,6,0,1,0,0,,Andrea
DSCN8067,20,4,Playa Blanca,,arana,,,7,2021,jul-24,233.710,5,0,1,0,0,,Andrea
DSCN8068,20,5,Playa Blanca,,arana,,,7,2021,jul-24,262.473,7,0,0,0,0,,Andrea
DSCN8069,20,6,Playa Blanca,,arana,,,7,2021,jul-24,180.339,7,0,0,0,0,,Andrea
DSCN8070,20,7,Playa Blanca,,arana,,,7,2021,jul-24,700.301,15,0,4,0,0,,Andrea
DSCN8072,19,1,Playa Blanca,,arana,,,7,2021,jul-24,231.164,4,0,0,0,0,pez globo tapó un poco un coral,Andrea
DSCN8073,19,2,Playa Blanca,,arana,,,7,2021,jul-24,197.705,5,0,1,0,0,,Andrea
DSCN8074,19,3,Playa Blanca,,arana,,,7,2021,jul-24,276.455,6,0,0,0,0,,Andrea
DSCN8075,19,4,Playa Blanca,,arana,,,7,2021,jul-24,194.686,5,0,0,0,0,,Andrea
DSCN8076,19,5,Playa Blanca,,arana,,,7,2021,jul-24,258.947,7,0,2,0,0,,Andrea
DSCN8077,19,6,Playa Blanca,,arana,,,7,2021,jul-24,132.255,5,0,1,0,0,,Andrea
DSCN8078,19,7,Playa Blanca,,arana,,,7,2021,jul-24,721.667,16,0,2,0,0,,Andrea
DSCN8096,18,1,Playa Blanca,,arana,,,7,2021,jul-24,287.472,8,0,0,0,0,,Andrea
DSCN8097,18,2,Playa Blanca,,arana,,,7,2021,jul-24,279.530,7,0,0,0,0,,Andrea
DSCN8098,18,3,Playa Blanca,,arana,,,7,2021,jul-24,264.128,9,0,0,0,0,,Andrea
DSCN8099,18,4,Playa Blanca,,arana,,,7,2021,jul-24,192.501,7,0,0,0,0,,Andrea
DSCN8100,18,5,Playa Blanca,,arana,,,7,2021,jul-24,226.533,6,0,0,0,0,,Andrea
DSCN8101,18,6,Playa Blanca,,arana,,,7,2021,jul-24,293.257,8,0,0,0,0,,Andrea
DSCN8102,18,7,Playa Blanca,,arana,,,7,2021,jul-24,903.750,15,0,0,0,0,,Andrea
DSCN8096,17,1,Playa Blanca,,arana,,,7,2021,jul-24,250.989,8,0,0,0,0,,Andrea
DSCN8097,17,2,Playa Blanca,,arana,,,7,2021,jul-24,309.837,8,0,0,0,0,,Andrea
DSCN8098,17,3,Playa Blanca,,arana,,,7,2021,jul-24,225.399,10,0,1,0,0,,Andrea
DSCN8099,17,4,Playa Blanca,,arana,,,7,2021,jul-24,160.447,8,0,1,0,0,,Andrea
DSCN8100,17,5,Playa Blanca,,arana,,,7,2021,jul-24,232.345,6,0,0,0,0,,Andrea
DSCN8101,17,6,Playa Blanca,,arana,,,7,2021,jul-24,323.336,9,0,0,0,0,,Andrea
DSCN8102,17,7,Playa Blanca,,arana,,,7,2021,jul-24,943.272,15,0,0,1,0,,Andrea
DSCN0880,174,1,Playa Blanca,,arana,,,9,2021,set-21,357.996,5,0,1,0,0,,Andrea
DSCN0881,174,2,Playa Blanca,,arana,,,9,2021,set-21,201.804,4,0,0,0,0,,Andrea
DSCN0882,174,3,Playa Blanca,,arana,,,9,2021,set-21,361.033,5,0,1,0,0,,Andrea
DSCN0883,174,4,Playa Blanca,,arana,,,9,2021,set-21,166.498,4,0,0,0,0,,Andrea
DSCN0884,174,5,Playa Blanca,,arana,,,9,2021,set-21,139.843,2,0,0,2,0,,Andrea
DSCN0885,174,6,Playa Blanca,,arana,,,9,2021,set-21,205.774,4,0,1,0,0,,Andrea
DSCN0886,174,7,Playa Blanca,,arana,,,9,2021,set-21,"1,081.290",12,0,0,0,0,,Andrea
DSCN0872,173,1,Playa Blanca,,arana,,,9,2021,set-21,284.862,6,0,0,0,0,,Andrea
DSCN0873,173,2,Playa Blanca,,arana,,,9,2021,set-21,205.238,6,0,1,0,0,,Andrea
DSCN0874,173,3,Playa Blanca,,arana,,,9,2021,set-21,242.272,5,0,0,0,0,,Andrea
DSCN0875,173,4,Playa Blanca,,arana,,,9,2021,set-21,276.462,6,0,0,0,0,pez tapa un coral. foto no se ve bien,Andrea
DSCN0876,173,5,Playa Blanca,,arana,,,9,2021,set-21,206.580,5,0,1,0,0,,Andrea
DSCN0877,173,6,Playa Blanca,,arana,,,9,2021,set-21,211.201,5,0,0,0,0,,Andrea
DSCN0878,173,7,Playa Blanca,,arana,,,9,2021,set-21,886.829,18,0,0,0,0,,Andrea
DSCN0888,20,1,Playa Blanca,,arana,,,9,2021,set-21,706.020,10,0,0,0,0,,Andrea
DSCN0889,20,2,Playa Blanca,,arana,,,9,2021,set-21,250.887,7,0,0,0,0,,Andrea
DSCN0890,20,3,Playa Blanca,,arana,,,9,2021,set-21,342.783,7,0,1,0,0,,Andrea
DSCN0891,20,4,Playa Blanca,,arana,,,9,2021,set-21,270.968,6,0,0,0,0,,Andrea
DSCN0892,20,5,Playa Blanca,,arana,,,9,2021,set-21,343.067,10,0,0,0,0,,Andrea
DSCN0893,20,6,Playa Blanca,,arana,,,9,2021,set-21,285.949,7,0,1,0,0,,Andrea
DSCN0894,20,7,Playa Blanca,,arana,,,9,2021,set-21,824.115,16,0,2,0,0,,Andrea
DSCN0896,19,1,Playa Blanca,,arana,,,9,2021,set-21,307.179,5,0,3,0,0,,Andrea
DSCN0898,19,2,Playa Blanca,,arana,,,9,2021,set-21,240.151,5,0,1,0,0,,Andrea
DSCN0899,19,3,Playa Blanca,,arana,,,9,2021,set-21,349.498,6,0,0,0,0,,Andrea
DSCN0900,19,4,Playa Blanca,,arana,,,9,2021,set-21,241.259,5,0,0,0,0,,Andrea
DSCN0901,19,5,Playa Blanca,,arana,,,9,2021,set-21,264.161,6,0,2,0,0,,Andrea
DSCN0902,19,6,Playa Blanca,,arana,,,9,2021,set-21,203.896,5,0,1,0,0,,Andrea
DSCN0903,19,7,Playa Blanca,,arana,,,9,2021,set-21,"1,136.240",17,0,2,0,0,,Andrea
DSCN0970,11,0,Playa Blanca,,arana,,,9,2021,set-21,NA,NA,NA,NA,NA,NA,Etiqueta de la arana,Maricruz
DSCN0971,11,1,Playa Blanca,,arana,,,9,2021,set-21,241.846,4,0,0,0,0,,Maricruz
DSCN0972,11,2,Playa Blanca,,arana,,,9,2021,set-21,244.655,5,0,2,0,0,,Maricruz
DSCN0973,11,3,Playa Blanca,,arana,,,9,2021,set-21,201.413,3,0,0,1,0,,Maricruz
DSCN0974,11,4,Playa Blanca,,arana,,,9,2021,set-21,235.328,5,0,1,0,0,,Maricruz
DSCN0975,11,5,Playa Blanca,,arana,,,9,2021,set-21,289.312,5,0,0,0,0,,Maricruz
DSCN0976,11,6,Playa Blanca,,arana,,,9,2021,set-21,199.968,4,0,0,2,0,,Maricruz
DSCN0977,11,7,Playa Blanca,,arana,,,9,2021,set-21,259.883,5,0,0,7,0,,Maricruz
DSCN0952,12,0,Playa Blanca,,arana,,,9,2021,set-21,NA,NA,NA,NA,NA,NA,Etiqueta de la arana,Maricruz
DSCN0953,12,1,Playa Blanca,,arana,,,9,2021,set-21,288.565,5,0,1,0,0,,Maricruz
DSCN0954,12,2,Playa Blanca,,arana,,,9,2021,set-21,307.462,5,0,0,0,0,,Maricruz
DSCN0955,12,3,Playa Blanca,,arana,,,9,2021,set-21,148.434,4,0,0,1,0,,Maricruz
DSCN0956,12,4,Playa Blanca,,arana,,,9,2021,set-21,142.608,5,0,0,1,0,,Maricruz
DSCN0957,12,5,Playa Blanca,,arana,,,9,2021,set-21,106.105,3,0,1,5,0,,Maricruz
DSCN0958,12,6,Playa Blanca,,arana,,,9,2021,set-21,213.844,4,0,0,1,0,,Maricruz
DSCN0959,12,7,Playa Blanca,,arana,,,9,2021,set-21,697.434,12,0,0,1,0,,Maricruz
DSCN0944,13,0,Playa Blanca,,arana,,,9,2021,set-21,NA,NA,NA,NA,NA,NA,Etiqueta de la arana,Maricruz
DSCN0945,13,1,Playa Blanca,,arana,,,9,2021,set-21,266.567,6,0,0,0,0,,Maricruz
DSCN0946,13,2,Playa Blanca,,arana,,,9,2021,set-21,251.367,5,0,0,3,0,,Maricruz
DSCN0947,13,3,Playa Blanca,,arana,,,9,2021,set-21,274.120,6,0,0,1,0,,Maricruz
DSCN0948,13,4,Playa Blanca,,arana,,,9,2021,set-21,327.731,6,0,0,1,0,,Maricruz
DSCN0949,13,5,Playa Blanca,,arana,,,9,2021,set-21,131.596,3,0,0,1,0,,Maricruz
DSCN0950,13,6,Playa Blanca,,arana,,,9,2021,set-21,110.476,2,0,0,1,0,,Maricruz
DSCN0951,13,7,Playa Blanca,,arana,,,9,2021,set-21,925.775,17,0,0,2,0,Dificil saber cuantos hay,Maricruz
DSCN0936,14,0,Playa Blanca,,arana,,,9,2021,set-21,NA,NA,NA,NA,NA,NA,Etiqueta de la arana,Maricruz
DSCN0937,14,1,Playa Blanca,,arana,,,9,2021,set-21,146.272,3,0,0,1,0,,Maricruz
DSCN0938,14,2,Playa Blanca,,arana,,,9,2021,set-21,171.035,4,0,0,3,0,,Maricruz
DSCN0939,14,3,Playa Blanca,,arana,,,9,2021,set-21,88.731,2,0,0,3,0,Pez en la foto tapa el coral de arriba entonces el area esta incompleta,Maricruz
DSCN0940,14,4,Playa Blanca,,arana,,,9,2021,set-21,284.400,6,0,1,0,0,,Maricruz
DSCN0941,14,5,Playa Blanca,,arana,,,9,2021,set-21,267.458,4,0,0,2,0,,Maricruz
DSCN0942,14,6,Playa Blanca,,arana,,,9,2021,set-21,168.195,3,0,0,2,0,,Maricruz
DSCN0943,14,7,Playa Blanca,,arana,,,9,2021,set-21,442.646,12,0,0,0,0,,Maricruz
DSCN0912,15,0,Playa Blanca,,arana,,,9,2021,set-21,NA,NA,NA,NA,NA,NA,Etiqueta de la arana,Maricruz
DSCN0913,15,1,Playa Blanca,,arana,,,9,2021,set-21,183.472,5,0,0,4,0,,Maricruz
DSCN0914,15,2,Playa Blanca,,arana,,,9,2021,set-21,238.069,7,0,0,1,0,,Maricruz
DSCN0915,15,3,Playa Blanca,,arana,,,9,2021,set-21,93.199,2,0,0,4,0,,Maricruz
DSCN0916,15,4,Playa Blanca,,arana,,,9,2021,set-21,167.793,5,0,0,1,0,,Maricruz
DSCN0917,15,5,Playa Blanca,,arana,,,9,2021,set-21,60.080,1,0,0,4,0,,Maricruz
DSCN0918,15,6,Playa Blanca,,arana,,,9,2021,set-21,275.227,6,0,0,1,0,,Maricruz
DSCN0919,15,7,Playa Blanca,,arana,,,9,2021,set-21,212.369,6,0,0,9,0,,Maricruz
DSCN0905,18,1,Playa Blanca,,arana,,,9,2021,set-21,378.682,8,0,0,0,0,,Andrea
DSCN0906,18,2,Playa Blanca,,arana,,,9,2021,set-21,321.462,8,0,0,0,0,,Andrea
DSCN0907,18,3,Playa Blanca,,arana,,,9,2021,set-21,318.269,9,0,0,0,0,,Andrea
DSCN0908,18,4,Playa Blanca,,arana,,,9,2021,set-21,150.700,5,0,0,0,0,,Andrea
DSCN0909,18,5,Playa Blanca,,arana,,,9,2021,set-21,378.374,8,0,0,0,0,,Andrea
DSCN0910,18,6,Playa Blanca,,arana,,,9,2021,set-21,338.185,8,0,1,0,0,,Andrea
DSCN0911,18,7,Playa Blanca,,arana,,,9,2021,set-21,761.876,15,0,0,0,0,,Andrea
DSCN0929,17,1,Playa Blanca,,arana,,,9,2021,set-21,62.694,4,0,0,4,0,,Andrea
DSCN0930,17,2,Playa Blanca,,arana,,,9,2021,set-21,232.725,9,0,0,0,0,,Andrea
DSCN0931,17,3,Playa Blanca,,arana,,,9,2021,set-21,111.315,6,0,1,2,0,,Andrea
DSCN0932,17,4,Playa Blanca,,arana,,,9,2021,set-21,57.180,2,0,0,2,0,,Andrea
DSCN0933,17,5,Playa Blanca,,arana,,,9,2021,set-21,124.813,4,0,0,0,0,,Andrea
DSCN0934,17,6,Playa Blanca,,arana,,,9,2021,set-21,139.129,6,0,0,0,0,,Andrea
DSCN0935,17,7,Playa Blanca,,arana,,,9,2021,set-21,248.873,6,0,0,5,0,,Andrea
DSCN1177,174,1,Playa Blanca,,arana,,,10,2021,oct-24,348.307,6,0,0,0,0,,Andrea
DSCN1178,174,2,Playa Blanca,,arana,,,10,2021,oct-24,229.892,4,0,0,0,0,,Andrea
DSCN1179,174,3,Playa Blanca,,arana,,,10,2021,oct-24,386.283,5,0,1,0,0,,Andrea
DSCN1180,174,4,Playa Blanca,,arana,,,10,2021,oct-24,161.143,4,0,1,0,0,,Andrea
DSCN1181,174,5,Playa Blanca,,arana,,,10,2021,oct-24,145.721,2,0,0,0,0,,Andrea
DSCN1182,174,6,Playa Blanca,,arana,,,10,2021,oct-24,281.042,4,0,0,0,0,,Andrea
DSCN1183,174,7,Playa Blanca,,arana,,,10,2021,oct-24,"1,236.840",12,0,1,0,0,,Andrea
DSCN1169,173,1,Playa Blanca,,arana,,,10,2021,oct-24,302.850,6,0,0,0,0,,Andrea
DSCN1170,173,2,Playa Blanca,,arana,,,10,2021,oct-24,225.659,5,0,0,0,0,,Andrea
DSCN1171,173,3,Playa Blanca,,arana,,,10,2021,oct-24,280.672,6,0,0,0,0,,Andrea
DSCN1172,173,4,Playa Blanca,,arana,,,10,2021,oct-24,278.663,6,0,0,0,0,,Andrea
DSCN1173,173,5,Playa Blanca,,arana,,,10,2021,oct-24,202.589,5,0,0,0,0,,Andrea
DSCN1174,173,6,Playa Blanca,,arana,,,10,2021,oct-24,223.594,5,0,0,0,0,,Andrea
DSCN1175,173,7,Playa Blanca,,arana,,,10,2021,oct-24,755.281,16,0,0,0,0,,Andrea
DSCN1201,20,1,Playa Blanca,,arana,,,10,2021,oct-24,459.033,9,0,1,0,0,,Andrea
DSCN1202,20,2,Playa Blanca,,arana,,,10,2021,oct-24,274.450,6,0,2,0,0,,Andrea
DSCN1203,20,3,Playa Blanca,,arana,,,10,2021,oct-24,494.004,9,0,0,0,0,mala visibilidad. peces tapando,Andrea
DSCN1204,20,4,Playa Blanca,,arana,,,10,2021,oct-24,260.191,6,0,0,0,0,,Andrea
DSCN1205,20,5,Playa Blanca,,arana,,,10,2021,oct-24,308.557,8,0,0,0,0,,Andrea
DSCN1206,20,6,Playa Blanca,,arana,,,10,2021,oct-24,332.030,7,0,1,0,0,,Andrea
DSCN1207,20,7,Playa Blanca,,arana,,,10,2021,oct-24,788.560,15,1,2,0,0,,Andrea
DSCN1193,19,1,Playa Blanca,,arana,,,10,2021,oct-24,297.018,5,0,3,0,0,,Andrea
DSCN1194,19,2,Playa Blanca,,arana,,,10,2021,oct-24,234.172,4,0,1,0,0,,Andrea
DSCN1195,19,3,Playa Blanca,,arana,,,10,2021,oct-24,369.445,6,0,0,0,0,,Andrea
DSCN1196,19,4,Playa Blanca,,arana,,,10,2021,oct-24,257.696,4,0,1,0,0,,Andrea
DSCN1197,19,5,Playa Blanca,,arana,,,10,2021,oct-24,292.534,6,0,1,0,0,,Andrea
DSCN1198,19,6,Playa Blanca,,arana,,,10,2021,oct-24,239.365,6,0,1,0,0,,Andrea
DSCN1199,19,7,Playa Blanca,,arana,,,10,2021,oct-24,"1,036.610",13,0,1,0,0,,Andrea
DSCN1185,18,1,Playa Blanca,,arana,,,10,2021,oct-24,344.215,7,0,0,0,0,,Andrea
DSCN1186,18,2,Playa Blanca,,arana,,,10,2021,oct-24,366.311,8,0,0,0,0,,Andrea
DSCN1187,18,3,Playa Blanca,,arana,,,10,2021,oct-24,332.087,8,0,0,0,0,,Andrea
DSCN1188,18,4,Playa Blanca,,arana,,,10,2021,oct-24,232.589,7,0,0,0,0,,Andrea
DSCN1189,18,5,Playa Blanca,,arana,,,10,2021,oct-24,311.261,6,0,0,0,0,,Andrea
DSCN1190,18,6,Playa Blanca,,arana,,,10,2021,oct-24,422.686,8,0,0,0,0,,Andrea
DSCN1191,18,7,Playa Blanca,,arana,,,10,2021,oct-24,897.380,15,0,1,0,0,,Andrea
DSCN1209,17,1,Playa Blanca,,arana,,,10,2021,oct-24,52.899,3,0,0,5,0,,Andrea
DSCN1210,17,2,Playa Blanca,,arana,,,10,2021,oct-24,256.215,9,0,0,0,0,,Andrea
DSCN1211,17,3,Playa Blanca,,arana,,,10,2021,oct-24,127.937,5,0,0,0,0,,Andrea
DSCN1212,17,4,Playa Blanca,,arana,,,10,2021,oct-24,37.796,2,0,0,3,0,,Andrea
DSCN1213,17,5,Playa Blanca,,arana,,,10,2021,oct-24,162.874,5,0,1,1,0,,Andrea
DSCN1214,17,6,Playa Blanca,,arana,,,10,2021,oct-24,165.451,7,0,0,0,0,,Andrea
DSCN1215,17,7,Playa Blanca,,arana,,,10,2021,oct-24,375.180,6,0,1,1,0,,Andrea
DSCN1257,11,0,Playa Blanca,,arana,,,10,2021,oct-24,NA,NA,NA,NA,NA,NA,Etiqueta de la arana,Maricruz
DSCN1258,11,1,Playa Blanca,,arana,,,10,2021,oct-24,206.507,4,0,0,1,0,,Maricruz
DSCN1259,11,2,Playa Blanca,,arana,,,10,2021,oct-24,181.875,5,0,0,0,0,No se si hay uno en la barra de arriba a la izquierda muerto,Maricruz
DSCN1260,11,3,Playa Blanca,,arana,,,10,2021,oct-24,187.479,3,0,0,1,0,,Maricruz
DSCN1261,11,4,Playa Blanca,,arana,,,10,2021,oct-24,281.064,5,0,0,0,0,,Maricruz
DSCN1262,11,5,Playa Blanca,,arana,,,10,2021,oct-24,266.603,5,0,0,0,0,,Maricruz
DSCN1263,11,6,Playa Blanca,,arana,,,10,2021,oct-24,169.449,4,0,1,2,0,,Maricruz
DSCN1264,11,7,Playa Blanca,,arana,,,10,2021,oct-24,311.803,7,0,0,4,0,Foto medio fatal,Maricruz
DSCN1232,12,0,Playa Blanca,,arana,,,10,2021,oct-24,NA,NA,NA,NA,NA,NA,Etiqueta de la arana,Maricruz
DSCN1233,12,1,Playa Blanca,,arana,,,10,2021,oct-24,332.742,5,0,0,0,0,,Maricruz
DSCN1234,12,2,Playa Blanca,,arana,,,10,2021,oct-24,320.031,5,0,0,0,0,,Maricruz
DSCN1235,12,3,Playa Blanca,,arana,,,10,2021,oct-24,167.328,4,0,0,1,0,,Maricruz
DSCN1236,12,4,Playa Blanca,,arana,,,10,2021,oct-24,172.143,5,0,0,2,0,,Maricruz
DSCN1237,12,5,Playa Blanca,,arana,,,10,2021,oct-24,98.468,3,0,0,4,0,Uno de la barra de abajo se ve muy poco,Maricruz
DSCN1238,12,6,Playa Blanca,,arana,,,10,2021,oct-24,202.948,4,0,0,1,0,,Maricruz
DSCN1239,12,7,Playa Blanca,,arana,,,10,2021,oct-24,633.411,13,0,1,3,0,,Maricruz
DSCN1240,13,0,Playa Blanca,,arana,,,10,2021,oct-24,NA,NA,NA,NA,NA,NA,Etiqueta de la arana,Maricruz
DSCN1241,13,1,Playa Blanca,,arana,,,10,2021,oct-24,304.614,7,0,0,0,0,,Maricruz
DSCN1242,13,2,Playa Blanca,,arana,,,10,2021,oct-24,233.808,5,0,0,2,0,,Maricruz
DSCN1243,13,3,Playa Blanca,,arana,,,10,2021,oct-24,216.408,6,0,0,2,0,,Maricruz
DSCN1244,13,4,Playa Blanca,,arana,,,10,2021,oct-24,357.104,7,0,0,0,0,,Maricruz
DSCN1245,13,5,Playa Blanca,,arana,,,10,2021,oct-24,134.515,3,0,0,1,0,,Maricruz
DSCN1246,13,6,Playa Blanca,,arana,,,10,2021,oct-24,115.283,2,0,0,2,0,,Maricruz
DSCN1247,13,7,Playa Blanca,,arana,,,10,2021,oct-24,900.316,17,0,0,2,0,Dificil saber cuantos hay,Maricruz
DSCN1248,14,0,Playa Blanca,,arana,,,10,2021,oct-24,NA,NA,NA,NA,NA,NA,Etiqueta,Maricruz
DSCN1249,14,1,Playa Blanca,,arana,,,10,2021,oct-24,136.235,2,0,0,2,0,,Maricruz
DSCN1250,14,2,Playa Blanca,,arana,,,10,2021,oct-24,169.300,3,0,0,1,0,,Maricruz
DSCN1251,14,3,Playa Blanca,,arana,,,10,2021,oct-24,92.107,2,0,0,2,0,,Maricruz
DSCN1252,14,4,Playa Blanca,,arana,,,10,2021,oct-24,304.224,6,0,0,0,0,,Maricruz
DSCN1253,14,5,Playa Blanca,,arana,,,10,2021,oct-24,259.665,4,0,0,2,0,,Maricruz
DSCN1254,14,6,Playa Blanca,,arana,,,10,2021,oct-24,182.985,3,0,0,2,0,,Maricruz
DSCN1255,14,7,Playa Blanca,,arana,,,10,2021,oct-24,NA,NA,NA,NA,NA,NA,Replica de la siguiente foto,Maricruz
DSCN1256,14,7,Playa Blanca,,arana,,,10,2021,oct-24,453.641,11,0,1,0,0,,Maricruz
DSCN1224,15,0,Playa Blanca,,arana,,,10,2021,oct-24,NA,NA,NA,NA,NA,NA,Etiqueta,Maricruz
DSCN1225,15,1,Playa Blanca,,arana,,,10,2021,oct-24,159.154,5,0,0,4,0,,Maricruz
DSCN1226,15,2,Playa Blanca,,arana,,,10,2021,oct-24,255.196,7,0,0,1,0,,Maricruz
DSCN1227,15,3,Playa Blanca,,arana,,,10,2021,oct-24,113.928,2,0,0,4,0,,Maricruz
DSCN1228,15,4,Playa Blanca,,arana,,,10,2021,oct-24,219.887,5,0,0,1,0,,Maricruz
DSCN1229,15,5,Playa Blanca,,arana,,,10,2021,oct-24,48.279,1,0,0,6,0,,Maricruz
DSCN1230,15,6,Playa Blanca,,arana,,,10,2021,oct-24,262.549,5,0,0,1,0,,Maricruz
DSCN1231,15,7,Playa Blanca,,arana,,,10,2021,oct-24,232.078,8,0,1,6,0,,Maricruz
DSCN9075,16,1,Playa Blanca,,arana,,,2,2021,feb-24,131.733,9,0,0,0,0,,Tania
DSCN9076,16,2,Playa Blanca,,arana,,,2,2021,feb-24,80.747,6,0,0,0,0,,Tania
DSCN9077,16,3,Playa Blanca,,arana,,,2,2021,feb-24,200.586,8,0,0,0,0,,Tania
DSCN9078,16,3,Playa Blanca,,arana,,,2,2021,feb-24,NA,NA,NA,NA,NA,NA,Repetida a 77,Tania
DSCN9079,16,4,Playa Blanca,,arana,,,2,2021,feb-24,99.136,9,0,0,0,0,,Tania
DSCN9080,16,5,Playa Blanca,,arana,,,2,2021,feb-24,89.786,4,0,0,0,0,,Tania
DSCN9081,16,6,Playa Blanca,,arana,,,2,2021,feb-24,218.176,8,0,0,0,0,,Tania
DSCN9082,16,7,Playa Blanca,,arana,,,2,2021,feb-24,303.420,0,0,0,0,0,,Tania
DSCN0366,16,1,Playa Blanca,,arana,,,3,2021,mar-24,137.792,9,0,0,0,0,,Tania
DSCN0367,16,2,Playa Blanca,,arana,,,3,2021,mar-24,131.794,7,0,2,0,0,,Tania
DSCN0368,16,3,Playa Blanca,,arana,,,3,2021,mar-24,169.047,7,0,1,0,0,,Tania
DSCN0369,16,4,Playa Blanca,,arana,,,3,2021,mar-24,121.369,7,0,2,0,0,,Tania
DSCN0370,16,5,Playa Blanca,,arana,,,3,2021,mar-24,131.286,4,0,0,0,0,,Tania
DSCN0371,16,6,Playa Blanca,,arana,,,3,2021,mar-24,150.141,7,0,0,0,0,,Tania
DSCN0372,16,7,Playa Blanca,,arana,,,3,2021,mar-24,408.377,10,0,1,0,0,,Tania
DSCN0723,16,1,Playa Blanca,,arana,,,4,2021,abr-24,164.544,11,0,1,0,0,,Tania
DSCN0724,16,2,Playa Blanca,,arana,,,4,2021,abr-24,141.528,6,1,1,1,0,,Tania
DSCN0725,16,3,Playa Blanca,,arana,,,4,2021,abr-24,178.817,7,0,1,0,0,,Tania
DSCN0726,16,4,Playa Blanca,,arana,,,4,2021,abr-24,195.076,8,0,0,0,0,,Tania
DSCN0727,16,5,Playa Blanca,,arana,,,4,2021,abr-24,137.237,4,0,0,1,0,,Tania
DSCN0728,16,6,Playa Blanca,,arana,,,4,2021,abr-24,221.287,7,0,1,1,0,,Tania
DSCN0729,16,7,Playa Blanca,,arana,,,4,2021,abr-24,218.802,5,0,1,4,0,,Tania
DSCN1516,16,1,Playa Blanca,,arana,,,5,2021,may-24,197.888,8,0,0,1,0,,Tania
DSCN1517,16,2,Playa Blanca,,arana,,,5,2021,may-24,160.399,5,1,0,0,0,,Tania
DSCN1518,16,3,Playa Blanca,,arana,,,5,2021,may-24,257.416,7,1,0,1,0,,Tania
DSCN1519,16,4,Playa Blanca,,arana,,,5,2021,may-24,167.613,7,0,1,0,0,,Tania
DSCN1520,16,5,Playa Blanca,,arana,,,5,2021,may-24,131.798,4,0,0,1,0,,Tania
DSCN1521,16,6,Playa Blanca,,arana,,,5,2021,may-24,236.679,4,0,0,1,0,,Tania
DSCN1522,16,7,Playa Blanca,,arana,,,5,2021,may-24,368.581,9,0,2,3,0,,Tania
5175700,16,1,Playa Blanca,,arana,,,6,2021,jun-24,338.309,7,0,0,1,0,,Tania
5180400,16,2,Playa Blanca,,arana,,,6,2021,jun-24,386.742,7,0,2,2,0,,Tania
5181100,16,3,Playa Blanca,,arana,,,6,2021,jun-24,404.300,7,0,1,1,0,,Tania
5181800,16,4,Playa Blanca,,arana,,,6,2021,jun-24,270.061,7,0,0,0,0,,Tania
5182600,16,5,Playa Blanca,,arana,,,6,2021,jun-24,279.842,4,0,0,1,0,,Tania
5183300,16,6,Playa Blanca,,arana,,,6,2021,jun-24,357.949,8,0,0,0,0,,Tania
5184000,16,7,Playa Blanca,,arana,,,6,2021,jun-24,148.777,5,0,0,0,0,,Tania
DSCN8112,16,1,Playa Blanca,,arana,,,7,2021,jul-24,254.081,7,0,0,1,0,,Tania
DSCN8113,16,2,Playa Blanca,,arana,,,7,2021,jul-24,252.766,7,1,0,0,0,,Tania
DSCN8114,16,3,Playa Blanca,,arana,,,7,2021,jul-24,288.096,0,0,0,2,0,,Tania
DSCN8115,16,4,Playa Blanca,,arana,,,7,2021,jul-24,261.441,8,0,0,1,0,,Tania
DSCN8116,16,5,Playa Blanca,,arana,,,7,2021,jul-24,247.479,5,0,0,2,0,,Tania
DSCN8117,16,6,Playa Blanca,,arana,,,7,2021,jul-24,333.865,7,0,0,0,0,,Tania
DSCN8118,16,7,Playa Blanca,,arana,,,7,2021,jul-24,389.494,8,0,1,0,0,,Tania
DSCN0921,16,1,Playa Blanca,,arana,,,9,2021,setiembre-21,371.964,8,1,0,0,0,,Tania
DSCN0922,16,2,Playa Blanca,,arana,,,9,2021,setiembre-21,284.146,7,0,0,0,0,,Tania
DSCN0923,16,3,Playa Blanca,,arana,,,9,2021,setiembre-21,273.069,6,0,0,1,0,,Tania
DSCN0924,16,4,Playa Blanca,,arana,,,9,2021,setiembre-21,373.256,8,0,0,1,0,,Tania
DSCN0925,16,5,Playa Blanca,,arana,,,9,2021,setiembre-21,290.616,4,0,1,0,0,,Tania
DSCN0926,16,6,Playa Blanca,,arana,,,9,2021,setiembre-21,286.662,7,0,1,0,0,,Tania
DSCN0927,16,7,Playa Blanca,,arana,,,9,2021,setiembre-21,228.235,5,0,1,0,0,,Tania
DSCN1217,16,1,Playa Blanca,,arana,,,10,2021,oct-24,263.003,7,0,0,1,0,,Tania
DSCN1218,16,2,Playa Blanca,,arana,,,10,2021,oct-24,247.105,6,1,0,0,0,,Tania
DSCN1219,16,3,Playa Blanca,,arana,,,10,2021,oct-24,357.472,6,0,0,0,0,,Tania
DSCN1220,16,4,Playa Blanca,,arana,,,10,2021,oct-24,251.194,8,0,0,0,0,,Tania
DSCN1221,16,5,Playa Blanca,,arana,,,10,2021,oct-24,185.604,4,0,0,0,0,,Tania
DSCN1222,16,6,Playa Blanca,,arana,,,10,2021,oct-24,284.751,6,0,0,0,0,,Tania
DSCN1223,16,7,Playa Blanca,,arana,,,10,2021,oct-24,420.742,7,0,0,0,0,,Tania
DSCN8595,16,1,Playa Blanca,,arana,,,11,2021,nov-24,371.835,8,0,0,0,0,,Tania
DSCN8596,16,2,Playa Blanca,,arana,,,11,2021,nov-24,458.397,6,0,0,0,0,,Tania
DSCN8597,16,3,Playa Blanca,,arana,,,11,2021,nov-24,462.343,7,0,0,0,0,,Tania
DSCN8598,16,4,Playa Blanca,,arana,,,11,2021,nov-24,292.695,8,0,0,0,0,,Tania
DSCN8599,16,5,Playa Blanca,,arana,,,11,2021,nov-24,226.190,4,0,0,2,0,,Tania
DSCN8600,16,6,Playa Blanca,,arana,,,11,2021,nov-24,330.357,6,1,0,0,0,,Tania
DSCN8601,16,7,Playa Blanca,,arana,,,11,2021,nov-24,741.910,7,0,0,0,0,,Tania
DSCN9322,16,1,Playa Blanca,,arana,,,12,2021,dic-24,380.043,7,0,0,0,0,,Tania
DSCN9323,16,2,Playa Blanca,,arana,,,12,2021,dic-24,603.289,7,0,0,0,0,,Tania
DSCN9324,16,3,Playa Blanca,,arana,,,12,2021,dic-24,498.421,6,1,0,0,0,,Tania
DSCN9325,16,4,Playa Blanca,,arana,,,12,2021,dic-24,291.813,7,0,0,0,0,,Tania
DSCN9326,16,5,Playa Blanca,,arana,,,12,2021,dic-24,302.854,4,0,0,0,0,,Tania
DSCN9327,16,6,Playa Blanca,,arana,,,12,2021,dic-24,359.314,4,0,0,1,0,,Tania
DSCN9328,16,7,Playa Blanca,,arana,,,12,2021,dic-24,432.935,3,0,0,1,0,,Tania
DSCN8555,174,1,Playa Blanca,,arana,,,11,2021,nov-24,318.953,5,0,0,0,0,,Andrea
DSCN8556,174,2,Playa Blanca,,arana,,,11,2021,nov-24,279.425,4,0,0,0,0,,Andrea
DSCN8557,174,3,Playa Blanca,,arana,,,11,2021,nov-24,448.982,5,0,1,0,0,,Andrea
DSCN8558,174,4,Playa Blanca,,arana,,,11,2021,nov-24,209.197,4,0,1,0,0,,Andrea
DSCN8559,174,5,Playa Blanca,,arana,,,11,2021,nov-24,172.227,2,0,0,2,0,,Andrea
DSCN8560,174,6,Playa Blanca,,arana,,,11,2021,nov-24,273.663,4,0,0,0,0,pez tapa coral,Andrea
DSCN8561,174,7,Playa Blanca,,arana,,,11,2021,nov-24,"1,126.560",11,0,0,0,0,,Andrea
DSCN1283,6,1,Playa Blanca,,arana,,,10,2021,oct-24,253.136,6,0,0,0,1,,Randall
DSCN1284,6,2,Playa Blanca,,arana,,,10,2021,oct-24,203.566,8,0,0,0,1,,Randall
DSCN1285,6,3,Playa Blanca,,arana,,,10,2021,oct-24,232.497,6,0,0,0,0,,Randall
DSCN1286,6,4,Playa Blanca,,arana,,,10,2021,oct-24,341.037,6,0,0,0,0,Dos medidos juntos.,Randall
DSCN1287,6,5,Playa Blanca,,arana,,,10,2021,oct-24,281.894,6,0,0,0,2,,Randall
DSCN1288,6,6,Playa Blanca,,arana,,,10,2021,oct-24,222.634,6,0,1,0,0,Dos medidos juntos.,Randall
DSCN1289,6,7,Playa Blanca,,arana,,,10,2021,oct-24,534.286,11,0,0,0,0,,Randall
DSCN1291,7,1,Playa Blanca,,arana,,,10,2021,oct-24,260.617,6,0,0,0,0,Cuatro (dos y dos) medidos juntos,Randall
DSCN1292,7,2,Playa Blanca,,arana,,,10,2021,oct-24,218.153,5,0,0,0,1,Dos medidos juntos. Uno está más oscuro que el otro.,Randall
DSCN1293,7,3,Playa Blanca,,arana,,,10,2021,oct-24,173.770,4,0,0,0,0,,Randall
DSCN1294,7,4,Playa Blanca,,arana,,,10,2021,oct-24,204.769,6,0,0,0,0,,Randall
DSCN1295,7,5,Playa Blanca,,arana,,,10,2021,oct-24,162.268,3,0,0,2,0,,Randall
DSCN1296,7,6,Playa Blanca,,arana,,,10,2021,oct-24,247.532,5,0,0,0,0,,Randall
DSCN1297,7,7,Playa Blanca,,arana,,,10,2021,oct-24,596.324,13,0,0,0,0,,Randall
DSCN1299,8,1,Playa Blanca,,arana,,,10,2021,oct-24,170.021,5,0,2,0,0,,Randall
DSCN1300,8,2,Playa Blanca,,arana,,,10,2021,oct-24,191.456,6,0,0,0,0,Uno no se ve bien,Randall
DSCN1301,8,3,Playa Blanca,,arana,,,10,2021,oct-24,291.085,5,0,0,0,0,Dos medidos juntos.,Randall
DSCN1302,8,4,Playa Blanca,,arana,,,10,2021,oct-24,320.851,6,0,0,0,0,,Randall
DSCN1303,8,5,Playa Blanca,,arana,,,10,2021,oct-24,267.366,6,0,0,0,0,,Randall
DSCN1304,8,6,Playa Blanca,,arana,,,10,2021,oct-24,220.468,5,0,0,0,0,,Randall
DSCN1305,8,7,Playa Blanca,,arana,,,10,2021,oct-24,493.917,13,0,2,0,0,,Randall
DSCN1275,9,1,Playa Blanca,,arana,,,10,2021,oct-24,198.902,5,0,0,0,0,,Randall
DSCN1276,9,2,Playa Blanca,,arana,,,10,2021,oct-24,144.367,6,0,2,0,0,,Randall
DSCN1277,9,3,Playa Blanca,,arana,,,10,2021,oct-24,206.771,4,0,0,0,0,Un coral puede que sean dos.,Randall
DSCN1278,9,4,Playa Blanca,,arana,,,10,2021,oct-24,164.134,5,0,0,0,0,,Randall
DSCN1279,9,5,Playa Blanca,,arana,,,10,2021,oct-24,269.592,7,0,0,0,0,,Randall
DSCN1280,9,6,Playa Blanca,,arana,,,10,2021,oct-24,274.325,6,0,2,0,0,"Uno de los corales podrían ser dos, incluso tres.",Randall
DSCN1281,9,7,Playa Blanca,,arana,,,10,2021,oct-24,573.733,18,0,0,0,1,,Randall
DSCN1266,10,1,Playa Blanca,,arana,,,10,2021,oct-24,NA,NA,NA,NA,NA,NA,Ver DSCN1267,Randall
DSCN1267,10,1,Playa Blanca,,arana,,,10,2021,oct-24,196.249,6,0,0,0,0,Un coral puede que sean dos.,Randall
DSCN1268,10,2,Playa Blanca,,arana,,,10,2021,oct-24,84.724,3,0,0,0,0,,Randall
DSCN1269,10,3,Playa Blanca,,arana,,,10,2021,oct-24,130.907,5,1,0,0,0,,Randall
DSCN1270,10,4,Playa Blanca,,arana,,,10,2021,oct-24,156.039,5,0,0,0,0,dos corales estan muy cerca y los medi juntos,Randall
DSCN1271,10,5,Playa Blanca,,arana,,,10,2021,oct-24,194.241,5,0,0,0,0,,Randall
DSCN1272,10,6,Playa Blanca,,arana,,,10,2021,oct-24,123.004,5,0,1,2,0,Dos medidos juntos.,Randall
DSCN1273,10,7,Playa Blanca,,arana,,,10,2021,oct-24,571.658,14,0,0,2,0,,Randall
DSCN8676,6,1,Playa Blanca,,arana,,,11,2021,nov-24,266.161,5,1,1,0,0,Podrian ser seis. Hay un pez atravesado.,Randall
DSCN8677,6,2,Playa Blanca,,arana,,,11,2021,nov-24,270.757,8,0,0,0,0,Hay un pez atravesado. Tres corales medidoos juntos.,Randall
DSCN8678,6,3,Playa Blanca,,arana,,,11,2021,nov-24,315.098,6,0,0,0,0,,Randall
DSCN8679,6,4,Playa Blanca,,arana,,,11,2021,nov-24,376.408,6,0,0,0,0,Dos medidos juntos.,Randall
DSCN8680,6,5,Playa Blanca,,arana,,,11,2021,nov-24,287.955,6,0,0,0,0,,Randall
DSCN8681,6,6,Playa Blanca,,arana,,,11,2021,nov-24,277.980,5,0,0,0,1,,Randall
DSCN8682,6,7,Playa Blanca,,arana,,,11,2021,nov-24,587.687,11,0,0,1,0,,Randall
DSCN8667,7,1,Playa Blanca,,arana,,,11,2021,nov-24,317.686,5,0,0,0,0,Podrían ser 6.,Randall
DSCN8668,7,2,Playa Blanca,,arana,,,11,2021,nov-24,282.865,5,0,0,0,0,Dos medidos juntos.,Randall
DSCN8669,7,3,Playa Blanca,,arana,,,11,2021,nov-24,207.610,4,0,0,0,0,No se ve bien. Hay un pez atravesado.,Randall
DSCN8670,7,4,Playa Blanca,,arana,,,11,2021,nov-24,207.795,6,0,1,0,0,,Randall
DSCN8671,7,5,Playa Blanca,,arana,,,11,2021,nov-24,196.620,4,0,0,0,0,,Randall
DSCN8672,7,5,Playa Blanca,,arana,,,11,2021,nov-24,NA,NA,NA,NA,NA,NA,Ver DSCN8671,Randall
DSCN8673,7,6,Playa Blanca,,arana,,,11,2021,nov-24,354.139,5,0,0,0,0,,Randall
DSCN8674,7,7,Playa Blanca,,arana,,,11,2021,nov-24,784.357,13,0,0,0,0,,Randall
DSCN8659,8,1,Playa Blanca,,arana,,,11,2021,nov-24,192.396,5,0,0,0,0,,Randall
DSCN8660,8,2,Playa Blanca,,arana,,,11,2021,nov-24,281.576,6,0,0,0,0,,Randall
DSCN8661,8,3,Playa Blanca,,arana,,,11,2021,nov-24,335.830,5,0,0,0,0,,Randall
DSCN8662,8,4,Playa Blanca,,arana,,,11,2021,nov-24,381.144,6,0,0,0,0,,Randall
DSCN8663,8,5,Playa Blanca,,arana,,,11,2021,nov-24,316.467,6,0,0,0,0,,Randall
DSCN8664,8,6,Playa Blanca,,arana,,,11,2021,nov-24,232.956,6,0,0,0,0,,Randall
DSCN8665,8,7,Playa Blanca,,arana,,,11,2021,nov-24,633.137,13,0,2,0,0,,Randall
DSCN8635,9,1,Playa Blanca,,arana,,,11,2021,nov-24,210.729,5,0,1,0,0,,Randall
DSCN8636,9,2,Playa Blanca,,arana,,,11,2021,nov-24,182.169,6,0,0,0,0,No estoy seguro de uno.,Randall
DSCN8637,9,3,Playa Blanca,,arana,,,11,2021,nov-24,264.272,5,0,0,0,0,,Randall
DSCN8638,9,4,Playa Blanca,,arana,,,11,2021,nov-24,232.727,6,0,0,0,0,,Randall
DSCN8639,9,5,Playa Blanca,,arana,,,11,2021,nov-24,319.089,7,0,0,0,0,,Randall
DSCN8640,9,6,Playa Blanca,,arana,,,11,2021,nov-24,368.075,6,0,0,0,0,Uno podrían ser dos realmente.,Randall
DSCN8641,9,7,Playa Blanca,,arana,,,11,2021,nov-24,819.311,14,0,0,1,0,,Randall
DSCN8643,10,1,Playa Blanca,,arana,,,11,2021,nov-24,231.001,7,0,0,0,0,Tres fueron medidos juntos porque no se ve bien en donde se separan. Lo mismo ocurrio con otros dos.,Randall
DSCN8644,10,2,Playa Blanca,,arana,,,11,2021,nov-24,72.987,2,1,0,0,0,,Randall
DSCN8645,10,3,Playa Blanca,,arana,,,11,2021,nov-24,159.103,5,0,0,0,0,,Randall
DSCN8646,10,4,Playa Blanca,,arana,,,11,2021,nov-24,229.562,5,0,0,1,0,pez atravesado,Randall
DSCN8647,10,5,Playa Blanca,,arana,,,11,2021,nov-24,226.848,5,0,1,0,0,pez atravesado,Randall
DSCN8648,10,6,Playa Blanca,,arana,,,11,2021,nov-24,167.251,5,0,0,1,0,Dos medidos juntos.,Randall
DSCN8649,10,7,Playa Blanca,,arana,,,11,2021,nov-24,789.938,14,0,0,3,0,,Randall
DSCN8551,173,5,Playa Blanca,,arana,,,11,2021,nov-24,302.769,5,0,0,0,0,,Andrea
DSCN8552,173,6,Playa Blanca,,arana,,,11,2021,nov-24,300.878,6,0,0,0,0,,Andrea
DSCN8553,173,7,Playa Blanca,,arana,,,11,2021,nov-24,"1,026.000",16,0,0,0,0,,Andrea
DSCN8563,20,1,Playa Blanca,,arana,,,11,2021,nov-24,751.601,12,0,2,0,0,,Andrea
DSCN8564,20,2,Playa Blanca,,arana,,,11,2021,nov-24,362.619,7,0,2,0,0,,Andrea
DSCN8565,20,3,Playa Blanca,,arana,,,11,2021,nov-24,217.872,6,0,1,0,0,,Andrea
DSCN8566,20,4,Playa Blanca,,arana,,,11,2021,nov-24,275.423,6,0,0,0,0,,Andrea
DSCN8567,20,5,Playa Blanca,,arana,,,11,2021,nov-24,336.421,7,0,0,0,0,,Andrea
DSCN8568,20,6,Playa Blanca,,arana,,,11,2021,nov-24,361.333,7,0,0,0,0,,Andrea
DSCN8569,20,7,Playa Blanca,,arana,,,11,2021,nov-24,941.310,14,0,4,0,0,,Andrea
DSCN8571,19,1,Playa Blanca,,arana,,,11,2021,nov-24,236.329,4,0,2,0,0,,Andrea
DSCN8572,19,2,Playa Blanca,,arana,,,11,2021,nov-24,452.256,6,0,0,0,0,,Andrea
DSCN8573,19,3,Playa Blanca,,arana,,,11,2021,nov-24,260.256,3,0,0,0,0,,Andrea
DSCN8574,19,4,Playa Blanca,,arana,,,11,2021,nov-24,302.579,6,0,1,0,0,,Andrea
DSCN8575,19,5,Playa Blanca,,arana,,,11,2021,nov-24,297.303,5,0,1,0,0,,Andrea
DSCN8576,19,6,Playa Blanca,,arana,,,11,2021,nov-24,375.979,5,0,3,0,0,,Andrea
DSCN8577,19,7,Playa Blanca,,arana,,,11,2021,nov-24,"1,112.810",16,0,2,0,0,,Andrea
DSCN8650,11,0,Playa Blanca,,arana,,,11,2021,nov-24,NA,NA,NA,NA,NA,NA,Etiqueta,Maricruz
DSCN8651,11,1,Playa Blanca,,arana,,,11,2021,nov-24,219.191,4,0,0,0,0,,Maricruz
DSCN8652,11,2,Playa Blanca,,arana,,,11,2021,nov-24,250.975,4,0,0,0,0,,Maricruz
DSCN8653,11,3,Playa Blanca,,arana,,,11,2021,nov-24,221.173,3,0,0,0,0,,Maricruz
DSCN8654,11,4,Playa Blanca,,arana,,,11,2021,nov-24,342.250,5,0,1,1,0,,Maricruz
DSCN8655,11,5,Playa Blanca,,arana,,,11,2021,nov-24,317.916,5,0,0,0,0,,Maricruz
DSCN8656,11,6,Playa Blanca,,arana,,,11,2021,nov-24,276.182,4,0,1,0,0,,Maricruz
DSCN8657,11,7,Playa Blanca,,arana,,,11,2021,nov-24,359.108,6,0,0,5,0,,Maricruz
DSCN8626,12,0,Playa Blanca,,arana,,,11,2021,nov-24,NA,NA,NA,NA,NA,NA,Etiqueta de la arana,Maricruz
DSCN8627,12,1,Playa Blanca,,arana,,,11,2021,nov-24,370.123,5,0,2,0,0,,Maricruz
DSCN8628,12,2,Playa Blanca,,arana,,,11,2021,nov-24,353.317,5,0,0,0,0,,Maricruz
DSCN8629,12,3,Playa Blanca,,arana,,,11,2021,nov-24,212.859,4,0,0,0,0,,Maricruz
DSCN8630,12,4,Playa Blanca,,arana,,,11,2021,nov-24,220.852,5,0,0,0,0,,Maricruz
DSCN8631,12,5,Playa Blanca,,arana,,,11,2021,nov-24,146.091,3,0,0,5,0,,Maricruz
DSCN8632,12,6,Playa Blanca,,arana,,,11,2021,nov-24,238.649,4,0,0,1,0,,Maricruz
DSCN8633,12,7,Playa Blanca,,arana,,,11,2021,nov-24,613.392,10,0,3,5,0,,Maricruz
DSCN8618,13,0,Playa Blanca,,arana,,,11,2021,nov-24,NA,NA,NA,NA,NA,NA,Etiqueta,Maricruz
DSCN8619,13,1,Playa Blanca,,arana,,,11,2021,nov-24,435.278,7,0,0,0,0,,Maricruz
DSCN8620,13,2,Playa Blanca,,arana,,,11,2021,nov-24,338.711,5,0,0,2,0,,Maricruz
DSCN8621,13,3,Playa Blanca,,arana,,,11,2021,nov-24,344.761,6,0,0,1,0,,Maricruz
DSCN8622,13,4,Playa Blanca,,arana,,,11,2021,nov-24,415.324,7,0,0,0,0,,Maricruz
DSCN8623,13,5,Playa Blanca,,arana,,,11,2021,nov-24,181.128,3,0,0,1,0,,Maricruz
DSCN8624,13,6,Playa Blanca,,arana,,,11,2021,nov-24,97.266,1,0,0,1,0,,Maricruz
DSCN8625,13,7,Playa Blanca,,arana,,,11,2021,nov-24,"1,059.570",16,0,0,2,0,,Maricruz
DSCN8610,14,0,Playa Blanca,,arana,,,11,2021,nov-24,NA,NA,NA,NA,NA,NA,Etiqueta,Maricruz
DSCN8611,14,1,Playa Blanca,,arana,,,11,2021,nov-24,201.791,3,0,0,1,0,,Maricruz
DSCN8612,14,2,Playa Blanca,,arana,,,11,2021,nov-24,183.543,4,0,0,0,0,,Maricruz
DSCN8613,14,3,Playa Blanca,,arana,,,11,2021,nov-24,142.282,2,0,0,1,0,,Maricruz
DSCN8614,14,4,Playa Blanca,,arana,,,11,2021,nov-24,374.850,6,0,0,0,0,,Maricruz
DSCN8615,14,5,Playa Blanca,,arana,,,11,2021,nov-24,323.488,4,0,0,2,0,,Maricruz
DSCN8616,14,6,Playa Blanca,,arana,,,11,2021,nov-24,200.890,3,0,0,3,0,,Maricruz
DSCN8617,14,7,Playa Blanca,,arana,,,11,2021,nov-24,616.180,10,0,2,4,0,,Maricruz
DSCN8586,15,0,Playa Blanca,,arana,,,11,2021,nov-24,NA,NA,NA,NA,NA,NA,etiqueta,Maricruz
DSCN8587,15,1,Playa Blanca,,arana,,,11,2021,nov-24,198.794,5,0,0,3,0,,Maricruz
DSCN8588,15,2,Playa Blanca,,arana,,,11,2021,nov-24,334.581,7,0,0,1,0,,Maricruz
DSCN8589,15,3,Playa Blanca,,arana,,,11,2021,nov-24,139.589,2,0,0,5,0,,Maricruz
DSCN8590,15,4,Playa Blanca,,arana,,,11,2021,nov-24,263.569,5,0,0,1,0,,Maricruz
DSCN8591,15,5,Playa Blanca,,arana,,,11,2021,nov-24,68.388,1,0,0,5,0,,Maricruz
DSCN8592,15,6,Playa Blanca,,arana,,,11,2021,nov-24,312.881,5,0,1,1,0,,Maricruz
DSCN8593,15,7,Playa Blanca,,arana,,,11,2021,nov-24,363.067,8,0,1,4,0,,Maricruz
DSCN9378,11,0,Playa Blanca,,arana,,,12,2021,dic-24,NA,NA,NA,NA,NA,NA,etiqueta,Maricruz
DSCN9379,11,1,Playa Blanca,,arana,,,12,2021,dic-24,143.512,3,0,1,3,0,,Maricruz
DSCN9380,11,2,Playa Blanca,,arana,,,12,2021,dic-24,259.910,4,0,1,0,0,,Maricruz
DSCN9381,11,3,Playa Blanca,,arana,,,12,2021,dic-24,245.786,4,0,1,1,0,,Maricruz
DSCN9382,11,4,Playa Blanca,,arana,,,12,2021,dic-24,218.095,3,0,0,1,0,,Maricruz
DSCN9383,11,5,Playa Blanca,,arana,,,12,2021,dic-24,342.208,5,0,0,2,0,,Maricruz
DSCN9384,11,6,Playa Blanca,,arana,,,12,2021,dic-24,350.410,5,0,0,0,0,,Maricruz
DSCN9385,11,7,Playa Blanca,,arana,,,12,2021,dic-24,362.908,5,0,0,5,0,,Maricruz
DSCN9354,12,0,Playa Blanca,,arana,,,12,2021,dic-24,NA,NA,NA,NA,NA,NA,etiqueta,Maricruz
DSCN9355,12,1,Playa Blanca,,arana,,,12,2021,dic-24,467.532,5,0,0,0,0,,Maricruz
DSCN9356,12,2,Playa Blanca,,arana,,,12,2021,dic-24,426.512,5,0,0,0,0,,Maricruz
DSCN9357,12,3,Playa Blanca,,arana,,,12,2021,dic-24,230.791,4,0,0,1,0,,Maricruz
DSCN9358,12,4,Playa Blanca,,arana,,,12,2021,dic-24,218.274,5,0,0,1,0,,Maricruz
DSCN9359,12,5,Playa Blanca,,arana,,,12,2021,dic-24,123.528,3,0,1,3,0,,Maricruz
DSCN9360,12,6,Playa Blanca,,arana,,,12,2021,dic-24,275.860,5,0,0,1,0,,Maricruz
DSCN9361,12,7,Playa Blanca,,arana,,,12,2021,dic-24,865.308,11,1,0,3,0,,Maricruz
DSCN9345,13,0,Playa Blanca,,arana,,,12,2021,dic-24,NA,NA,NA,NA,NA,NA,etiqueta perdida,Maricruz
DSCN9346,13,1,Playa Blanca,,arana,,,12,2021,dic-24,372.882,7,0,0,0,0,,Maricruz
DSCN9347,13,2,Playa Blanca,,arana,,,12,2021,dic-24,390.623,5,0,1,2,0,,Maricruz
DSCN9348,13,3,Playa Blanca,,arana,,,12,2021,dic-24,356.126,6,0,0,0,0,,Maricruz
DSCN9349,13,4,Playa Blanca,,arana,,,12,2021,dic-24,420.926,5,0,0,0,0,muy mala visibilidad,Maricruz
DSCN9350,13,5,Playa Blanca,,arana,,,12,2021,dic-24,192.396,3,0,0,0,0,muy mala visibilidad,Maricruz
DSCN9351,13,6,Playa Blanca,,arana,,,12,2021,dic-24,94.924,1,0,0,1,0,,Maricruz
DSCN9352,13,7,Playa Blanca,,arana,,,12,2021,dic-24,NA,NA,NA,NA,NA,NA,Replica,Maricruz
DSCN9353,13,7,Playa Blanca,,arana,,,12,2021,dic-24,"1,181.600",NA,0,1,1,0,Dificil saber cuantos hay,Maricruz
DSCN9337,14,0,Playa Blanca,,arana,,,12,2021,dic-24,NA,NA,NA,NA,NA,NA,etiqueta,Maricruz
DSCN9338,14,1,Playa Blanca,,arana,,,12,2021,dic-24,217.751,3,0,1,1,0,,Maricruz
DSCN9339,14,2,Playa Blanca,,arana,,,12,2021,dic-24,225.131,3,0,0,1,0,,Maricruz
DSCN9340,14,3,Playa Blanca,,arana,,,12,2021,dic-24,141.464,2,0,0,0,0,,Maricruz
DSCN9341,14,4,Playa Blanca,,arana,,,12,2021,dic-24,347.371,6,0,0,0,0,,Maricruz
DSCN9342,14,5,Playa Blanca,,arana,,,12,2021,dic-24,414.625,4,0,0,1,0,,Maricruz
DSCN9343,14,6,Playa Blanca,,arana,,,12,2021,dic-24,258.707,3,0,0,2,0,,Maricruz
DSCN9344,14,7,Playa Blanca,,arana,,,12,2021,dic-24,469.648,10,0,1,0,0,,Maricruz
DSCN9313,15,0,Playa Blanca,,arana,,,12,2021,dic-24,NA,NA,NA,NA,NA,NA,etiqueta,Maricruz
DSCN9314,15,1,Playa Blanca,,arana,,,12,2021,dic-24,301.632,5,0,0,5,1,no se si el de arriba tiene blanqueamiento parcial,Maricruz
DSCN9315,15,2,Playa Blanca,,arana,,,12,2021,dic-24,359.242,7,0,0,2,0,,Maricruz
DSCN9316,15,3,Playa Blanca,,arana,,,12,2021,dic-24,178.957,2,0,0,4,0,,Maricruz
DSCN9317,15,4,Playa Blanca,,arana,,,12,2021,dic-24,288.102,4,0,0,1,0,foto muy oscura,Maricruz
DSCN9318,15,5,Playa Blanca,,arana,,,12,2021,dic-24,76.574,1,0,0,6,0,,Maricruz
DSCN9319,15,6,Playa Blanca,,arana,,,12,2021,dic-24,340.484,5,0,0,1,0,,Maricruz
DSCN9320,15,7,Playa Blanca,,arana,,,12,2021,dic-24,377.750,9,0,0,5,0,,Maricruz
DSCN8579,18,1,Playa Blanca,,arana,,,11,2021,nov-24,438.714,9,0,0,0,0,,Andrea
DSCN8580,18,2,Playa Blanca,,arana,,,11,2021,nov-24,327.658,7,0,0,0,0,,Andrea
DSCN8581,18,3,Playa Blanca,,arana,,,11,2021,nov-24,338.695,8,0,0,0,0,,Andrea
DSCN8582,18,4,Playa Blanca,,arana,,,11,2021,nov-24,297.612,6,0,0,0,0,,Andrea
DSCN8583,18,5,Playa Blanca,,arana,,,11,2021,nov-24,477.939,8,0,0,0,0,,Andrea
DSCN8584,18,6,Playa Blanca,,arana,,,11,2021,nov-24,415.231,7,0,1,0,0,,Andrea
DSCN8585,18,7,Playa Blanca,,arana,,,11,2021,nov-24,977.897,16,0,0,0,0,,Andrea
DSCN8603,17,1,Playa Blanca,,arana,,,11,2021,nov-24,59.502,3,0,0,2,0,,Andrea
DSCN8604,17,2,Playa Blanca,,arana,,,11,2021,nov-24,338.817,8,0,0,0,0,,Andrea
DSCN8605,17,3,Playa Blanca,,arana,,,11,2021,nov-24,156.046,5,0,0,0,0,,Andrea
DSCN8606,17,4,Playa Blanca,,arana,,,11,2021,nov-24,102.477,4,0,0,0,0,,Andrea
DSCN8607,17,5,Playa Blanca,,arana,,,11,2021,nov-24,276.821,5,0,0,0,0,,Andrea
DSCN8608,17,6,Playa Blanca,,arana,,,11,2021,nov-24,221.880,6,0,0,1,0,,Andrea
DSCN8609,17,7,Playa Blanca,,arana,,,11,2021,nov-24,346.209,7,0,0,0,0,,Andrea
DSCN9289,174,1,Playa Blanca,,arana,,,12,2021,dic-24,418.579,6,0,0,0,0,mala visibilidad,Andrea
DSCN9290,174,2,Playa Blanca,,arana,,,12,2021,dic-24,265.718,4,0,0,0,0,,Andrea
DSCN9291,174,3,Playa Blanca,,arana,,,12,2021,dic-24,389.404,4,0,1,0,0,,Andrea
DSCN9292,174,4,Playa Blanca,,arana,,,12,2021,dic-24,200.987,4,0,1,0,0,,Andrea
DSCN9293,174,5,Playa Blanca,,arana,,,12,2021,dic-24,179.433,3,0,0,0,0,,Andrea
DSCN9294,174,6,Playa Blanca,,arana,,,12,2021,dic-24,286.019,4,0,0,0,0,,Andrea
DSCN9295,174,7,Playa Blanca,,arana,,,12,2021,dic-24,"1,219.470",12,0,2,0,0,,Andrea
DSCN9297,173,1,Playa Blanca,,arana,,,12,2021,dic-24,419.708,6,0,0,0,0,,Andrea
DSCN9298,173,2,Playa Blanca,,arana,,,12,2021,dic-24,283.354,6,0,0,0,0,,Andrea
DSCN9299,173,3,Playa Blanca,,arana,,,12,2021,dic-24,288.992,5,0,0,0,0,,Andrea
DSCN9300,173,4,Playa Blanca,,arana,,,12,2021,dic-24,401.533,6,0,0,0,0,foto desenfocada y poca visibilidad,Andrea
DSCN9301,173,5,Playa Blanca,,arana,,,12,2021,dic-24,275.126,5,0,0,0,0,foto desenfocada y poca visibilidad,Andrea
DSCN9302,173,6,Playa Blanca,,arana,,,12,2021,dic-24,333.550,5,0,0,1,0,,Andrea
DSCN9303,173,7,Playa Blanca,,arana,,,12,2021,dic-24,"1,042.660",17,0,2,0,0,,Andrea
DSCN9272,20,1,Playa Blanca,,arana,,,12,2021,dic-24,588.524,7,0,1,0,0,,Andrea
DSCN9273,20,2,Playa Blanca,,arana,,,12,2021,dic-24,349.085,6,0,2,0,0,,Andrea
DSCN9274,20,3,Playa Blanca,,arana,,,12,2021,dic-24,289.377,7,0,1,0,0,,Andrea
DSCN9275,20,4,Playa Blanca,,arana,,,12,2021,dic-24,300.773,6,0,0,0,0,"mala visibilidad, solo se puede medir área",Andrea
DSCN9276,20,5,Playa Blanca,,arana,,,12,2021,dic-24,353.112,7,0,0,0,0,,Andrea
DSCN9277,20,6,Playa Blanca,,arana,,,12,2021,dic-24,419.024,8,0,1,0,0,,Andrea
DSCN9278,20,7,Playa Blanca,,arana,,,12,2021,dic-24,903.794,15,0,1,0,0,,Andrea
DSCN9281,19,1,Playa Blanca,,arana,,,12,2021,dic-24,358.356,4,0,0,0,0,,Andrea
DSCN9282,19,2,Playa Blanca,,arana,,,12,2021,dic-24,251.790,5,0,2,0,0,,Andrea
DSCN9283,19,3,Playa Blanca,,arana,,,12,2021,dic-24,370.068,5,0,0,0,0,,Andrea
DSCN9284,19,4,Playa Blanca,,arana,,,12,2021,dic-24,286.487,3,0,0,0,0,mala visibilidad,Andrea
DSCN9285,19,5,Playa Blanca,,arana,,,12,2021,dic-24,293.789,6,0,0,0,0,,Andrea
DSCN9286,19,6,Playa Blanca,,arana,,,12,2021,dic-24,281.134,5,0,0,0,0,,Andrea
DSCN9287,19,7,Playa Blanca,,arana,,,12,2021,dic-24,"1,736.360",13,0,1,0,0,,Andrea
DSCN9408,6,1,Playa Blanca,,arana,,,12,2021,dic-24,291.993,6,0,1,0,0,,Randall
DSCN9409,6,2,Playa Blanca,,arana,,,12,2021,dic-24,272.051,8,0,0,0,0,Pez atravesado,Randall
DSCN9410,6,3,Playa Blanca,,arana,,,12,2021,dic-24,318.941,7,0,0,0,0,,Randall
DSCN9411,6,4,Playa Blanca,,arana,,,12,2021,dic-24,424.311,6,0,0,0,0,,Randall
DSCN9412,6,5,Playa Blanca,,arana,,,12,2021,dic-24,287.413,6,0,0,0,0,,Randall
DSCN9413,6,6,Playa Blanca,,arana,,,12,2021,dic-24,320.605,5,0,1,0,0,,Randall
DSCN9414,6,7,Playa Blanca,,arana,,,12,2021,dic-24,696.695,11,0,0,1,0,La parte de abajo esta cortada,Randall
DSCN9395,7,1,Playa Blanca,,arana,,,12,2021,dic-24,395.888,5,0,0,0,0,,Randall
DSCN9396,7,2,Playa Blanca,,arana,,,12,2021,dic-24,306.140,5,0,0,0,0,Alguna partes se ven oscuras,Randall
DSCN9397,7,3,Playa Blanca,,arana,,,12,2021,dic-24,258.465,4,0,1,0,0,,Randall
DSCN9398,7,4,Playa Blanca,,arana,,,12,2021,dic-24,242.913,6,0,0,0,0,,Randall
DSCN9399,7,5,Playa Blanca,,arana,,,12,2021,dic-24,230.332,3,1,1,0,0,Podrian ser cuatro.,Randall
DSCN9400,7,6,Playa Blanca,,arana,,,12,2021,dic-24,402.106,5,0,0,0,0,,Randall
DSCN9401,7,7,Playa Blanca,,arana,,,12,2021,dic-24,914.212,13,0,0,0,0,,Randall
DSCN9387,8,1,Playa Blanca,,arana,,,12,2021,dic-24,220.029,5,0,0,0,0,,Randall
DSCN9388,8,2,Playa Blanca,,arana,,,12,2021,dic-24,306.311,6,0,0,0,0,,Randall
DSCN9389,8,3,Playa Blanca,,arana,,,12,2021,dic-24,371.183,5,0,0,0,0,,Randall
DSCN9390,8,4,Playa Blanca,,arana,,,12,2021,dic-24,490.393,6,0,0,0,0,,Randall
DSCN9391,8,5,Playa Blanca,,arana,,,12,2021,dic-24,390.469,6,0,0,0,0,,Randall
DSCN9392,8,6,Playa Blanca,,arana,,,12,2021,dic-24,278.733,6,0,0,0,0,,Randall
DSCN9393,8,7,Playa Blanca,,arana,,,12,2021,dic-24,635.891,11,0,1,0,0,Un costado esta cortado y no se pudo medir. Por lo que un coral no se conto. En total serian 12.,Randall
DSCN9363,9,1,Playa Blanca,,arana,,,12,2021,dic-24,531.724,5,0,1,0,0,,Randall
DSCN9364,9,2,Playa Blanca,,arana,,,12,2021,dic-24,204.949,6,0,0,0,0,,Randall
DSCN9365,9,3,Playa Blanca,,arana,,,12,2021,dic-24,281.604,5,0,0,0,0,Se ve mal,Randall
DSCN9366,9,4,Playa Blanca,,arana,,,12,2021,dic-24,228.534,5,0,0,0,0,,Randall
DSCN9367,9,5,Playa Blanca,,arana,,,12,2021,dic-24,378.121,7,0,0,0,0,,Randall
DSCN9368,9,6,Playa Blanca,,arana,,,12,2021,dic-24,363.715,7,0,0,0,0,"Hay uno muy grande que, considero, son dos.",Randall
DSCN9369,9,7,Playa Blanca,,arana,,,12,2021,dic-24,817.585,15,0,0,0,0,,Randall
DSCN9371,10,1,Playa Blanca,,arana,,,12,2021,dic-24,269.683,6,0,0,0,0,Cuesta ver.,Randall
DSCN9372,10,2,Playa Blanca,,arana,,,12,2021,dic-24,81.213,2,1,0,0,0,Problemente hayan perdidos,Randall
DSCN9373,10,3,Playa Blanca,,arana,,,12,2021,dic-24,198.694,4,0,0,0,0,,Randall
DSCN9374,10,4,Playa Blanca,,arana,,,12,2021,dic-24,240.627,4,0,0,1,0,,Randall
DSCN9375,10,5,Playa Blanca,,arana,,,12,2021,dic-24,261.546,5,0,1,0,0,,Randall
DSCN9376,10,6,Playa Blanca,,arana,,,12,2021,dic-24,185.072,5,0,0,2,0,Se ve muy mal.,Randall
DSCN9377,10,7,Playa Blanca,,arana,,,12,2021,dic-24,790.483,15,1,2,1,0,,Randall
DSCN9305,18,1,Playa Blanca,,arana,,,12,2021,dic-24,352.761,9,0,0,0,0,,Andrea
DSCN9306,18,2,Playa Blanca,,arana,,,12,2021,dic-24,373.275,7,0,0,0,0,,Andrea
DSCN9307,18,3,Playa Blanca,,arana,,,12,2021,dic-24,329.832,6,0,0,0,0,mala visibilidad,Andrea
DSCN9309,18,4,Playa Blanca,,arana,,,12,2021,dic-24,331.057,7,0,0,0,0,muy mala visibilidad,Andrea
DSCN9310,18,5,Playa Blanca,,arana,,,12,2021,dic-24,518.834,8,0,0,0,0,,Andrea
DSCN9311,18,6,Playa Blanca,,arana,,,12,2021,dic-24,468.992,8,0,0,0,0,,Andrea
DSCN9312,18,7,Playa Blanca,,arana,,,12,2021,dic-24,"1,007.100",15,0,0,0,0,,Andrea
DSCN9330,17,1,Playa Blanca,,arana,,,12,2021,dic-24,84.723,3,0,0,3,0,,Andrea
DSCN9331,17,2,Playa Blanca,,arana,,,12,2021,dic-24,382.025,9,0,0,0,0,,Andrea
DSCN9332,17,3,Playa Blanca,,arana,,,12,2021,dic-24,121.391,3,0,0,2,0,,Andrea
DSCN9333,17,4,Playa Blanca,,arana,,,12,2021,dic-24,84.729,4,0,0,1,0,,Andrea
DSCN9334,17,5,Playa Blanca,,arana,,,12,2021,dic-24,136.634,4,0,0,1,0,,Andrea
DSCN9335,17,6,Playa Blanca,,arana,,,12,2021,dic-24,256.074,6,0,0,0,0,,Andrea
DSCN9336,17,7,Playa Blanca,,arana,,,12,2021,dic-24,456.180,8,0,1,0,0,,Andrea
DSCN9881,174,1,Playa Blanca,,arana,,,2,2022,feb-24,500.073,5,0,0,0,0,,Andrea
DSCN9882,174,2,Playa Blanca,,arana,,,2,2022,feb-24,448.018,4,0,0,0,0,,Andrea
DSCN9883,174,3,Playa Blanca,,arana,,,2,2022,feb-24,195.922,2,0,0,0,0,probablemente perdidas,Andrea
DSCN9884,174,4,Playa Blanca,,arana,,,2,2022,feb-24,280.862,4,0,0,0,0,,Andrea
DSCN9885,174,5,Playa Blanca,,arana,,,2,2022,feb-24,819.124,5,0,1,0,0,,Andrea
DSCN9887,174,6,Playa Blanca,,arana,,,2,2022,feb-24,437.101,4,0,0,0,0,,Andrea
DSCN9888,174,7,Playa Blanca,,arana,,,2,2022,feb-24,"1,325.860",12,0,0,0,0,,Andrea
DSCN9782,173,1,Playa Blanca,,arana,,,2,2022,feb-24,411.127,5,0,0,0,0,,Andrea
DSCN9783,173,2,Playa Blanca,,arana,,,2,2022,feb-24,280.146,6,0,0,0,0,,Andrea
DSCN9784,173,3,Playa Blanca,,arana,,,2,2022,feb-24,321.038,5,0,0,0,0,,Andrea
DSCN9785,173,4,Playa Blanca,,arana,,,2,2022,feb-24,447.841,5,0,0,0,0,muy mala visibilidad,Andrea
DSCN9786,173,5,Playa Blanca,,arana,,,2,2022,feb-24,326.889,4,0,0,0,0,,Andrea
DSCN9787,173,6,Playa Blanca,,arana,,,2,2022,feb-24,376.290,6,0,0,0,0,,Andrea
DSCN9789,173,7,Playa Blanca,,arana,,,2,2022,feb-24,"1,267.000",15,0,0,0,0,borrosa,Andrea
DSCN9891,20,1,Playa Blanca,,arana,,,2,2022,feb-24,357.649,6,0,0,0,0,,Andrea
DSCN9892,20,2,Playa Blanca,,arana,,,2,2022,feb-24,418.347,6,0,0,0,0,,Andrea
DSCN9893,20,3,Playa Blanca,,arana,,,2,2022,feb-24,468.906,8,0,1,0,0,,Andrea
DSCN9894,20,4,Playa Blanca,,arana,,,2,2022,feb-24,538.263,7,0,1,0,0,,Andrea
DSCN9895,20,5,Playa Blanca,,arana,,,2,2022,feb-24,602.090,6,0,1,0,0,,Andrea
DSCN9896,20,6,Playa Blanca,,arana,,,2,2022,feb-24,411.806,6,0,0,0,0,,Andrea
DSCN9897,20,7,Playa Blanca,,arana,,,2,2022,feb-24,982.292,15,0,1,0,0,,Andrea
DSCN9873,19,1,Playa Blanca,,arana,,,2,2022,feb-24,333.979,3,0,0,0,0,muy mala visibilidad,Andrea
DSCN9874,19,2,Playa Blanca,,arana,,,2,2022,feb-24,562.271,4,0,0,0,0,muy mala visibilidad,Andrea
DSCN9875,19,3,Playa Blanca,,arana,,,2,2022,feb-24,287.694,5,0,2,0,0,,Andrea
DSCN9876,19,4,Playa Blanca,,arana,,,2,2022,feb-24,447.290,5,0,0,0,0,,Andrea
DSCN9877,19,5,Playa Blanca,,arana,,,2,2022,feb-24,430.787,5,0,0,0,0,,Andrea
DSCN9878,19,6,Playa Blanca,,arana,,,2,2022,feb-24,305.061,5,0,0,0,0,mala visbilidad,Andrea
DSCN9879,19,7,Playa Blanca,,arana,,,2,2022,feb-24,"1,148.150",16,0,1,0,0,,Andrea
DSCN9791,18,1,Playa Blanca,,arana,,,2,2022,feb-24,461.704,9,0,0,0,0,,Andrea
DSCN9792,18,2,Playa Blanca,,arana,,,2,2022,feb-24,590.177,7,0,0,0,0,,Andrea
DSCN9793,18,3,Playa Blanca,,arana,,,2,2022,feb-24,648.858,8,0,0,0,0,,Andrea
DSCN9794,18,4,Playa Blanca,,arana,,,2,2022,feb-24,200.663,5,0,0,0,0,podría haber 1 parcial muerto,Andrea
DSCN9795,18,5,Playa Blanca,,arana,,,2,2022,feb-24,583.399,9,0,0,0,0,muy mala visibilidad,Andrea
DSCN9796,18,6,Playa Blanca,,arana,,,2,2022,feb-24,437.029,5,0,0,0,0,mala visibilidad,Andrea
DSCN9797,18,7,Playa Blanca,,arana,,,2,2022,feb-24,"1,403.410",13,0,0,0,0,mala visibilidad,Andrea
DSCN9899,17,1,Playa Blanca,,arana,,,2,2022,feb-24,338.785,5,0,0,0,0,,Andrea
DSCN9900,17,2,Playa Blanca,,arana,,,2,2022,feb-24,81.567,2,0,0,2,0,,Andrea
DSCN9901,17,3,Playa Blanca,,arana,,,2,2022,feb-24,282.952,5,0,0,0,0,,Andrea
DSCN9902,17,4,Playa Blanca,,arana,,,2,2022,feb-24,496.429,6,0,0,0,0,,Andrea
DSCN9903,17,5,Playa Blanca,,arana,,,2,2022,feb-24,108.282,3,0,0,2,0,,Andrea
DSCN9904,17,6,Playa Blanca,,arana,,,2,2022,feb-24,370.365,7,0,0,0,0,,Andrea
DSCN9905,17,7,Playa Blanca,,arana,,,2,2022,feb-24,447.289,10,0,1,0,0,,Andrea
DSCN9914,11,0,Playa Blanca,,arana,,,2,2022,feb-24,NA,NA,NA,NA,NA,NA,Etiqueta,Maricruz
DSCN9915,11,1,Playa Blanca,,arana,,,2,2022,feb-24,302.345,3,0,0,1,0,Fotos fatales,Maricruz
DSCN9916,11,2,Playa Blanca,,arana,,,2,2022,feb-24,412.228,5,0,0,1,0,Fotos fatales,Maricruz
DSCN9917,11,3,Playa Blanca,,arana,,,2,2022,feb-24,390.365,5,0,0,0,0,Fotos fatales,Maricruz
DSCN9918,11,4,Playa Blanca,,arana,,,2,2022,feb-24,216.319,1,0,0,3,0,Fotos fatales,Maricruz
DSCN9919,11,5,Playa Blanca,,arana,,,2,2022,feb-24,405.653,4,0,0,0,0,Fotos fatales,Maricruz
DSCN9920,11,6,Playa Blanca,,arana,,,2,2022,feb-24,365.284,3,0,0,2,0,Fotos fatales,Maricruz
DSCN9921,11,7,Playa Blanca,,arana,,,2,2022,feb-24,499.083,6,0,0,6,0,Fotos fatales,Maricruz
DSCN9807,12,0,Playa Blanca,,arana,,,2,2022,feb-24,NA,NA,NA,NA,NA,NA,etiqueta,Maricruz
DSCN9808,12,1,Playa Blanca,,arana,,,2,2022,feb-24,409.486,5,0,0,0,0,,Maricruz
DSCN9809,12,2,Playa Blanca,,arana,,,2,2022,feb-24,333.791,4,0,0,1,0,,Maricruz
DSCN9810,12,3,Playa Blanca,,arana,,,2,2022,feb-24,152.161,3,0,0,3,0,pez sobre coral entonces no se puede sacar el area,Maricruz
DSCN9811,12,4,Playa Blanca,,arana,,,2,2022,feb-24,304.459,5,0,0,0,0,,Maricruz
DSCN9812,12,5,Playa Blanca,,arana,,,2,2022,feb-24,NA,NA,NA,NA,NA,NA,Replica,Maricruz
DSCN9813,12,5,Playa Blanca,,arana,,,2,2022,feb-24,NA,NA,NA,NA,NA,NA,Replica,Maricruz
DSCN9814,12,5,Playa Blanca,,arana,,,2,2022,feb-24,167.871,3,0,0,1,0,,Maricruz
DSCN9815,12,6,Playa Blanca,,arana,,,2,2022,feb-24,552.581,4,0,0,0,0,No estoy segura de la cantidad de fragmentos,Maricruz
DSCN9816,12,7,Playa Blanca,,arana,,,2,2022,feb-24,852.148,,0,1,3,0,No estoy segura de la cantidad de fragmentos,Maricruz
DSCN9856,13,0,Playa Blanca,,arana,,,2,2022,feb-24,NA,NA,NA,NA,NA,NA,Etiqueta,Maricruz
DSCN9857,13,1,Playa Blanca,,arana,,,2,2022,feb-24,358.586,4,0,0,1,0,mala visibilidad,Maricruz
DSCN9858,13,2,Playa Blanca,,arana,,,2,2022,feb-24,394.222,4,0,0,1,0,"mala visibilidad, corales de las esquinas cortados",Maricruz
DSCN9859,13,3,Playa Blanca,,arana,,,2,2022,feb-24,442.592,5,0,0,0,0,"mala visibilidad, corales de las esquinas cortados",Maricruz
DSCN9860,13,4,Playa Blanca,,arana,,,2,2022,feb-24,599.696,7,0,0,0,0,mala visibilidad,Maricruz
DSCN9861,13,5,Playa Blanca,,arana,,,2,2022,feb-24,204.177,2,0,0,2,0,mala visibilidad,Maricruz
DSCN9862,13,6,Playa Blanca,,arana,,,2,2022,feb-24,327.116,5,0,0,0,0,mala visibilidad,Maricruz
DSCN9863,13,7,Playa Blanca,,arana,,,2,2022,feb-24,"1,650.510",,0,0,2,0,no estoy segura del numero de fragmentos,Maricruz
DSCN9798,15,0,Playa Blanca,,arana,,,2,2022,feb-24,NA,NA,NA,NA,NA,NA,Etiqueta,Maricruz
DSCN9799,15,1,Playa Blanca,,arana,,,2,2022,feb-24,280.827,5,0,0,0,0,,Maricruz
DSCN9800,15,2,Playa Blanca,,arana,,,2,2022,feb-24,464.765,5,0,0,0,0,,Maricruz
DSCN9801,15,3,Playa Blanca,,arana,,,2,2022,feb-24,66.692,1,0,0,2,0,,Maricruz
DSCN9802,15,4,Playa Blanca,,arana,,,2,2022,feb-24,383.120,3,0,0,0,0,,Maricruz
DSCN9803,15,5,Playa Blanca,,arana,,,2,2022,feb-24,234.087,2,0,0,0,0,,Maricruz
DSCN9804,15,6,Playa Blanca,,arana,,,2,2022,feb-24,530.159,6,0,0,0,0,,Maricruz
DSCN9805,15,6,Playa Blanca,,arana,,,2,2022,feb-24,NA,NA,NA,NA,NA,NA,Replica,Maricruz
DSCN9806,15,7,Playa Blanca,,arana,,,2,2022,feb-24,509.780,8,0,0,0,0,,Maricruz
DSCN9865,16,1,Playa Blanca,,arana,,,2,2022,feb-24,489.919,5,0,0,0,0,,Tania
DSCN9866,16,2,Playa Blanca,,arana,,,2,2022,feb-24,407.011,4,0,0,0,0,,Tania
DSCN9867,16,3,Playa Blanca,,arana,,,2,2022,feb-24,501.555,6,0,0,0,0,,Tania
DSCN9868,16,4,Playa Blanca,,arana,,,2,2022,feb-24,591.287,5,0,0,0,0,,Tania
DSCN9869,16,5,Playa Blanca,,arana,,,2,2022,feb-24,502.454,5,0,0,0,0,,Tania
DSCN9870,16,6,Playa Blanca,,arana,,,2,2022,feb-24,410.234,5,0,0,0,0,,Tania
DSCN9871,16,7,Playa Blanca,,arana,,,2,2022,feb-24,899.493,6,0,0,0,0,"El crecimiento es muy grande entonces no pude dividirlos en corales, el número de fragmentos equivale al número de mediciones que hice",Tania
DSCN8586,174,1,Playa Blanca,,arana,,,3,2022,mar-24,248.889,4,0,0,0,0,109 son la antigua 174,Andrea
DSCN8587,174,2,Playa Blanca,,arana,,,3,2022,mar-24,180.648,2,0,0,2,0,,Andrea
DSCN8588,174,3,Playa Blanca,,arana,,,3,2022,mar-24,378.012,4,0,0,0,0,,Andrea
DSCN8589,174,4,Playa Blanca,,arana,,,3,2022,mar-24,370.301,6,0,0,0,0,,Andrea
DSCN8590,174,5,Playa Blanca,,arana,,,3,2022,mar-24,390.551,4,0,0,0,0,,Andrea
DSCN8591,174,6,Playa Blanca,,arana,,,3,2022,mar-24,455.710,5,0,1,0,0,parece haber uno parcialmente muerto pero no se ve bien,Andrea
DSCN8592,174,7,Playa Blanca,,arana,,,3,2022,mar-24,"1,294.100",12,0,0,0,0,,Andrea
DSCN8594,173,1,Playa Blanca,,arana,,,3,2022,mar-24,424.248,5,0,0,0,0,,Andrea
DSCN8595,173,2,Playa Blanca,,arana,,,3,2022,mar-24,331.097,5,0,0,0,0,,Andrea
DSCN8596,173,3,Playa Blanca,,arana,,,3,2022,mar-24,331.197,5,0,1,0,0,,Andrea
DSCN8597,173,4,Playa Blanca,,arana,,,3,2022,mar-24,437.758,6,0,0,0,0,,Andrea
DSCN8598,173,5,Playa Blanca,,arana,,,3,2022,mar-24,350.344,4,0,0,0,0,,Andrea
DSCN8599,173,6,Playa Blanca,,arana,,,3,2022,mar-24,309.068,6,0,0,0,0,,Andrea
DSCN8601,173,7,Playa Blanca,,arana,,,3,2022,mar-24,"1,194.420",19,0,0,0,0,,Andrea
DSCN8635,16,1,Playa Blanca,,arana,,,3,2022,mar-24,624.251,6,0,0,0,0,,Tania
DSCN8636,16,2,Playa Blanca,,arana,,,3,2022,mar-24,430.184,4,0,0,0,0,,Tania
DSCN8637,16,3,Playa Blanca,,arana,,,3,2022,mar-24,421.328,5,0,0,0,0,,Tania
DSCN8638,16,4,Playa Blanca,,arana,,,3,2022,mar-24,613.731,6,0,0,1,0,,Tania
DSCN8639,16,5,Playa Blanca,,arana,,,3,2022,mar-24,569.583,7,0,0,0,0,,Tania
DSCN8640,16,6,Playa Blanca,,arana,,,3,2022,mar-24,451.282,4,0,0,0,0,,Tania
DSCN8641,16,7,Playa Blanca,,arana,,,3,2022,mar-24,989.205,4,0,0,0,0,,Tania
DSCN8619,20,1,Playa Blanca,,arana,,,3,2022,mar-24,271.416,5,0,1,0,0,no se ve bien,Andrea
DSCN8620,20,2,Playa Blanca,,arana,,,3,2022,mar-24,345.670,9,0,0,0,0,,Andrea
DSCN8621,20,3,Playa Blanca,,arana,,,3,2022,mar-24,681.349,7,0,2,0,0,,Andrea
DSCN8622,20,4,Playa Blanca,,arana,,,3,2022,mar-24,638.057,8,0,1,0,0,,Andrea
DSCN8623,20,5,Playa Blanca,,arana,,,3,2022,mar-24,374.584,7,0,1,0,0,,Andrea
DSCN8624,20,6,Playa Blanca,,arana,,,3,2022,mar-24,336.427,6,0,2,0,0,"foto movida, se ve mal",Andrea
DSCN8625,20,7,Playa Blanca,,arana,,,3,2022,mar-24,"1,205.240",9,0,1,0,0,,Andrea
DSCN8611,104,1,Playa Blanca,,arana,,,3,2022,mar-24,560.341,5,0,1,0,0,es la antigua 19,Andrea
DSCN8612,104,2,Playa Blanca,,arana,,,3,2022,mar-24,262.536,5,0,2,0,0,,Andrea
DSCN8613,104,3,Playa Blanca,,arana,,,3,2022,mar-24,461.386,5,0,0,0,0,,Andrea
DSCN8614,104,4,Playa Blanca,,arana,,,3,2022,mar-24,241.175,4,0,0,0,0,no se ve bien,Andrea
DSCN8615,104,5,Playa Blanca,,arana,,,3,2022,mar-24,259.012,5,0,0,0,0,oscuro abajo,Andrea
DSCN8616,104,6,Playa Blanca,,arana,,,3,2022,mar-24,389.810,5,0,0,0,0,,Andrea
DSCN8617,104,7,Playa Blanca,,arana,,,3,2022,mar-24,"1,080.820",15,0,0,0,0,,Andrea
DSCN9280,16,1,Playa Blanca,,arana,,,4,2022,abr-24,507.457,3,0,0,0,0,El primer fragmento lo tome como uno ya que era muy grande y por facilidad era mejor medirlo todo pero creo que son varios corales,Tania
DSCN9281,16,2,Playa Blanca,,arana,,,4,2022,abr-24,383.441,4,0,0,0,0,,Tania
DSCN9282,16,3,Playa Blanca,,arana,,,4,2022,abr-24,299.955,5,0,0,0,0,,Tania
DSCN9283,16,4,Playa Blanca,,arana,,,4,2022,abr-24,240.027,3,0,0,0,0,,Tania
DSCN9284,16,5,Playa Blanca,,arana,,,4,2022,abr-24,263.601,4,0,0,0,0,,Tania
DSCN9285,16,6,Playa Blanca,,arana,,,4,2022,abr-24,259.446,4,0,0,0,0,,Tania
DSCN9286,16,7,Playa Blanca,,arana,,,4,2022,abr-24,"1,505.780",3,0,0,0,0,Hay más corales sin embargo están tan pegados que cuesta identificar cuantos hay por eso los medi en 3 fragmentos,Tania
DSCN8603,18,1,Playa Blanca,,arana,,,3,2022,mar-24,458.094,10,0,0,0,0,,Andrea
DSCN8604,18,2,Playa Blanca,,arana,,,3,2022,mar-24,492.093,5,0,0,0,0,,Andrea
DSCN8605,18,3,Playa Blanca,,arana,,,3,2022,mar-24,469.535,10,0,0,0,0,,Andrea
DSCN8606,18,4,Playa Blanca,,arana,,,3,2022,mar-24,173.623,4,0,0,0,0,"muy oscura, no se distingue casi nada",Andrea
DSCN8607,18,5,Playa Blanca,,arana,,,3,2022,mar-24,516.832,7,0,0,0,0,,Andrea
DSCN8608,18,6,Playa Blanca,,arana,,,3,2022,mar-24,297.136,7,0,0,0,0,,Andrea
DSCN8609,18,7,Playa Blanca,,arana,,,3,2022,mar-24,"1,244.730",13,0,0,0,0,,Andrea
DSCN8627,17,1,Playa Blanca,,arana,,,3,2022,mar-24,378.183,6,0,0,0,0,,Andrea
DSCN8628,17,2,Playa Blanca,,arana,,,3,2022,mar-24,86.602,3,0,0,3,0,,Andrea
DSCN8629,17,3,Playa Blanca,,arana,,,3,2022,mar-24,488.420,7,0,0,0,0,,Andrea
DSCN8630,17,4,Playa Blanca,,arana,,,3,2022,mar-24,239.489,4,0,0,0,0,,Andrea
DSCN8631,17,5,Playa Blanca,,arana,,,3,2022,mar-24,79.923,1,0,0,3,0,,Andrea
DSCN8632,17,6,Playa Blanca,,arana,,,3,2022,mar-24,274.359,3,0,0,0,0,,Andrea
DSCN8633,17,7,Playa Blanca,,arana,,,3,2022,mar-24,721.151,6,0,1,0,0,,Andrea
DSCN8674,11,0,Playa Blanca,,arana,,,3,2022,mar-24,NA,NA,NA,NA,NA,NA,ETIQUETA,Santiago
DSCN8675,11,1,Playa Blanca,,arana,,,3,2022,mar-24,298.417,3,0,1,1,0,,Santiago
DSCN8676,11,2,Playa Blanca,,arana,,,3,2022,mar-24,333.066,3,0,0,0,0,,Santiago
DSCN8677,11,3,Playa Blanca,,arana,,,3,2022,mar-24,363.734,4,0,0,0,0,,Santiago
DSCN8678,11,4,Playa Blanca,,arana,,,3,2022,mar-24,202.753,1,0,0,1,0,,Santiago
DSCN8679,11,5,Playa Blanca,,arana,,,3,2022,mar-24,349.879,5,0,0,0,0,,Santiago
DSCN8680,11,6,Playa Blanca,,arana,,,3,2022,mar-24,448.768,5,1,0,0,0,,Santiago
DSCN8681,11,7,Playa Blanca,,arana,,,3,2022,mar-24,NA,NA,NA,NA,NA,NA,REPLICA,Santiago
DSCN8682,11,7,Playa Blanca,,arana,,,3,2022,mar-24,558.641,6,0,0,1,0,,Santiago
DSCN8650,101,0,Playa Blanca,,arana,,,3,2022,mar-24,NA,NA,NA,NA,NA,NA,ETIQUETA,Santiago
DSCN8651,101,1,Playa Blanca,,arana,,,3,2022,mar-24,532.188,5,0,0,0,0,,Santiago
DSCN8652,101,2,Playa Blanca,,arana,,,3,2022,mar-24,194.153,3,0,0,0,0,,Santiago
DSCN8653,101,3,Playa Blanca,,arana,,,3,2022,mar-24,299.046,5,0,0,1,0,,Santiago
DSCN8654,101,4,Playa Blanca,,arana,,,3,2022,mar-24,183.802,3,0,0,3,0,,Santiago
DSCN8655,101,5,Playa Blanca,,arana,,,3,2022,mar-24,302.333,3,0,0,1,0,,Santiago
DSCN8656,101,6,Playa Blanca,,arana,,,3,2022,mar-24,433.461,4,0,1,0,0,,Santiago
DSCN8657,101,7,Playa Blanca,,arana,,,3,2022,mar-24,936.693,7,0,0,4,0,,Santiago
DSCN8658,107,0,Playa Blanca,,arana,,,3,2022,mar-24,NA,NA,NA,NA,NA,NA,ETIQUETA,Santiago
DSCN8659,107,1,Playa Blanca,,arana,,,3,2022,mar-24,381.114,5,0,1,0,0,,Santiago
DSCN8660,107,2,Playa Blanca,,arana,,,3,2022,mar-24,477.483,5,0,0,0,0,,Santiago
DSCN8661,107,3,Playa Blanca,,arana,,,3,2022,mar-24,426.321,5,0,1,2,0,,Santiago
DSCN8662,107,4,Playa Blanca,,arana,,,3,2022,mar-24,410.714,4,0,0,1,0,,Santiago
DSCN8663,107,5,Playa Blanca,,arana,,,3,2022,mar-24,440.360,6,0,0,0,0,,Santiago
DSCN8664,107,6,Playa Blanca,,arana,,,3,2022,mar-24,240.656,2,0,0,1,0,,Santiago
DSCN8665,107,7,Playa Blanca,,arana,,,3,2022,mar-24,"1,475.440",12,0,0,2,0,,Santiago
DSCN8666,14,0,Playa Blanca,,arana,,,3,2022,mar-24,NA,NA,NA,NA,NA,NA,ETIQUETA,Santiago
DSCN8667,14,1,Playa Blanca,,arana,,,3,2022,mar-24,274.077,3,0,1,0,0,Fragmento de abajo a la izquierda no fue tomado en cuenta.,Santiago
DSCN8668,14,2,Playa Blanca,,arana,,,3,2022,mar-24,296.122,2,0,1,0,0,,Santiago
DSCN8669,14,3,Playa Blanca,,arana,,,3,2022,mar-24,170.148,2,0,0,0,0,,Santiago
DSCN8670,14,4,Playa Blanca,,arana,,,3,2022,mar-24,438.571,3,0,0,0,0,,Santiago
DSCN8671,14,5,Playa Blanca,,arana,,,3,2022,mar-24,529.154,4,0,0,0,0,,Santiago
DSCN8672,14,6,Playa Blanca,,arana,,,3,2022,mar-24,331.541,3,0,0,1,0,,Santiago
DSCN8673,14,7,Playa Blanca,,arana,,,3,2022,mar-24,772.785,8,0,0,1,0,,Santiago
DSCN8642,15,0,Playa Blanca,,arana,,,3,2022,mar-24,NA,NA,NA,NA,NA,NA,ETIQUETA,Santiago
DSCN8643,15,1,Playa Blanca,,arana,,,3,2022,mar-24,284.886,5,0,0,1,0,,Santiago
DSCN8644,15,2,Playa Blanca,,arana,,,3,2022,mar-24,515.161,6,0,0,0,0,,Santiago
DSCN8645,15,3,Playa Blanca,,arana,,,3,2022,mar-24,215.199,1,0,0,0,0,,Santiago
DSCN8646,15,4,Playa Blanca,,arana,,,3,2022,mar-24,274.721,3,0,0,0,0,,Santiago
DSCN8647,15,5,Playa Blanca,,arana,,,3,2022,mar-24,71.208,1,0,0,1,0,,Santiago
DSCN8648,15,6,Playa Blanca,,arana,,,3,2022,mar-24,419.958,4,0,1,0,0,,Santiago
DSCN8649,15,7,Playa Blanca,,arana,,,3,2022,mar-24,498.212,7,0,0,0,0,,Santiago
DSCN9335,11,0,Playa Blanca,,arana,,,4,2022,abr-24,NA,NA,NA,NA,NA,NA,ETIQUETA,Santiago
DSCN9336,11,1,Playa Blanca,,arana,,,4,2022,abr-24,372.899,3,0,1,0,1,Blanqueamiento se ve bien en la imagen DSCN9339,Santiago
DSCN9341,11,2,Playa Blanca,,arana,,,4,2022,abr-24,418.428,3,0,0,0,0,,Santiago
DSCN9340,11,3,Playa Blanca,,arana,,,4,2022,abr-24,419.749,4,0,0,1,0,,Santiago
DSCN9339,11,4,Playa Blanca,,arana,,,4,2022,abr-24,225.740,1,0,2,0,1,,Santiago
DSCN9338,11,5,Playa Blanca,,arana,,,4,2022,abr-24,340.123,5,0,0,1,0,,Santiago
DSCN9337,11,6,Playa Blanca,,arana,,,4,2022,abr-24,483.550,6,0,0,1,0,,Santiago
DSCN9342,11,7,Playa Blanca,,arana,,,4,2022,abr-24,702.264,7,0,0,1,0,,Santiago
DSCN9311,101,0,Playa Blanca,,arana,,,4,2022,abr-24,NA,NA,NA,NA,NA,NA,ETIQUETA,Santiago
DSCN9312,101,1,Playa Blanca,,arana,,,4,2022,abr-24,528.956,5,0,0,0,0,,Santiago
DSCN9317,101,2,Playa Blanca,,arana,,,4,2022,abr-24,211.620,3,0,0,0,0,,Santiago
DSCN9316,101,3,Playa Blanca,,arana,,,4,2022,abr-24,341.172,5,0,0,0,0,,Santiago
DSCN9315,101,4,Playa Blanca,,arana,,,4,2022,abr-24,210.450,3,0,0,0,0,Baja visibilidad,Santiago
DSCN9314,101,5,Playa Blanca,,arana,,,4,2022,abr-24,265.661,3,0,0,0,0,,Santiago
DSCN9313,101,6,Playa Blanca,,arana,,,4,2022,abr-24,382.442,4,0,0,0,0,,Santiago
DSCN9318,101,7,Playa Blanca,,arana,,,4,2022,abr-24,"1,460.030",7,0,0,2,0,,Santiago
DSCN9319,107,0,Playa Blanca,,arana,,,4,2022,abr-24,NA,NA,NA,NA,NA,NA,ETIQUETA,Santiago
DSCN9320,107,1,Playa Blanca,,arana,,,4,2022,abr-24,474.915,5,0,0,0,0,Fragmento de abajo a la izquierda sale de la imagen,Santiago
DSCN9325,107,2,Playa Blanca,,arana,,,4,2022,abr-24,515.927,5,0,0,0,0,,Santiago
DSCN9324,107,3,Playa Blanca,,arana,,,4,2022,abr-24,467.845,5,0,0,0,0,,Santiago
DSCN9323,107,4,Playa Blanca,,arana,,,4,2022,abr-24,551.459,4,0,0,0,0,,Santiago
DSCN9322,107,5,Playa Blanca,,arana,,,4,2022,abr-24,448.516,6,0,0,0,0,,Santiago
DSCN9321,107,6,Playa Blanca,,arana,,,4,2022,abr-24,242.749,2,0,0,1,0,,Santiago
DSCN9326,107,7,Playa Blanca,,arana,,,4,2022,abr-24,"1,815.370",12,0,0,4,0,,Santiago
DSCN9327,14,0,Playa Blanca,,arana,,,4,2022,abr-24,NA,NA,NA,NA,NA,NA,ETIQUETA,Santiago
DSCN9328,14,1,Playa Blanca,,arana,,,4,2022,abr-24,166.958,2,0,0,2,0,,Santiago
DSCN9333,14,2,Playa Blanca,,arana,,,4,2022,abr-24,356.559,2,0,1,0,0,,Santiago
DSCN9332,14,3,Playa Blanca,,arana,,,4,2022,abr-24,210.825,2,0,0,1,0,,Santiago
DSCN9331,14,4,Playa Blanca,,arana,,,4,2022,abr-24,582.063,3,0,0,0,0,,Santiago
DSCN9330,14,5,Playa Blanca,,arana,,,4,2022,abr-24,554.412,4,0,0,0,0,,Santiago
DSCN9329,14,6,Playa Blanca,,arana,,,4,2022,abr-24,290.614,3,0,0,1,0,,Santiago
DSCN9334,14,7,Playa Blanca,,arana,,,4,2022,abr-24,"1,150.680",8,0,0,1,0,,Santiago
DSCN9287,15,0,Playa Blanca,,arana,,,4,2022,abr-24,NA,NA,NA,NA,NA,NA,ETIQUETA,Santiago
DSCN9288,15,1,Playa Blanca,,arana,,,4,2022,abr-24,377.376,5,0,0,1,0,,Santiago
DSCN9293,15,2,Playa Blanca,,arana,,,4,2022,abr-24,557.287,6,0,0,0,0,,Santiago
DSCN9292,15,3,Playa Blanca,,arana,,,4,2022,abr-24,258.614,1,0,0,2,0,,Santiago
DSCN9291,15,4,Playa Blanca,,arana,,,4,2022,abr-24,348.582,3,0,0,0,0,,Santiago
DSCN9290,15,5,Playa Blanca,,arana,,,4,2022,abr-24,99.399,1,0,0,1,0,,Santiago
DSCN9289,15,6,Playa Blanca,,arana,,,4,2022,abr-24,499.806,4,0,0,0,0,,Santiago
DSCN9294,15,7,Playa Blanca,,arana,,,4,2022,abr-24,546.069,7,0,0,1,0,,Santiago
DSCN8514,95,0,Playa Blanca,,arana,,,11,2021,nov-24,NA,NA,NA,NA,NA,NA,ETIQUETA,Carmen
DSCN8515,95,1,Playa Blanca,,arana,,,11,2021,nov-24,69.301,3,0,0,0,0,,Carmen
DSCN8516,95,2,Playa Blanca,,arana,,,11,2021,nov-24,181.176,5,0,0,0,1,"levemente blanqueado, lo tomé en cuenta para sumarlo al area",Carmen
DSCN8517,95,3,Playa Blanca,,arana,,,11,2021,nov-24,86.797,3,0,1,0,1,una pequeña parte del coral se encuentra muerta y otras blanqueadas pero parece que hay más parte viva,Carmen
DSCN8518,95,4,Playa Blanca,,arana,,,11,2021,nov-24,63.338,3,0,0,0,1,"levemente blanqueado, lo tomé en cuenta para sumarlo al area",Carmen
DSCN8519,95,5,Playa Blanca,,arana,,,11,2021,nov-24,91.053,4,0,1,0,1,una pequeña parte del coral se encuentra muerta y otras blanqueadas pero parece que hay más parte viva,Carmen
DSCN8520,95,6,Playa Blanca,,arana,,,11,2021,nov-24,13.602,5,0,0,0,0,,Carmen
DSCN8521,95,7,Playa Blanca,,arana,,,11,2021,nov-24,205.291,11,0,0,1,2,"levemente blanqueado, lo tomé en cuenta para sumarlo al area",Carmen
DSCN8538,96,0,Playa Blanca,,arana,,,11,2021,nov-24,NA,NA,NA,NA,NA,NA,ETIQUETA,Carmen
DSCN8539,96,1,Playa Blanca,,arana,,,11,2021,nov-24,53.748,4,0,0,0,0,,Carmen
DSCN8540,96,2,Playa Blanca,,arana,,,11,2021,nov-24,133.851,4,0,0,0,0,,Carmen
DSCN8541,96,3,Playa Blanca,,arana,,,11,2021,nov-24,126.510,5,0,0,0,1,levemente blanqueado,Carmen
DSCN8542,96,4,Playa Blanca,,arana,,,11,2021,nov-24,83.926,4,0,0,0,1,levemente blanqueado,Carmen
DSCN8543,96,5,Playa Blanca,,arana,,,11,2021,nov-24,56.846,3,0,1,0,0,una pequeña parte del coral se encuentra muerta,Carmen
DSCN8544,96,6,Playa Blanca,,arana,,,11,2021,nov-24,154.080,4,0,0,0,2,Un coral completamente banqueado y otro levemente,Carmen
DSCN8545,96,7,Playa Blanca,,arana,,,11,2021,nov-24,272.397,7,0,2,0,0,Dos corales tienen una pequeña zona muerta,Carmen
DSCN8522,97,0,Playa Blanca,,arana,,,11,2021,nov-24,NA,NA,NA,NA,NA,NA,etiqueta,Carmen
DSCN8523,97,1,Playa Blanca,,arana,,,11,2021,nov-24,42.283,4,0,0,0,1,Un coral levemente blanqueado,Carmen
DSCN8524,97,2,Playa Blanca,,arana,,,11,2021,nov-24,45.635,5,0,0,0,1,Un coral levemente blanqueado,Carmen
DSCN8525,97,3,Playa Blanca,,arana,,,11,2021,nov-24,98.862,5,0,0,0,0,,Carmen
DSCN8526,97,4,Playa Blanca,,arana,,,11,2021,nov-24,30.133,5,0,0,0,0,,Carmen
DSCN8527,97,5,Playa Blanca,,arana,,,11,2021,nov-24,37.353,3,0,1,0,0,Un coral tiene una pequeña zona muerta,Carmen
DSCN8528,97,6,Playa Blanca,,arana,,,11,2021,nov-24,100.652,5,0,0,0,0,,Carmen
DSCN8529,97,7,Playa Blanca,,arana,,,11,2021,nov-24,232.126,11,0,0,0,0,,Carmen
DSCN8530,98,0,Playa Blanca,,arana,,,11,2021,nov-24,NA,NA,NA,NA,NA,NA,etiqueta,Carmen
DSCN8531,98,1,Playa Blanca,,arana,,,11,2021,nov-24,150.137,2,0,0,0,0,,Carmen
DSCN8532,98,2,Playa Blanca,,arana,,,11,2021,nov-24,86.771,2,0,1,0,1,Un coral levemente blanqueado y otro coral con una pequeña parte muerta,Carmen
DSCN8533,98,3,Playa Blanca,,arana,,,11,2021,nov-24,135.945,5,0,0,0,0,,Carmen
DSCN8534,98,4,Playa Blanca,,arana,,,11,2021,nov-24,202.356,5,0,0,0,0,,Carmen
DSCN8535,98,5,Playa Blanca,,arana,,,11,2021,nov-24,174.819,5,0,0,0,1,un coral levemente blanqueado por un extremo,Carmen
DSCN8536,98,6,Playa Blanca,,arana,,,11,2021,nov-24,272.126,6,0,0,0,1,un coral levemente blanqueado,Carmen
DSCN9255,95,0,Playa Blanca,,arana,,,12,2021,dic-24,NA,NA,NA,NA,NA,NA,ETIQUETA,Carmen
DSCN9256,95,1,Playa Blanca,,arana,,,12,2021,dic-24,127.208,6,0,0,0,0,,Carmen
DSCN9257,95,2,Playa Blanca,,arana,,,12,2021,dic-24,154.200,4,0,0,0,1,un coral levemente blanqueado,Carmen
DSCN9258,95,3,Playa Blanca,,arana,,,12,2021,dic-24,80.069,3,0,1,0,0,,Carmen
DSCN9259,95,4,Playa Blanca,,arana,,,12,2021,dic-24,106.033,4,0,1,0,1,un coral levemente blanqueado,Carmen
DSCN9260,95,5,Playa Blanca,,arana,,,12,2021,dic-24,87.425,4,0,0,0,0,,Carmen
DSCN9261,95,6,Playa Blanca,,arana,,,12,2021,dic-24,38.439,2,0,0,0,0,,Carmen
DSCN9262,95,7,Playa Blanca,,arana,,,12,2021,dic-24,274.639,12,0,1,0,2,dos corales levemente blanqueados,Carmen
DSCN9247,96,0,Playa Blanca,,arana,,,12,2021,dic-24,NA,NA,NA,NA,NA,NA,ETIQUETA,Carmen
DSCN9248,96,1,Playa Blanca,,arana,,,12,2021,dic-24,95.448,4,0,0,0,1,un coral levemente blanqueado,Carmen
DSCN9249,96,2,Playa Blanca,,arana,,,12,2021,dic-24,130.534,4,0,0,0,0,,Carmen
DSCN9250,96,3,Playa Blanca,,arana,,,12,2021,dic-24,143.183,5,0,0,0,0,,Carmen
DSCN9251,96,4,Playa Blanca,,arana,,,12,2021,dic-24,84.014,4,0,0,0,0,,Carmen
DSCN9252,96,5,Playa Blanca,,arana,,,12,2021,dic-24,72.048,4,0,1,0,0,,Carmen
DSCN9253,96,6,Playa Blanca,,arana,,,12,2021,dic-24,83.791,3,0,0,0,0,,Carmen
DSCN9254,96,7,Playa Blanca,,arana,,,12,2021,dic-24,295.525,8,0,2,0,1,,Carmen
DSCN9239,97,0,Playa Blanca,,arana,,,12,2021,dic-24,NA,NA,NA,NA,NA,NA,ETIQUETA,Carmen
DSCN9240,97,1,Playa Blanca,,arana,,,12,2021,dic-24,38.181,4,0,1,0,0,,Carmen
DSCN9241,97,2,Playa Blanca,,arana,,,12,2021,dic-24,50.692,5,0,0,0,0,,Carmen
DSCN9242,97,3,Playa Blanca,,arana,,,12,2021,dic-24,94.888,5,0,1,0,0,,Carmen
DSCN9243,97,4,Playa Blanca,,arana,,,12,2021,dic-24,28.695,4,0,1,0,0,,Carmen
DSCN9244,97,5,Playa Blanca,,arana,,,12,2021,dic-24,53.311,4,0,1,0,0,,Carmen
DSCN9245,97,6,Playa Blanca,,arana,,,12,2021,dic-24,91.809,4,0,0,0,0,,Carmen
DSCN9246,97,7,Playa Blanca,,arana,,,12,2021,dic-24,313.783,0,0,0,0,0,,Carmen
DSCN9263,98,0,Playa Blanca,,arana,,,12,2021,dic-24,NA,NA,NA,NA,NA,NA,ETIQUETA,Carmen
DSCN9264,98,1,Playa Blanca,,arana,,,12,2021,dic-24,169.879,2,0,0,0,0,,Carmen
DSCN9265,98,2,Playa Blanca,,arana,,,12,2021,dic-24,98.762,2,0,0,0,0,,Carmen
DSCN9266,98,3,Playa Blanca,,arana,,,12,2021,dic-24,143.388,4,0,0,0,0,,Carmen
DSCN9267,98,4,Playa Blanca,,arana,,,12,2021,dic-24,178.217,5,0,0,0,0,,Carmen
DSCN8561,95,0,Playa Blanca,,arana,,,3,2022,mar-24,NA,NA,NA,NA,NA,NA,ETIQUETA,Carmen
DSCN8562,95,1,Playa Blanca,,arana,,,3,2022,mar-24,224.515,5,0,1,0,0,,Carmen
DSCN8563,95,2,Playa Blanca,,arana,,,3,2022,mar-24,188.897,3,0,0,1,0,,Carmen
DSCN8564,95,3,Playa Blanca,,arana,,,3,2022,mar-24,127.023,3,0,0,0,0,,Carmen
DSCN8565,95,4,Playa Blanca,,arana,,,3,2022,mar-24,197.808,4,0,1,0,0,,Carmen
DSCN8566,95,5,Playa Blanca,,arana,,,3,2022,mar-24,178.713,4,0,1,0,0,,Carmen
DSCN8567,95,6,Playa Blanca,,arana,,,3,2022,mar-24,89.654,2,0,0,0,0,,Carmen
DSCN8568,95,7,Playa Blanca,,arana,,,3,2022,mar-24,454.835,11,0,0,1,0,,Carmen
DSCN8577,96,0,Playa Blanca,,arana,,,3,2022,mar-24,NA,NA,NA,NA,NA,NA,ETIQUETA,Carmen
DSCN8578,96,1,Playa Blanca,,arana,,,3,2022,mar-24,140.277,3,0,1,1,0,,Carmen
DSCN8579,96,2,Playa Blanca,,arana,,,3,2022,mar-24,236.591,4,0,0,0,0,,Carmen
DSCN8580,96,3,Playa Blanca,,arana,,,3,2022,mar-24,269.376,5,0,0,0,0,,Carmen
DSCN8581,96,4,Playa Blanca,,arana,,,3,2022,mar-24,143.765,4,0,1,0,0,,Carmen
DSCN8582,96,5,Playa Blanca,,arana,,,3,2022,mar-24,180.076,4,0,0,0,0,,Carmen
DSCN8583,96,6,Playa Blanca,,arana,,,3,2022,mar-24,169.356,3,0,1,0,0,,Carmen
DSCN8584,96,7,Playa Blanca,,arana,,,3,2022,mar-24,193.255,6,0,1,2,0,,Carmen
DSCN8553,97,0,Playa Blanca,,arana,,,3,2022,mar-24,NA,NA,NA,NA,NA,NA,ETIQUETA,Carmen
DSCN8554,97,1,Playa Blanca,,arana,,,3,2022,mar-24,97.567,4,0,1,0,0,,Carmen
DSCN8555,97,2,Playa Blanca,,arana,,,3,2022,mar-24,136.283,5,0,0,0,0,,Carmen
DSCN8556,97,3,Playa Blanca,,arana,,,3,2022,mar-24,158.179,4,0,0,1,0,,Carmen
DSCN8557,97,4,Playa Blanca,,arana,,,3,2022,mar-24,76.549,5,0,0,0,0,,Carmen
DSCN8558,97,5,Playa Blanca,,arana,,,3,2022,mar-24,79.606,2,0,1,1,0,,Carmen
DSCN8559,97,6,Playa Blanca,,arana,,,3,2022,mar-24,127.213,3,0,1,0,0,,Carmen
DSCN8560,97,7,Playa Blanca,,arana,,,3,2022,mar-24,494.714,9,0,0,0,0,,Carmen
DSCN8569,98,0,Playa Blanca,,arana,,,3,2022,mar-24,NA,NA,NA,NA,NA,NA,ETIQUETA,Carmen
DSCN8570,98,1,Playa Blanca,,arana,,,3,2022,mar-24,238.552,2,0,0,0,0,,Carmen
DSCN8571,98,2,Playa Blanca,,arana,,,3,2022,mar-24,134.632,2,0,0,0,0,,Carmen
DSCN8572,98,3,Playa Blanca,,arana,,,3,2022,mar-24,211.078,4,0,0,0,0,,Carmen
DSCN8573,98,4,Playa Blanca,,arana,,,3,2022,mar-24,316.514,5,0,1,0,0,,Carmen
DSCN8574,98,5,Playa Blanca,,arana,,,3,2022,mar-24,155.337,4,0,0,1,0,,Carmen
DSCN8575,98,6,Playa Blanca,,arana,,,3,2022,mar-24,227.089,0,0,0,1,0,,Carmen
DSCN8576,98,7,Playa Blanca,,arana,,,3,2022,mar-24,457.139,9,0,0,0,0,No se ha podido medir bien un coral porque estaba borroso,Carmen
DSCN9208,95,0,Playa Blanca,,arana,,,4,2022,abr-24,NA,NA,NA,NA,NA,NA,ETIQUETA,Carmen
DSCN9209,95,1,Playa Blanca,,arana,,,4,2022,abr-24,374.522,6,0,0,0,0,,Carmen
DSCN9210,95,2,Playa Blanca,,arana,,,4,2022,abr-24,120.308,2,0,0,0,0,,Carmen
DSCN9211,95,3,Playa Blanca,,arana,,,4,2022,abr-24,227.501,4,0,0,0,0,,Carmen
DSCN9212,95,4,Playa Blanca,,arana,,,4,2022,abr-24,277.092,4,0,1,0,0,,Carmen
DSCN9213,95,5,Playa Blanca,,arana,,,4,2022,abr-24,166.790,3,0,0,0,0,,Carmen
DSCN9214,95,6,Playa Blanca,,arana,,,4,2022,abr-24,321.829,4,0,1,1,0,,Carmen
DSCN9215,95,7,Playa Blanca,,arana,,,4,2022,abr-24,612.667,10,0,1,0,0,,Carmen
DSCN9200,96,0,Playa Blanca,,arana,,,4,2022,abr-24,NA,NA,NA,NA,NA,NA,ETIQUETA,Carmen
DSCN9201,96,1,Playa Blanca,,arana,,,4,2022,abr-24,161.253,3,0,1,0,0,,Carmen
DSCN9202,96,2,Playa Blanca,,arana,,,4,2022,abr-24,250.919,3,0,0,0,1,un coral parcialmente blanqueado,Carmen
DSCN9203,96,3,Playa Blanca,,arana,,,4,2022,abr-24,215.084,4,0,0,0,0,,Carmen
DSCN9204,96,4,Playa Blanca,,arana,,,4,2022,abr-24,204.340,4,0,0,0,0,,Carmen
DSCN9205,96,5,Playa Blanca,,arana,,,4,2022,abr-24,261.465,4,0,0,0,0,,Carmen
DSCN9206,96,6,Playa Blanca,,arana,,,4,2022,abr-24,212.402,4,0,0,0,0,,Carmen
DSCN9207,96,7,Playa Blanca,,arana,,,4,2022,abr-24,256.825,6,0,0,0,0,(había una fajita sin coral pero ya contabilicé su pérdida en los datos de la pasada gira),Carmen
DSCN9192,97,0,Playa Blanca,,arana,,,4,2022,abr-24,NA,NA,NA,NA,NA,NA,ETIQUETA,Carmen
DSCN9193,97,1,Playa Blanca,,arana,,,4,2022,abr-24,106.513,4,0,0,0,0,,Carmen
DSCN9194,97,2,Playa Blanca,,arana,,,4,2022,abr-24,131.999,3,0,0,0,0,(había una fajita sin coral pero ya contabilicé su pérdida en los datos de la pasada gira),Carmen
DSCN9195,97,3,Playa Blanca,,arana,,,4,2022,abr-24,105.447,2,0,1,0,0,(había una fajita sin coral pero ya contabilicé su pérdida en los datos de la pasada gira),Carmen
DSCN9196,97,4,Playa Blanca,,arana,,,4,2022,abr-24,135.394,5,0,0,0,0,,Carmen
DSCN9197,97,5,Playa Blanca,,arana,,,4,2022,abr-24,252.977,4,0,0,0,0,(había una fajita sin coral pero ya contabilicé su pérdida en los datos de la pasada gira),Carmen
DSCN9198,97,6,Playa Blanca,,arana,,,4,2022,abr-24,163.245,5,0,0,0,0,,Carmen
DSCN9199,97,7,Playa Blanca,,arana,,,4,2022,abr-24,487.515,9,0,0,0,0,,Carmen
DSCN9216,98,0,Playa Blanca,,arana,,,4,2022,abr-24,NA,NA,NA,NA,NA,NA,ETIQUETA,Carmen
DSCN9217,98,1,Playa Blanca,,arana,,,4,2022,abr-24,311.176,2,0,0,0,0,,Carmen
DSCN9218,98,2,Playa Blanca,,arana,,,4,2022,abr-24,304.441,5,0,0,0,0,,Carmen
DSCN9219,98,3,Playa Blanca,,arana,,,4,2022,abr-24,267.884,4,0,0,0,0,,Carmen
DSCN9220,98,4,Playa Blanca,,arana,,,4,2022,abr-24,"1,271.060",5,0,1,0,0,El contorno de un coral estça tapado por un pez,Carmen
DSCN9221,98,5,Playa Blanca,,arana,,,4,2022,abr-24,359.341,4,0,0,0,0,,Carmen
DSCN9222,98,6,Playa Blanca,,arana,,,4,2022,abr-24,121.558,2,0,0,0,0,,Carmen
DSCN9223,98,7,Playa Blanca,,arana,,,4,2022,abr-24,560.825,8,0,0,0,0,Dos corales de han fusionado,Carmen
DSCN0034,163,7,Playa Blanca,,arana,,,5,2022,may-24,112.867,3,0,1,0,0,,Shantall
DSCN9977,164,1,Playa Blanca,,arana,,,5,2022,may-24,88.505,4,0,0,0,0,,Shantall
DSCN9982,164,2,Playa Blanca,,arana,,,5,2022,may-24,45.261,2,0,0,0,0,,Shantall
DSCN9981,164,3,Playa Blanca,,arana,,,5,2022,may-24,0.000,1,1,0,0,0,,Shantall
DSCN9980,164,4,Playa Blanca,,arana,,,5,2022,may-24,22.459,1,0,1,0,0,,Shantall
DSCN9979,164,5,Playa Blanca,,arana,,,5,2022,may-24,83.656,4,0,2,0,0,,Shantall
DSCN9978,164,6,Playa Blanca,,arana,,,5,2022,may-24,194.235,3,0,0,0,0,,Shantall
DSCN9983,164,7,Playa Blanca,,arana,,,5,2022,may-24,190.839,5,0,0,2,0,,Shantall
DSCN0045,165,1,Playa Blanca,,arana,,,5,2022,may-24,164.705,3,0,1,0,0,,Shantall
DSCN0050,165,2,Playa Blanca,,arana,,,5,2022,may-24,317.975,2,0,0,1,0,,Shantall
DSCN0049,165,3,Playa Blanca,,arana,,,5,2022,may-24,37.971,2,0,0,0,0,,Shantall
DSCN0048,165,4,Playa Blanca,,arana,,,5,2022,may-24,72.200,1,0,0,0,0,,Shantall
DSCN0047,165,5,Playa Blanca,,arana,,,5,2022,may-24,220.791,3,0,0,2,0,,Shantall
DSCN0046,165,6,Playa Blanca,,arana,,,5,2022,may-24,246.622,5,0,0,0,0,,Shantall
DSCN0051,165,7,Playa Blanca,,arana,,,5,2022,may-24,75.049,2,0,0,1,0,,Shantall
DSCN0036,166,1,Playa Blanca,,arana,,,5,2022,may-24,286.952,4,0,0,0,0,,Shantall
DSCN0042,166,2,Playa Blanca,,arana,,,5,2022,may-24,37.301,3,0,2,0,0,,Shantall
DSCN0040,166,3,Playa Blanca,,arana,,,5,2022,may-24,197.318,3,0,0,0,0,no hay mucha claridad,Shantall
DSCN0039,166,4,Playa Blanca,,arana,,,5,2022,may-24,190.851,4,0,0,0,0,,Shantall
DSCN0038,166,5,Playa Blanca,,arana,,,5,2022,may-24,153.794,2,0,0,0,0,,Shantall
DSCN0037,166,6,Playa Blanca,,arana,,,5,2022,may-24,211.597,2,0,0,0,0,,Shantall
DSCN0043,166,7,Playa Blanca,,arana,,,5,2022,may-24,224.418,2,0,0,0,0,,Shantall
DSCN9961,16,1,Playa Blanca,,arana,,,5,2022,may-24,326.882,2,0,0,0,0,,Tania
DSCN9962,16,2,Playa Blanca,,arana,,,5,2022,may-24,584.953,4,0,0,0,0,,Tania
DSCN9963,16,3,Playa Blanca,,arana,,,5,2022,may-24,594.063,4,0,0,0,0,,Tania
DSCN9964,16,4,Playa Blanca,,arana,,,5,2022,may-24,509.112,4,0,0,0,0,,Tania
DSCN9965,16,5,Playa Blanca,,arana,,,5,2022,may-24,386.827,5,0,0,0,0,,Tania
DSCN9966,16,6,Playa Blanca,,arana,,,5,2022,may-24,266.994,3,0,0,0,0,,Tania
DSCN9967,16,7,Playa Blanca,,arana,,,5,2022,may-24,"1,126.430",4,0,0,0,0,,Tania
DSCN0567,103,0,Playa Blanca,,arana,,,6,2022,jun-24,NA,NA,NA,NA,NA,NA,etiqueta arana,David
DSCN0568,103,1,Playa Blanca,,arana,,,6,2022,jun-24,295.144,6,0,1,0,0,,David
DSCN0569,103,2,Playa Blanca,,arana,,,6,2022,jun-24,331.782,3,0,0,2,0,,David
DSCN0570,103,3,Playa Blanca,,arana,,,6,2022,jun-24,107.814,1,0,0,2,0,,David
DSCN0571,103,4,Playa Blanca,,arana,,,6,2022,jun-24,199.562,3,0,0,2,0,,David
DSCN0572,103,5,Playa Blanca,,arana,,,6,2022,jun-24,584.536,7,0,0,1,0,,David
DSCN0573,103,6,Playa Blanca,,arana,,,6,2022,jun-24,75.288,1,0,0,0,0,,David
DSCN0574,103,7,Playa Blanca,,arana,,,6,2022,jun-24,653.143,6,0,0,4,0,,David
DSCN0535,18,0,Playa Blanca,,arana,,,6,2022,jun-24,NA,NA,NA,NA,NA,NA,etiqueta arana,David
DSCN0536,18,1,Playa Blanca,,arana,,,6,2022,jun-24,671.768,9,0,0,0,0,,David
DSCN0537,18,2,Playa Blanca,,arana,,,6,2022,jun-24,866.839,9,0,0,0,0,,David
DSCN0538,18,3,Playa Blanca,,arana,,,6,2022,jun-24,485.419,7,0,0,0,0,,David
DSCN0539,18,4,Playa Blanca,,arana,,,6,2022,jun-24,469.341,8,0,0,0,0,,David
DSCN0540,18,5,Playa Blanca,,arana,,,6,2022,jun-24,581.682,9,0,0,0,0,,David
DSCN0541,18,6,Playa Blanca,,arana,,,6,2022,jun-24,510.195,8,0,0,0,0,,David
DSCN0542,18,7,Playa Blanca,,arana,,,6,2022,jun-24,"1,516.230",17,0,0,0,0,,David
DSCN0543,104,0,Playa Blanca,,arana,,,6,2022,jun-24,NA,NA,NA,NA,NA,NA,etiqueta arana,David
DSCN0544,104,1,Playa Blanca,,arana,,,6,2022,jun-24,527.533,6,0,1,0,0,,David
DSCN0545,104,2,Playa Blanca,,arana,,,6,2022,jun-24,207.833,4,0,0,0,0,,David
DSCN0546,104,3,Playa Blanca,,arana,,,6,2022,jun-24,355.948,6,0,0,0,0,,David
DSCN0547,104,4,Playa Blanca,,arana,,,6,2022,jun-24,244.310,5,0,0,0,0,,David
DSCN0548,104,5,Playa Blanca,,arana,,,6,2022,jun-24,568.304,6,0,0,0,0,,David
DSCN0549,104,6,Playa Blanca,,arana,,,6,2022,jun-24,344.827,4,1,0,0,0,,David
DSCN0550,104,7,Playa Blanca,,arana,,,6,2022,jun-24,"1,301.350",19,0,0,0,0,,David
DSCN0526,173,0,Playa Blanca,,arana,,,6,2022,jun-24,NA,NA,NA,NA,NA,NA,etiqueta arana,David
DSCN0526,173,1,Playa Blanca,,arana,,,6,2022,jun-24,530.378,6,0,0,0,0,,David
DSCN0527,173,2,Playa Blanca,,arana,,,6,2022,jun-24,322.884,6,0,0,0,0,,David
DSCN0528,173,3,Playa Blanca,,arana,,,6,2022,jun-24,413.695,5,0,0,0,0,,David
DSCN0529,173,4,Playa Blanca,,arana,,,6,2022,jun-24,540.346,6,0,0,0,0,,David
DSCN0530,173,5,Playa Blanca,,arana,,,6,2022,jun-24,301.299,4,0,0,0,0,,David
DSCN0531,173,6,Playa Blanca,,arana,,,6,2022,jun-24,459.979,6,0,0,0,0,,David
DSCN0532,173,7,Playa Blanca,,arana,,,6,2022,jun-24,986.834,18,0,1,0,0,,David
DSCN0517,109,0,Playa Blanca,,arana,,,6,2022,jun-24,NA,NA,NA,NA,NA,NA,etiqueta arana,David
DSCN0518,109,1,Playa Blanca,,arana,,,6,2022,jun-24,234.746,4,0,0,0,0,,David
DSCN0519,109,2,Playa Blanca,,arana,,,6,2022,jun-24,544.273,6,0,0,0,0,,David
DSCN0520,109,3,Playa Blanca,,arana,,,6,2022,jun-24,372.546,4,0,0,0,0,,David
DSCN0521,109,4,Playa Blanca,,arana,,,6,2022,jun-24,699.893,6,0,0,0,0,,David
DSCN0522,109,5,Playa Blanca,,arana,,,6,2022,jun-24,301.731,4,0,0,0,0,,David
DSCN0523,109,6,Playa Blanca,,arana,,,6,2022,jun-24,173.296,3,0,0,0,0,,David
DSCN0524,109,7,Playa Blanca,,arana,,,6,2022,jun-24,"1,561.440",15,0,0,0,0,,David
DSCN0552,20,0,Playa Blanca,,arana,,,6,2022,jun-24,NA,NA,NA,NA,NA,NA,etiqueta arana,David
DSCN0552,20,1,Playa Blanca,,arana,,,6,2022,jun-24,352.937,7,0,0,0,0,,David
DSCN0553,20,2,Playa Blanca,,arana,,,6,2022,jun-24,414.008,6,0,0,0,1,,David
DSCN0554,20,3,Playa Blanca,,arana,,,6,2022,jun-24,496.069,5,0,0,0,0,,David
DSCN0555,20,4,Playa Blanca,,arana,,,6,2022,jun-24,436.043,5,0,0,0,0,,David
DSCN0556,20,5,Playa Blanca,,arana,,,6,2022,jun-24,834.201,8,0,0,0,0,,David
DSCN0557,20,6,Playa Blanca,,arana,,,6,2022,jun-24,500.515,7,0,1,0,0,,David
DSCN0558,20,7,Playa Blanca,,arana,,,6,2022,jun-24,"1,368.290",15,0,1,0,0,,David
DSCN1279,165,6,Playa Blanca,,arana,,,7,2022,jul-24,230.468,4,0,0,0,0,se perdio uno y se anadio otro,Shantall
DSCN1280,165,7,Playa Blanca,,arana,,,7,2022,jul-24,145.771,9,0,0,0,0,,Shantall
DSCN1282,166,1,Playa Blanca,,arana,,,7,2022,jul-24,229.063,4,0,2,0,0,,Shantall
DSCN1283,166,2,Playa Blanca,,arana,,,7,2022,jul-24,56.314,3,0,0,1,0,,Shantall
DSCN1284,166,3,Playa Blanca,,arana,,,7,2022,jul-24,287.397,7,0,0,0,0,,Shantall
DSCN1285,166,4,Playa Blanca,,arana,,,7,2022,jul-24,269.567,5,0,1,0,0,,Shantall
DSCN1286,166,5,Playa Blanca,,arana,,,7,2022,jul-24,172.623,4,0,0,0,0,2 tienen una parte que no se ve,Shantall
DSCN1287,166,6,Playa Blanca,,arana,,,7,2022,jul-24,257.328,4,0,0,0,0,,Shantall
DSCN1288,166,7,Playa Blanca,,arana,,,7,2022,jul-24,287.283,8,0,0,0,0,,Shantall
DSCN1156,103,0,Playa Blanca,,arana,,,7,2022,jul-24,NA,NA,NA,NA,NA,NA,etiqueta arana,David
DSCN1157,103,1,Playa Blanca,,arana,,,7,2022,jul-24,440.572,5,0,0,1,0,,David
DSCN1158,103,2,Playa Blanca,,arana,,,7,2022,jul-24,404.777,3,0,0,0,0,,David
DSCN1159,103,3,Playa Blanca,,arana,,,7,2022,jul-24,146.429,1,0,0,0,0,,David
DSCN1160,103,4,Playa Blanca,,arana,,,7,2022,jul-24,233.162,3,0,0,0,0,,David
DSCN1161,103,5,Playa Blanca,,arana,,,7,2022,jul-24,497.963,6,0,0,1,0,,David
DSCN1162,103,6,Playa Blanca,,arana,,,7,2022,jul-24,NA,NA,NA,NA,NA,NA,repetida,David
DSCN1163,103,7,Playa Blanca,,arana,,,7,2022,jul-24,151.420,3,0,0,0,0,,David
DSCN1164,103,8,Playa Blanca,,arana,,,7,2022,jul-24,"1,199.860",8,0,0,0,0,,David
DSCN1131,18,0,Playa Blanca,,arana,,,7,2022,jul-24,NA,NA,NA,NA,NA,NA,etiqueta arana,David
DSCN1132,18,1,Playa Blanca,,arana,,,7,2022,jul-24,681.348,8,0,0,0,0,,David
DSCN1133,18,2,Playa Blanca,,arana,,,7,2022,jul-24,819.415,9,0,0,0,0,,David
DSCN1134,18,3,Playa Blanca,,arana,,,7,2022,jul-24,649.661,9,0,0,0,0,,David
DSCN1135,18,4,Playa Blanca,,arana,,,7,2022,jul-24,333.719,8,0,0,0,0,,David
DSCN1136,18,5,Playa Blanca,,arana,,,7,2022,jul-24,613.296,9,0,0,0,0,,David
DSCN1137,18,6,Playa Blanca,,arana,,,7,2022,jul-24,632.283,8,0,0,0,0,,David
DSCN1138,18,7,Playa Blanca,,arana,,,7,2022,jul-24,"1,856.760",15,0,0,0,0,,David
DSCN1139,104,0,Playa Blanca,,arana,,,7,2022,jul-24,NA,NA,NA,NA,NA,NA,etiqueta arana,David
DSCN1140,104,1,Playa Blanca,,arana,,,7,2022,jul-24,625.364,6,0,1,0,0,,David
DSCN1141,104,2,Playa Blanca,,arana,,,7,2022,jul-24,248.051,3,0,0,0,0,,David
DSCN1142,104,3,Playa Blanca,,arana,,,7,2022,jul-24,386.425,5,0,1,0,0,,David
DSCN1143,104,4,Playa Blanca,,arana,,,7,2022,jul-24,315.800,4,0,0,0,0,,David
DSCN1144,104,5,Playa Blanca,,arana,,,7,2022,jul-24,785.556,6,0,0,0,0,,David
DSCN1145,104,6,Playa Blanca,,arana,,,7,2022,jul-24,364.716,4,0,0,0,0,,David
DSCN1146,104,7,Playa Blanca,,arana,,,7,2022,jul-24,"1,513.400",15,0,0,0,0,,David
DSCN1121,173,0,Playa Blanca,,arana,,,7,2022,jul-24,NA,NA,NA,NA,NA,NA,etiqueta arana,David
DSCN1122,173,1,Playa Blanca,,arana,,,7,2022,jul-24,378.550,5,0,0,0,0,,David
DSCN1123,173,2,Playa Blanca,,arana,,,7,2022,jul-24,655.402,6,0,0,0,0,,David
DSCN1124,173,3,Playa Blanca,,arana,,,7,2022,jul-24,372.994,6,0,1,0,0,,David
DSCN1125,173,4,Playa Blanca,,arana,,,7,2022,jul-24,449.148,5,0,0,0,0,,David
DSCN1126,173,5,Playa Blanca,,arana,,,7,2022,jul-24,634.402,6,0,0,0,0,,David
DSCN1127,173,6,Playa Blanca,,arana,,,7,2022,jul-24,215.595,3,0,0,0,0,,David
DSCN1128,173,7,Playa Blanca,,arana,,,7,2022,jul-24,"1,688.200",17,0,0,0,0,,David
DSCN1113,109,0,Playa Blanca,,arana,,,7,2022,jul-24,NA,NA,NA,NA,NA,NA,etiqueta arana,David
DSCN1114,109,1,Playa Blanca,,arana,,,7,2022,jul-24,256.962,3,0,0,0,0,,David
DSCN1115,109,2,Playa Blanca,,arana,,,7,2022,jul-24,643.981,6,0,0,0,0,,David
DSCN1116,109,3,Playa Blanca,,arana,,,7,2022,jul-24,369.698,4,0,0,0,0,,David
DSCN1117,109,4,Playa Blanca,,arana,,,7,2022,jul-24,570.344,5,0,0,0,0,,David
DSCN1118,109,5,Playa Blanca,,arana,,,7,2022,jul-24,308.527,3,0,0,0,0,,David
DSCN1119,109,6,Playa Blanca,,arana,,,7,2022,jul-24,153.642,3,0,0,0,0,,David
DSCN1120,109,7,Playa Blanca,,arana,,,7,2022,jul-24,"1,942.670",13,0,0,1,0,,David
DSCN1147,20,0,Playa Blanca,,arana,,,7,2022,jul-24,NA,NA,NA,NA,NA,NA,etiqueta arana,David
DSCN1148,20,1,Playa Blanca,,arana,,,7,2022,jul-24,479.475,6,0,2,0,0,,David
DSCN1149,20,2,Playa Blanca,,arana,,,7,2022,jul-24,348.760,6,0,1,0,0,,David
DSCN1150,20,3,Playa Blanca,,arana,,,7,2022,jul-24,393.630,4,0,0,0,0,,David
DSCN1151,20,4,Playa Blanca,,arana,,,7,2022,jul-24,534.444,7,0,2,0,0,,David
DSCN1152,20,5,Playa Blanca,,arana,,,7,2022,jul-24,666.481,7,0,0,0,0,,David
DSCN1153,20,6,Playa Blanca,,arana,,,7,2022,jul-24,412.897,6,0,0,0,0,,David
DSCN1154,20,7,Playa Blanca,,arana,,,7,2022,jul-24,NA,NA,NA,NA,NA,NA,repetida,David
DSCN1155,20,8,Playa Blanca,,arana,,,7,2022,jul-24,"1,313.320",10,0,0,0,0,,David
DSCN0576,16,1,Playa Blanca,,arana,,,6,2022,jun-24,341.161,2,0,0,0,0,,Tania
DSCN0577,16,2,Playa Blanca,,arana,,,6,2022,jun-24,260.352,3,0,0,2,0,,Tania
DSCN0578,16,3,Playa Blanca,,arana,,,6,2022,jun-24,320.195,7,0,0,0,0,,Tania
DSCN0579,16,4,Playa Blanca,,arana,,,6,2022,jun-24,403.248,4,0,0,0,1,,Tania
DSCN0580,16,5,Playa Blanca,,arana,,,6,2022,jun-24,373.740,5,0,0,0,0,,Tania
DSCN0581,16,6,Playa Blanca,,arana,,,6,2022,jun-24,460.955,4,0,0,0,2,,Tania
DSCN0582,16,7,Playa Blanca,,arana,,,6,2022,jun-24,"1,154.940",6,0,0,0,0,"Había un fragmento muy grande, no se puede diferenciar si son más de un coral",Tania
DSCN1166,16,1,Playa Blanca,,arana,,,7,2022,jul-24,342.534,2,0,0,0,0,,Tania
DSCN1167,16,2,Playa Blanca,,arana,,,7,2022,jul-24,209.644,3,0,0,1,0,,Tania
DSCN1168,16,3,Playa Blanca,,arana,,,7,2022,jul-24,472.361,6,0,0,0,0,,Tania
DSCN1169,16,4,Playa Blanca,,arana,,,7,2022,jul-24,321.958,3,0,0,0,0,,Tania
DSCN1170,16,5,Playa Blanca,,arana,,,7,2022,jul-24,420.266,6,0,0,0,0,,Tania
DSCN1171,16,6,Playa Blanca,,arana,,,7,2022,jul-24,418.463,4,0,0,0,0,,Tania
DSCN1172,16,7,Playa Blanca,,arana,,,7,2022,jul-24,"1,144.530",6,0,0,0,0,"Había un fragmento muy grande, no se puede diferenciar si son más de un coral",Tania
DSCN8134,16,1,Playa Blanca,,arana,,,8,2022,ago-24,445.556,3,0,0,1,0,,Tania
DSCN8135,16,2,Playa Blanca,,arana,,,8,2022,ago-24,536.636,4,0,0,1,0,,Tania
DSCN8136,16,3,Playa Blanca,,arana,,,8,2022,ago-24,472.020,6,0,1,0,0,,Tania
DSCN8137,16,4,Playa Blanca,,arana,,,8,2022,ago-24,428.553,3,0,0,0,0,,Tania
DSCN8138,16,5,Playa Blanca,,arana,,,8,2022,ago-24,413.066,5,0,1,2,0,,Tania
DSCN8139,16,6,Playa Blanca,,arana,,,8,2022,ago-24,208.333,2,0,0,0,0,,Tania
DSCN8140,16,7,Playa Blanca,,arana,,,8,2022,ago-24,"1,255.710",6,0,0,0,0,,Tania
DSCN8125,103,0,Playa Blanca,,arana,,,8,2022,ago-24,NA,NA,NA,NA,NA,NA,etiqueta arana,David
DSCN8126,103,1,Playa Blanca,,arana,,,8,2022,ago-24,484.979,5,0,0,1,0,,David
DSCN8127,103,2,Playa Blanca,,arana,,,8,2022,ago-24,274.882,3,0,0,0,0,,David
DSCN8128,103,3,Playa Blanca,,arana,,,8,2022,ago-24,645.310,6,0,0,1,0,,David
DSCN8129,103,4,Playa Blanca,,arana,,,8,2022,ago-24,204.639,2,0,0,0,0,,David
DSCN8130,103,5,Playa Blanca,,arana,,,8,2022,ago-24,230.228,3,0,1,1,0,,David
DSCN8131,103,6,Playa Blanca,,arana,,,8,2022,ago-24,284.248,2,0,0,2,0,,David
DSCN8132,103,7,Playa Blanca,,arana,,,8,2022,ago-24,895.023,9,0,0,2,0,,David
DSCN8164,18,0,Playa Blanca,,arana,,,8,2022,ago-24,NA,NA,NA,NA,NA,NA,etiqueta arana,David
DSCN8165,18,1,Playa Blanca,,arana,,,8,2022,ago-24,554.521,7,0,0,0,0,,David
DSCN8166,18,2,Playa Blanca,,arana,,,8,2022,ago-24,630.080,6,0,0,0,0,,David
DSCN8167,18,3,Playa Blanca,,arana,,,8,2022,ago-24,533.947,6,0,0,0,0,,David
DSCN8168,18,4,Playa Blanca,,arana,,,8,2022,ago-24,565.888,8,0,1,0,0,,David
DSCN8169,18,5,Playa Blanca,,arana,,,8,2022,ago-24,606.225,7,0,0,0,0,,David
DSCN8170,18,6,Playa Blanca,,arana,,,8,2022,ago-24,888.617,12,0,0,0,0,,David
DSCN8171,18,7,Playa Blanca,,arana,,,8,2022,ago-24,"1,810.630",17,0,0,0,0,,David
DSCN8173,104,0,Playa Blanca,,arana,,,8,2022,ago-24,NA,NA,NA,NA,NA,NA,etiqueta arana,David
DSCN8174,104,1,Playa Blanca,,arana,,,8,2022,ago-24,605.361,6,0,1,0,0,,David
DSCN8175,104,2,Playa Blanca,,arana,,,8,2022,ago-24,291.254,4,0,0,0,0,,David
DSCN8176,104,3,Playa Blanca,,arana,,,8,2022,ago-24,609.355,6,0,0,0,0,,David
DSCN8177,104,4,Playa Blanca,,arana,,,8,2022,ago-24,292.733,4,0,1,0,0,,David
DSCN8178,104,5,Playa Blanca,,arana,,,8,2022,ago-24,393.681,6,0,2,0,0,,David
DSCN8179,104,6,Playa Blanca,,arana,,,8,2022,ago-24,346.147,4,0,0,0,0,,David
DSCN8180,104,7,Playa Blanca,,arana,,,8,2022,ago-24,"1,641.750",18,0,0,0,0,,David
DSCN8197,173,0,Playa Blanca,,arana,,,8,2022,ago-24,NA,NA,NA,NA,NA,NA,etiqueta arana,David
DSCN8198,173,1,Playa Blanca,,arana,,,8,2022,ago-24,540.981,6,0,0,0,0,,David
DSCN8199,173,2,Playa Blanca,,arana,,,8,2022,ago-24,170.012,3,0,1,0,0,,David
DSCN8200,173,3,Playa Blanca,,arana,,,8,2022,ago-24,607.528,6,0,0,0,0,,David
DSCN8201,173,4,Playa Blanca,,arana,,,8,2022,ago-24,487.817,5,0,0,0,0,,David
DSCN8202,173,5,Playa Blanca,,arana,,,8,2022,ago-24,504.583,6,0,1,0,0,,David
DSCN8203,173,6,Playa Blanca,,arana,,,8,2022,ago-24,679.278,6,0,0,0,0,,David
DSCN8204,173,7,Playa Blanca,,arana,,,8,2022,ago-24,"2,054.720",17,0,0,0,1,,David
DSCN8125,109,0,Playa Blanca,,arana,,,8,2022,ago-24,NA,NA,NA,NA,NA,NA,etiqueta arana,David
DSCN8126,109,1,Playa Blanca,,arana,,,8,2022,ago-24,411.503,4,0,0,1,0,,David
DSCN8127,109,2,Playa Blanca,,arana,,,8,2022,ago-24,267.922,3,0,0,0,0,,David
DSCN8128,109,3,Playa Blanca,,arana,,,8,2022,ago-24,616.992,5,0,0,1,0,,David
DSCN8129,109,4,Playa Blanca,,arana,,,8,2022,ago-24,217.762,2,0,0,0,0,,David
DSCN8130,109,5,Playa Blanca,,arana,,,8,2022,ago-24,249.103,2,0,1,1,0,,David
DSCN8131,109,6,Playa Blanca,,arana,,,8,2022,ago-24,277.201,2,0,0,2,0,,David
DSCN8132,109,7,Playa Blanca,,arana,,,8,2022,ago-24,912.127,2,0,0,1,0,,David
DSCN8181,20,0,Playa Blanca,,arana,,,8,2022,ago-24,NA,NA,NA,NA,NA,NA,etiqueta arana,David
DSCN8182,20,1,Playa Blanca,,arana,,,8,2022,ago-24,574.065,7,0,1,0,0,,David
DSCN8183,20,2,Playa Blanca,,arana,,,8,2022,ago-24,581.727,7,0,1,0,0,,David
DSCN8184,20,3,Playa Blanca,,arana,,,8,2022,ago-24,774.921,6,0,0,0,0,,David
DSCN8185,20,4,Playa Blanca,,arana,,,8,2022,ago-24,578.573,6,0,0,0,0,,David
DSCN8186,20,5,Playa Blanca,,arana,,,8,2022,ago-24,636.665,5,0,0,0,0,,David
DSCN8187,20,6,Playa Blanca,,arana,,,8,2022,ago-24,321.478,6,0,1,0,0,,David
DSCN8188,20,7,Playa Blanca,,arana,,,8,2022,ago-24,"1,626.630",11,0,0,1,0,,David
DSCN8979,16,1,Playa Blanca,,arana,,,9,2022,sep-24,371.188,2,0,0,0,0,,Tania
DSCN8980,16,2,Playa Blanca,,arana,,,9,2022,sep-24,473.392,4,0,0,0,0,,Tania
DSCN8981,16,3,Playa Blanca,,arana,,,9,2022,sep-24,355.326,6,0,3,0,0,,Tania
DSCN8982,16,4,Playa Blanca,,arana,,,9,2022,sep-24,376.800,3,0,0,0,0,,Tania
DSCN8983,16,5,Playa Blanca,,arana,,,9,2022,sep-24,385.933,5,0,1,0,0,,Tania
DSCN8984,16,6,Playa Blanca,,arana,,,9,2022,sep-24,194.971,2,0,0,2,0,,Tania
DSCN8985,16,7,Playa Blanca,,arana,,,9,2022,sep-24,"1,536.280",5,0,1,0,0,,Tania
DSCN8087,163,1,Playa Blanca,,arana,,,8,2022,ago-24,145.660,5,0,0,0,0,,Shantall
DSCN8092,163,2,Playa Blanca,,arana,,,8,2022,ago-24,141.708,4,0,0,0,0,,Shantall
DSCN8091,163,3,Playa Blanca,,arana,,,8,2022,ago-24,75.981,4,0,0,0,0,,Shantall
DSCN8090,163,4,Playa Blanca,,arana,,,8,2022,ago-24,70.389,4,0,0,0,0,,Shantall
DSCN8089,163,5,Playa Blanca,,arana,,,8,2022,ago-24,88.137,4,0,1,0,0,,Shantall
DSCN8088,163,6,Playa Blanca,,arana,,,8,2022,ago-24,89.550,3,0,0,0,0,"1 no se ve bien, no pude medir todo",Shantall
DSCN8093,163,7,Playa Blanca,,arana,,,8,2022,ago-24,255.212,9,0,0,1,0,,Shantall
DSCN8150,164,1,Playa Blanca,,arana,,,8,2022,ago-24,133.944,5,0,0,0,0,,Shantall
DSCN8155,164,2,Playa Blanca,,arana,,,8,2022,ago-24,87.740,3,0,0,0,0,,Shantall
DSCN8154,164,3,Playa Blanca,,arana,,,8,2022,ago-24,47.541,3,0,0,1,0,,Shantall
DSCN8153,164,4,Playa Blanca,,arana,,,8,2022,ago-24,36.650,3,0,0,1,0,,Shantall
DSCN8152,164,5,Playa Blanca,,arana,,,8,2022,ago-24,80.162,5,0,1,0,0,,Shantall
DSCN8151,164,6,Playa Blanca,,arana,,,8,2022,ago-24,281.179,4,0,0,0,0,,Shantall
DSCN8156,164,7,Playa Blanca,,arana,,,8,2022,ago-24,220.020,9,0,0,0,0,,Shantall
DSCN8021,165,1,Playa Blanca,,arana,,,8,2022,ago-24,122.710,3,0,0,0,0,,Shantall
DSCN8026,165,2,Playa Blanca,,arana,,,8,2022,ago-24,153.949,5,0,1,0,0,,Shantall
DSCN8025,165,3,Playa Blanca,,arana,,,8,2022,ago-24,90.456,3,0,0,0,0,,Shantall
DSCN8024,165,4,Playa Blanca,,arana,,,8,2022,ago-24,121.228,3,0,0,0,0,,Shantall
DSCN8023,165,5,Playa Blanca,,arana,,,8,2022,ago-24,250.537,6,0,0,0,0,,Shantall
DSCN8022,165,6,Playa Blanca,,arana,,,8,2022,ago-24,253.139,4,0,0,0,0,,Shantall
DSCN8027,165,7,Playa Blanca,,arana,,,8,2022,ago-24,162.842,8,0,0,1,0,,Shantall
DSCN8079,166,1,Playa Blanca,,arana,,,8,2022,ago-24,266.086,4,0,0,0,0,,Shantall
DSCN8084,166,2,Playa Blanca,,arana,,,8,2022,ago-24,50.741,2,0,0,1,0,,Shantall
DSCN8083,166,3,Playa Blanca,,arana,,,8,2022,ago-24,292.254,7,0,0,0,0,,Shantall
DSCN8082,166,4,Playa Blanca,,arana,,,8,2022,ago-24,270.567,5,0,1,0,0,,Shantall
DSCN8081,166,5,Playa Blanca,,arana,,,8,2022,ago-24,168.557,3,0,0,1,0,,Shantall
DSCN8080,166,6,Playa Blanca,,arana,,,8,2022,ago-24,252.508,4,0,1,0,0,,Shantall
DSCN8085,166,7,Playa Blanca,,arana,,,8,2022,ago-24,285.778,7,0,0,1,0,,Shantall
DSCN8986,103,0,Playa Blanca,,arana,,,9,2022,sep-24,NA,NA,NA,NA,NA,NA,etiqueta arana,David
DSCN8987,103,1,Playa Blanca,,arana,,,9,2022,sep-24,543.088,5,0,0,1,0,,David
DSCN8988,103,2,Playa Blanca,,arana,,,9,2022,sep-24,246.788,3,0,0,0,0,,David
DSCN8989,103,3,Playa Blanca,,arana,,,9,2022,sep-24,664.145,5,0,0,1,0,,David
DSCN8990,103,4,Playa Blanca,,arana,,,9,2022,sep-24,195.727,2,0,0,0,0,,David
DSCN8991,103,5,Playa Blanca,,arana,,,9,2022,sep-24,222.973,3,0,0,2,0,,David
DSCN8992,103,6,Playa Blanca,,arana,,,9,2022,sep-24,249.847,2,0,0,1,0,,David
DSCN8993,103,7,Playa Blanca,,arana,,,9,2022,sep-24,975.958,10,0,0,0,0,mala visibildad,David
DSCN8954,18,0,Playa Blanca,,arana,,,9,2022,sep-24,NA,NA,NA,NA,NA,NA,etiqueta arana,David
DSCN8955,18,1,Playa Blanca,,arana,,,9,2022,sep-24,602.990,7,0,0,0,0,,David
DSCN8956,18,2,Playa Blanca,,arana,,,9,2022,sep-24,750.775,6,0,0,0,0,,David
DSCN8957,18,3,Playa Blanca,,arana,,,9,2022,sep-24,742.698,8,0,0,0,0,,David
DSCN8958,18,4,Playa Blanca,,arana,,,9,2022,sep-24,562.770,8,0,1,0,0,,David
DSCN8959,18,5,Playa Blanca,,arana,,,9,2022,sep-24,623.036,8,0,0,0,0,,David
DSCN8960,18,6,Playa Blanca,,arana,,,9,2022,sep-24,"1,033.190",10,0,0,0,0,,David
DSCN8961,18,7,Playa Blanca,,arana,,,9,2022,sep-24,"1,732.510",14,0,0,0,0,,David
DSCN8946,104,0,Playa Blanca,,arana,,,9,2022,sep-24,NA,NA,NA,NA,NA,NA,etiqueta arana,David
DSCN8947,104,1,Playa Blanca,,arana,,,9,2022,sep-24,624.803,6,0,0,0,0,,David
DSCN8948,104,2,Playa Blanca,,arana,,,9,2022,sep-24,210.545,2,0,0,0,0,,David
DSCN8949,104,3,Playa Blanca,,arana,,,9,2022,sep-24,758.474,6,0,0,0,0,,David
DSCN8950,104,4,Playa Blanca,,arana,,,9,2022,sep-24,269.889,4,0,1,0,0,,David
DSCN8951,104,5,Playa Blanca,,arana,,,9,2022,sep-24,296.963,5,0,2,0,0,,David
DSCN8952,104,6,Playa Blanca,,arana,,,9,2022,sep-24,296.305,4,0,0,0,0,,David
DSCN8953,104,7,Playa Blanca,,arana,,,9,2022,sep-24,"1,155.850",18,0,0,0,0,,David
DSCN8914,173,0,Playa Blanca,,arana,,,9,2022,sep-24,NA,NA,NA,NA,NA,NA,etiqueta arana,David
DSCN8915,173,1,Playa Blanca,,arana,,,9,2022,sep-24,464.336,5,0,0,0,0,,David
DSCN8916,173,2,Playa Blanca,,arana,,,9,2022,sep-24,224.399,3,0,0,1,0,,David
DSCN8917,173,3,Playa Blanca,,arana,,,9,2022,sep-24,648.832,6,0,0,0,0,,David
DSCN8918,173,4,Playa Blanca,,arana,,,9,2022,sep-24,554.765,5,0,0,1,0,,David
DSCN8919,173,5,Playa Blanca,,arana,,,9,2022,sep-24,480.680,5,0,0,0,0,,David
DSCN8920,173,6,Playa Blanca,,arana,,,9,2022,sep-24,765.782,6,0,0,0,0,,David
DSCN8921,173,7,Playa Blanca,,arana,,,9,2022,sep-24,"1,875.440",14,0,1,0,0,,David
DSCN8922,109,0,Playa Blanca,,arana,,,9,2022,sep-24,NA,NA,NA,NA,NA,NA,etiqueta arana,David
DSCN8923,109,1,Playa Blanca,,arana,,,9,2022,sep-24,217.878,3,0,0,2,0,mala visibilidad,David
DSCN8924,109,2,Playa Blanca,,arana,,,9,2022,sep-24,192.010,3,0,0,2,0,,David
DSCN8925,109,3,Playa Blanca,,arana,,,9,2022,sep-24,448.762,4,0,0,0,0,,David
DSCN8926,109,4,Playa Blanca,,arana,,,9,2022,sep-24,684.956,6,0,0,0,0,,David
DSCN8927,109,5,Playa Blanca,,arana,,,9,2022,sep-24,439.587,4,0,1,0,0,,David
DSCN8928,109,6,Playa Blanca,,arana,,,9,2022,sep-24,741.313,6,0,1,0,0,,David
DSCN8929,109,7,Playa Blanca,,arana,,,9,2022,sep-24,"1,674.750",15,0,0,0,0,,David
DSCN8938,20,0,Playa Blanca,,arana,,,9,2022,sep-24,NA,NA,NA,NA,NA,NA,etiqueta arana,David
DSCN8939,20,1,Playa Blanca,,arana,,,9,2022,sep-24,243.548,3,0,0,0,0,,David
DSCN8940,20,2,Playa Blanca,,arana,,,9,2022,sep-24,498.188,7,0,0,0,0,,David
DSCN8941,20,3,Playa Blanca,,arana,,,9,2022,sep-24,787.606,8,0,1,0,0,,David
DSCN8942,20,4,Playa Blanca,,arana,,,9,2022,sep-24,500.865,7,0,1,0,0,,David
DSCN8943,20,5,Playa Blanca,,arana,,,9,2022,sep-24,565.527,5,0,0,0,0,,David
DSCN8944,20,6,Playa Blanca,,arana,,,9,2022,sep-24,537.020,8,0,1,0,0,,David
DSCN8945,20,7,Playa Blanca,,arana,,,9,2022,sep-24,"1,815.840",15,0,1,0,0,,David
DSCN9019,163,1,Playa Blanca,,arana,,,9,2022,sep-24,140.366,5,0,0,0,0,1 no se ve bien por pez,Shantall
DSCN9024,163,2,Playa Blanca,,arana,,,9,2022,sep-24,157.378,4,0,0,0,0,,Shantall
DSCN9023,163,3,Playa Blanca,,arana,,,9,2022,sep-24,96.006,4,0,0,0,0,,Shantall
DSCN9022,163,4,Playa Blanca,,arana,,,9,2022,sep-24,57.988,4,0,1,0,0,,Shantall
DSCN9021,163,5,Playa Blanca,,arana,,,9,2022,sep-24,88.888,4,0,2,0,0,,Shantall
DSCN9020,163,6,Playa Blanca,,arana,,,9,2022,sep-24,57.421,2,0,0,1,0,1 no se ve completo,Shantall
DSCN9025,163,7,Playa Blanca,,arana,,,9,2022,sep-24,270.143,9,0,0,1,0,,Shantall
DSCN8963,164,1,Playa Blanca,,arana,,,9,2022,sep-24,162.650,5,0,1,0,0,,Shantall
DSCN8968,164,2,Playa Blanca,,arana,,,9,2022,sep-24,117.175,3,0,0,0,0,,Shantall
DSCN8967,164,3,Playa Blanca,,arana,,,9,2022,sep-24,39.333,2,0,0,1,0,,Shantall
DSCN8966,164,4,Playa Blanca,,arana,,,9,2022,sep-24,42.254,2,0,0,1,0,,Shantall
DSCN8965,164,5,Playa Blanca,,arana,,,9,2022,sep-24,98.048,5,0,1,0,0,,Shantall
DSCN8964,164,6,Playa Blanca,,arana,,,9,2022,sep-24,314.683,4,0,0,0,0,,Shantall
DSCN8969,164,7,Playa Blanca,,arana,,,9,2022,sep-24,241.275,8,0,0,1,0,2 no se ven completos,Shantall
DSCN9092,165,1,Playa Blanca,,arana,,,9,2022,sep-24,126.704,3,0,0,0,0,,Shantall
DSCN9097,165,2,Playa Blanca,,arana,,,9,2022,sep-24,193.731,5,0,1,0,0,,Shantall
DSCN9096,165,3,Playa Blanca,,arana,,,9,2022,sep-24,94.995,4,0,0,0,0,,Shantall
DSCN9095,165,4,Playa Blanca,,arana,,,9,2022,sep-24,120.756,3,0,0,0,0,peces tapan en 2 un poquito,Shantall
DSCN9094,165,5,Playa Blanca,,arana,,,9,2022,sep-24,235.135,5,0,0,1,0,,Shantall
DSCN9093,165,6,Playa Blanca,,arana,,,9,2022,sep-24,299.128,4,0,0,0,0,3 en 1,Shantall
DSCN9098,165,7,Playa Blanca,,arana,,,9,2022,sep-24,216.431,8,0,0,0,0,,Shantall
DSCN9027,166,1,Playa Blanca,,arana,,,9,2022,sep-24,308.338,4,0,0,0,0,,Shantall
DSCN9032,166,2,Playa Blanca,,arana,,,9,2022,sep-24,69.457,2,0,0,0,0,,Shantall
DSCN9031,166,3,Playa Blanca,,arana,,,9,2022,sep-24,327.833,7,0,0,0,0,,Shantall
DSCN9030,166,4,Playa Blanca,,arana,,,9,2022,sep-24,284.330,5,0,0,0,0,,Shantall
DSCN9029,166,5,Playa Blanca,,arana,,,9,2022,sep-24,109.337,3,0,1,0,0,,Shantall
DSCN9028,166,6,Playa Blanca,,arana,,,9,2022,sep-24,252.603,4,0,0,0,0,,Shantall
DSCN9033,166,7,Playa Blanca,,arana,,,9,2022,sep-24,293.138,7,0,0,0,0,,Shantall
DSCN9984,14,0,Playa Blanca,,arana,,,5,2022,may-24,NA,NA,NA,NA,NA,NA,ETIQUETA,Patricia
DSCN9985,14,1,Playa Blanca,,arana,,,5,2022,may-24,327.761,3,1,0,1,0,muchos fragmentos en el fondo,Patricia
DSCN9986,14,2,Playa Blanca,,arana,,,5,2022,may-24,180.578,2,0,0,0,0,,Patricia
DSCN9987,14,3,Playa Blanca,,arana,,,5,2022,may-24,517.609,4,0,0,0,0,,Patricia
DSCN9988,14,4,Playa Blanca,,arana,,,5,2022,may-24,552.046,4,0,0,0,0,"mala visibilidad, n frag y area inconcluso",Patricia
DSCN9989,14,5,Playa Blanca,,arana,,,5,2022,may-24,298.782,3,0,0,1,0,,Patricia
DSCN9990,14,6,Playa Blanca,,arana,,,5,2022,may-24,132.893,1,0,0,3,0,2 barra vacia,Patricia
DSCN9991,14,7,Playa Blanca,,arana,,,5,2022,may-24,935.549,8,0,0,0,0,gran crecimiento. foto cortada,Patricia
DSCN0018,101,0,Playa Blanca,,arana,,,5,2022,may-24,NA,NA,NA,NA,NA,NA,ETIQUETA,Patricia
DSCN0020,101,1,Playa Blanca,,arana,,,5,2022,may-24,"1,188.570",5,0,0,0,0,corales en el suelo,Patricia
DSCN0021,101,2,Playa Blanca,,arana,,,5,2022,may-24,434.844,3,0,1,0,0,corales en el suelo,Patricia
DSCN0022,101,3,Playa Blanca,,arana,,,5,2022,may-24,950.580,5,0,0,0,0,mala visibilidad,Patricia
DSCN0023,101,4,Playa Blanca,,arana,,,5,2022,may-24,654.997,3,0,0,0,0,"barra 3 mala visibilidad, corales en el suelo",Patricia
DSCN0024,101,5,Playa Blanca,,arana,,,5,2022,may-24,908.891,4,0,0,0,0,corales en el suelo,Patricia
DSCN0025,101,6,Playa Blanca,,arana,,,5,2022,may-24,"1,091.500",4,0,0,0,0,corales en el suelo,Patricia
DSCN0026,101,7,Playa Blanca,,arana,,,5,2022,may-24,"3,507.410",8,0,0,0,0,gran crecimiento,Patricia
DSCN0001,11,0,Playa Blanca,,arana,,,5,2022,may-24,NA,NA,NA,NA,NA,NA,ETIQUETA,Patricia
DSCN0002,11,1,Playa Blanca,,arana,,,5,2022,may-24,182.886,2,0,2,3,0,no conte esquina derecha porque sale en otra foto,Patricia
DSCN0003,11,2,Playa Blanca,,arana,,,5,2022,may-24,351.782,3,0,0,1,0,,Patricia
DSCN0004,11,3,Playa Blanca,,arana,,,5,2022,may-24,320.084,4,0,3,0,0,,Patricia
DSCN0005,11,4,Playa Blanca,,arana,,,5,2022,may-24,231.616,1,0,0,1,0,2 barra vacia corales en el suelo,Patricia
DSCN0006,11,5,Playa Blanca,,arana,,,5,2022,may-24,563.439,5,0,3,0,0,muchos corales en el suelo,Patricia
DSCN0007,11,6,Playa Blanca,,arana,,,5,2022,may-24,482.116,5,0,2,0,0,mala visibilidad,Patricia
DSCN0008,11,7,Playa Blanca,,arana,,,5,2022,may-24,684.928,6,0,0,0,0,foto cortada,Patricia
DSCN9968,90,0,Playa Blanca,,arana,,,5,2022,may-24,NA,NA,NA,NA,NA,NA,croquis de la etiqueta cambiada,Patricia
DSCN9969,90,1,Playa Blanca,,arana,,,5,2022,may-24,"1,078.060",5,0,1,0,0,,Patricia
DSCN9970,90,2,Playa Blanca,,arana,,,5,2022,may-24,"1,481.060",6,0,0,0,0,,Patricia
DSCN9971,90,3,Playa Blanca,,arana,,,5,2022,may-24,608.661,2,0,0,0,0,2 barra vacia,Patricia
DSCN9972,90,4,Playa Blanca,,arana,,,5,2022,may-24,928.146,3,0,0,0,0,2 barra casi vacia,Patricia
DSCN9973,90,5,Playa Blanca,,arana,,,5,2022,may-24,203.354,1,0,0,1,0,2 barra vaciamala visibilidad,Patricia
DSCN9974,90,6,Playa Blanca,,arana,,,5,2022,may-24,"1,390.420",5,0,3,0,0,,Patricia
DSCN9975,90,7,Playa Blanca,,arana,,,5,2022,may-24,"1,362.370",7,0,0,0,0,gran crecimiento no pude cuantificar,Patricia
DSCN9992,107,0,Playa Blanca,,arana,,,5,2022,may-24,NA,NA,NA,NA,NA,NA,ETIQUETA,Patricia
DSCN9993,107,1,Playa Blanca,,arana,,,5,2022,may-24,"1,460.520",6,0,1,0,0,,Patricia
DSCN9998,107,2,Playa Blanca,,arana,,,5,2022,may-24,651.356,2,0,0,1,0,segunda barra vacía (perdidas),Patricia
DSCN9997,107,3,Playa Blanca,,arana,,,5,2022,may-24,621.692,3,0,0,0,0,,Patricia
DSCN9996,107,4,Playa Blanca,,arana,,,5,2022,may-24,"1,168.250",6,0,1,0,0,1 coral por encima de la segunda barra esquina izquierda pero peque asique lo conte,Patricia
DSCN9995,107,5,Playa Blanca,,arana,,,5,2022,may-24,897.262,5,0,0,1,0,,Patricia
DSCN9994,107,6,Playa Blanca,,arana,,,5,2022,may-24,"1,587.030",6,0,0,1,0,,Patricia
DSCN9999,107,7,Playa Blanca,,arana,,,5,2022,may-24,"5,831.060",12,0,0,0,0,gran crecimiento no pude cuantificar y el area no esta completa porque la foto no incluye todo,Patricia
DSCN0623,14,0,Playa Blanca,,arana,,,6,2022,jun-24,NA,NA,NA,NA,NA,NA,ETIQUETA,Patricia
DSCN0624,14,1,Playa Blanca,,arana,,,6,2022,jun-24,233.463,3,0,3,1,0,,Patricia
DSCN0625,14,2,Playa Blanca,,arana,,,6,2022,jun-24,108.086,1,0,0,1,0,2 barra vacia,Patricia
DSCN0626,14,3,Playa Blanca,,arana,,,6,2022,jun-24,251.630,3,0,1,2,0,pez en medio del coral,Patricia
DSCN0627,14,4,Playa Blanca,,arana,,,6,2022,jun-24,417.192,4,0,2,1,0,,Patricia
DSCN0628,14,5,Playa Blanca,,arana,,,6,2022,jun-24,463.236,5,0,1,0,0,,Patricia
DSCN0629,14,6,Playa Blanca,,arana,,,6,2022,jun-24,147.070,2,0,0,1,0,,Patricia
DSCN0630,14,7,Playa Blanca,,arana,,,6,2022,jun-24,"1,038.050",8,0,0,0,0,,Patricia
DSCN0607,101,0,Playa Blanca,,arana,,,6,2022,jun-24,NA,NA,NA,NA,NA,NA,ETIQUETA,Patricia
DSCN0608,101,1,Playa Blanca,,arana,,,6,2022,jun-24,"1,251.550",5,0,1,0,0,,Patricia
DSCN0609,101,2,Playa Blanca,,arana,,,6,2022,jun-24,"1,743.880",3,0,0,1,0,coral en el suelo,Patricia
DSCN0610,101,3,Playa Blanca,,arana,,,6,2022,jun-24,848.916,4,0,2,1,0,,Patricia
DSCN0611,101,4,Playa Blanca,,arana,,,6,2022,jun-24,743.989,3,0,2,1,0,,Patricia
DSCN0612,101,5,Playa Blanca,,arana,,,6,2022,jun-24,"1,603.540",5,0,1,0,0,coral en el suelo,Patricia
DSCN0613,101,6,Playa Blanca,,arana,,,6,2022,jun-24,724.939,3,0,1,0,0,,Patricia
DSCN0614,101,7,Playa Blanca,,arana,,,6,2022,jun-24,"3,406.220",8,0,1,0,0,,Patricia
DSCN0631,11,0,Playa Blanca,,arana,,,6,2022,jun-24,NA,NA,NA,NA,NA,NA,ETIQUETA / FALTA AEREA DE ESTA ARANA,Patricia
DSCN0632,11,1,Playa Blanca,,arana,,,6,2022,jun-24,129.232,2,0,1,1,0,esq derecha no contada desde mayo en adelante solo los corales de cada barra no esquina,Patricia
DSCN0633,11,2,Playa Blanca,,arana,,,6,2022,jun-24,437.373,5,0,2,1,0,,Patricia
DSCN0634,11,3,Playa Blanca,,arana,,,6,2022,jun-24,222.814,5,0,3,0,0,,Patricia
DSCN0635,11,4,Playa Blanca,,arana,,,6,2022,jun-24,186.454,1,0,0,1,0,barra 1 vacia mala visibilidad,Patricia
DSCN0636,11,5,Playa Blanca,,arana,,,6,2022,jun-24,233.087,5,0,3,0,0,,Patricia
DSCN0637,11,6,Playa Blanca,,arana,,,6,2022,jun-24,396.921,3,0,1,0,0,"mala visibilidad de barras, posible perdida",Patricia
DSCN0583,90,0,Playa Blanca,,arana,,,6,2022,jun-24,NA,NA,NA,NA,NA,NA,ETIQUETA,Patricia
DSCN0584,90,1,Playa Blanca,,arana,,,6,2022,jun-24,298.134,1,0,0,0,0,barra 1 vacia,Patricia
DSCN0585,90,2,Playa Blanca,,arana,,,6,2022,jun-24,"1,039.480",3,0,0,0,0,barra 1 casi vacia,Patricia
DSCN0586,90,3,Playa Blanca,,arana,,,6,2022,jun-24,"1,434.540",1,0,0,0,0,barra 1 vacia,Patricia
DSCN0587,90,4,Playa Blanca,,arana,,,6,2022,jun-24,"2,633.070",6,0,0,2,0,,Patricia
DSCN0588,90,5,Playa Blanca,,arana,,,6,2022,jun-24,"1,460.320",4,0,1,0,0,,Patricia
DSCN0589,90,6,Playa Blanca,,arana,,,6,2022,jun-24,"1,394.860",5,0,2,0,0,,Patricia
DSCN0590,90,7,Playa Blanca,,arana,,,6,2022,jun-24,"1,968.640",7,0,0,0,0,,Patricia
DSCN0615,107,0,Playa Blanca,,arana,,,6,2022,jun-24,NA,NA,NA,NA,NA,NA,ETIQUETA,Patricia
DSCN0616,107,1,Playa Blanca,,arana,,,6,2022,jun-24,"2,322.030",7,0,2,0,0,,Patricia
DSCN0617,107,2,Playa Blanca,,arana,,,6,2022,jun-24,543.663,1,0,0,2,0,2 barra vacia,Patricia
DSCN0618,107,3,Playa Blanca,,arana,,,6,2022,jun-24,"1,056.120",3,0,0,0,0,,Patricia
DSCN0619,107,4,Playa Blanca,,arana,,,6,2022,jun-24,"1,973.880",7,0,2,0,0,,Patricia
DSCN0620,107,5,Playa Blanca,,arana,,,6,2022,jun-24,"1,546.210",4,0,2,2,0,segunda barra casi vacia,Patricia
DSCN0621,107,6,Playa Blanca,,arana,,,6,2022,jun-24,"1,321.760",5,0,0,0,0,,Patricia
DSCN0622,107,7,Playa Blanca,,arana,,,6,2022,jun-24,"3,461.950",12,0,0,0,0,,Patricia
DSCN1214,14,0,Playa Blanca,,arana,,,7,2022,jul-24,NA,NA,NA,NA,NA,NA,ETIQUETA,Patricia
DSCN1215,14,1,Playa Blanca,,arana,,,7,2022,jul-24,295.719,3,0,2,1,0,,Patricia
DSCN1216,14,2,Playa Blanca,,arana,,,7,2022,jul-24,129.931,1,0,1,1,0,barra 1 vacia,Patricia
DSCN1217,14,3,Playa Blanca,,arana,,,7,2022,jul-24,270.876,3,0,2,0,0,,Patricia
DSCN1218,14,4,Playa Blanca,,arana,,,7,2022,jul-24,552.083,4,0,0,1,0,,Patricia
DSCN1219,14,5,Playa Blanca,,arana,,,7,2022,jul-24,571.468,5,0,1,0,0,,Patricia
DSCN1220,14,6,Playa Blanca,,arana,,,7,2022,jul-24,176.056,2,0,0,1,0,,Patricia
DSCN1221,14,7,Playa Blanca,,arana,,,7,2022,jul-24,"1,013.570",8,0,0,0,0,,Patricia
DSCN1197,101,0,Playa Blanca,,arana,,,7,2022,jul-24,NA,NA,NA,NA,NA,NA,ETIQUETA,Patricia
DSCN1198,101,1,Playa Blanca,,arana,,,7,2022,jul-24,"1,350.020",7,0,2,0,0,,Patricia
DSCN1199,101,2,Playa Blanca,,arana,,,7,2022,jul-24,375.115,1,0,0,1,0,1 barra casi vacia,Patricia
DSCN1200,101,3,Playa Blanca,,arana,,,7,2022,jul-24,684.183,3,0,0,2,0,,Patricia
DSCN1201,101,4,Playa Blanca,,arana,,,7,2022,jul-24,"1,476.900",6,0,2,1,0,,Patricia
DSCN1202,101,5,Playa Blanca,,arana,,,7,2022,jul-24,"1,002.260",5,0,3,2,0,1 barra casi vacia,Patricia
DSCN1203,101,6,Playa Blanca,,arana,,,7,2022,jul-24,"1,363.830",5,0,0,0,0,,Patricia
DSCN1204,101,7,Playa Blanca,,arana,,,7,2022,jul-24,"4,972.950",8,0,0,1,0,gran crecimiento,Patricia
DSCN1222,11,0,Playa Blanca,,arana,,,7,2022,jul-24,NA,NA,NA,NA,NA,NA,ETIQUETA,Patricia
DSCN1223,11,1,Playa Blanca,,arana,,,7,2022,jul-24,118.461,1,0,1,2,0,"1 barra vacia, coral perdido?",Patricia
DSCN1224,11,2,Playa Blanca,,arana,,,7,2022,jul-24,555.019,5,0,2,0,0,,Patricia
DSCN1225,11,3,Playa Blanca,,arana,,,7,2022,jul-24,339.421,4,0,3,0,0,,Patricia
DSCN1226,11,4,Playa Blanca,,arana,,,7,2022,jul-24,202.124,1,0,0,1,0,1 barra vacia,Patricia
DSCN1227,11,5,Playa Blanca,,arana,,,7,2022,jul-24,270.911,4,0,2,0,0,,Patricia
DSCN1228,11,6,Playa Blanca,,arana,,,7,2022,jul-24,449.450,3,0,1,0,0,,Patricia
DSCN1229,11,7,Playa Blanca,,arana,,,7,2022,jul-24,778.450,6,0,0,0,0,,Patricia
DSCN1173,90,0,Playa Blanca,,arana,,,7,2022,jul-24,NA,NA,NA,NA,NA,NA,ETIQUETA,Patricia
DSCN1174,90,1,Playa Blanca,,arana,,,7,2022,jul-24,"1,620.840",7,0,0,1,0,,Patricia
DSCN1175,90,2,Playa Blanca,,arana,,,7,2022,jul-24,"1,465.180",6,0,2,0,0,mala visibilidad,Patricia
DSCN1176,90,3,Playa Blanca,,arana,,,7,2022,jul-24,"1,424.740",6,0,4,0,0,,Patricia
DSCN1177,90,4,Playa Blanca,,arana,,,7,2022,jul-24,210.563,1,0,1,2,0,1 barra vacia,Patricia
DSCN1178,90,5,Playa Blanca,,arana,,,7,2022,jul-24,870.412,2,0,1,1,0,,Patricia
DSCN1179,90,6,Playa Blanca,,arana,,,7,2022,jul-24,615.204,1,0,0,1,0,1 barra vacia,Patricia
DSCN1180,90,7,Playa Blanca,,arana,,,7,2022,jul-24,"2,384.400",7,0,0,0,0,,Patricia
DSCN1206,107,0,Playa Blanca,,arana,,,7,2022,jul-24,NA,NA,NA,NA,NA,NA,ETIQUETA,Patricia
DSCN1207,107,1,Playa Blanca,,arana,,,7,2022,jul-24,"1,459.590",5,0,0,0,0,uno casi completamente muerto,Patricia
DSCN1208,107,2,Playa Blanca,,arana,,,7,2022,jul-24,"1,041.060",6,0,3,0,0,,Patricia
DSCN1209,107,3,Playa Blanca,,arana,,,7,2022,jul-24,620.720,4,0,2,1,0,,Patricia
DSCN1210,107,4,Playa Blanca,,arana,,,7,2022,jul-24,617.533,3,0,2,4,0,,Patricia
DSCN1211,107,5,Playa Blanca,,arana,,,7,2022,jul-24,"1,442.700",5,0,0,0,0,,Patricia
DSCN1212,107,6,Playa Blanca,,arana,,,7,2022,jul-24,530.089,3,0,0,0,0,,Patricia
DSCN1213,107,7,Playa Blanca,,arana,,,7,2022,jul-24,"3,829.280",12,0,0,1,0,,Patricia
DSCN8117,14,0,Playa Blanca,,arana,,,8,2022,ago-24,NA,NA,NA,NA,NA,NA,ETIQUETA,Patricia
DSCN8118,14,1,Playa Blanca,,arana,,,8,2022,ago-24,306.254,3,0,2,1,0,,Patricia
DSCN8119,14,2,Playa Blanca,,arana,,,8,2022,ago-24,192.115,2,0,0,0,0,,Patricia
DSCN8120,14,3,Playa Blanca,,arana,,,8,2022,ago-24,615.186,5,0,1,0,0,,Patricia
DSCN8121,14,4,Playa Blanca,,arana,,,8,2022,ago-24,531.356,4,0,1,1,0,,Patricia
DSCN8122,14,5,Playa Blanca,,arana,,,8,2022,ago-24,281.406,3,0,2,0,0,,Patricia
DSCN8123,14,6,Playa Blanca,,arana,,,8,2022,ago-24,142.931,1,0,1,0,0,mala visibilidad barra 1 vacia,Patricia
DSCN8124,14,7,Playa Blanca,,arana,,,8,2022,ago-24,"1,166.750",8,0,0,0,0,,Patricia
DSCN8094,101,0,Playa Blanca,,arana,,,8,2022,ago-24,NA,NA,NA,NA,NA,NA,ETIQUETA,Patricia
DSCN8095,101,1,Playa Blanca,,arana,,,8,2022,ago-24,"1,953.530",5,0,0,0,0,,Patricia
DSCN8096,101,2,Playa Blanca,,arana,,,8,2022,ago-24,615.210,3,0,0,0,0,,Patricia
DSCN8097,101,3,Playa Blanca,,arana,,,8,2022,ago-24,"1,410.790",5,0,2,1,0,,Patricia
DSCN8098,101,4,Playa Blanca,,arana,,,8,2022,ago-24,782.446,4,0,0,3,0,,Patricia
DSCN8099,101,5,Playa Blanca,,arana,,,8,2022,ago-24,958.149,4,0,1,2,0,,Patricia
DSCN8100,101,6,Playa Blanca,,arana,,,8,2022,ago-24,881.145,4,0,1,0,0,1 casi completamente muerto,Patricia
DSCN8101,101,7,Playa Blanca,,arana,,,8,2022,ago-24,"4,239.050",8,0,0,0,0,,Patricia
DSCN8054,11,0,Playa Blanca,,arana,,,8,2022,ago-24,NA,NA,NA,NA,NA,NA,ETIQUETA,Patricia
DSCN8055,11,1,Playa Blanca,,arana,,,8,2022,ago-24,133.211,1,0,0,0,0,1 barra vacia,Patricia
DSCN8056,11,2,Playa Blanca,,arana,,,8,2022,ago-24,426.285,3,0,1,0,0,pez en foto,Patricia
DSCN8057,11,3,Playa Blanca,,arana,,,8,2022,ago-24,311.974,5,0,1,0,0,,Patricia
DSCN8058,11,4,Playa Blanca,,arana,,,8,2022,ago-24,227.828,1,0,0,3,0,,Patricia
DSCN8059,11,5,Playa Blanca,,arana,,,8,2022,ago-24,409.747,4,0,2,0,0,,Patricia
DSCN8060,11,6,Playa Blanca,,arana,,,8,2022,ago-24,623.607,5,0,2,0,0,,Patricia
DSCN8061,11,7,Playa Blanca,,arana,,,8,2022,ago-24,787.745,6,0,0,0,0,,Patricia
DSCN8141,90,0,Playa Blanca,,arana,,,8,2022,ago-24,NA,NA,NA,NA,NA,NA,ETIQUETA,Patricia
DSCN8142,90,1,Playa Blanca,,arana,,,8,2022,ago-24,"1,425.570",7,0,0,0,0,,Patricia
DSCN8143,90,2,Playa Blanca,,arana,,,8,2022,ago-24,675.120,3,0,0,1,0,,Patricia
DSCN8144,90,3,Playa Blanca,,arana,,,8,2022,ago-24,825.827,4,0,1,0,0,,Patricia
DSCN8145,90,4,Playa Blanca,,arana,,,8,2022,ago-24,241.414,1,0,1,1,0,,Patricia
DSCN8146,90,5,Playa Blanca,,arana,,,8,2022,ago-24,"1,503.960",5,0,2,0,0,,Patricia
DSCN8147,90,6,Playa Blanca,,arana,,,8,2022,ago-24,826.683,4,0,2,1,0,,Patricia
DSCN8148,90,7,Playa Blanca,,arana,,,8,2022,ago-24,"2,428.920",7,0,0,0,0,,Patricia
DSCN8107,107,0,Playa Blanca,,arana,,,8,2022,ago-24,NA,NA,NA,NA,NA,NA,ETIQUETA,Patricia
DSCN8108,107,1,Playa Blanca,,arana,,,8,2022,ago-24,"2,153.710",6,0,2,0,0,,Patricia
DSCN8109,107,2,Playa Blanca,,arana,,,8,2022,ago-24,"1,685.730",6,0,0,0,0,,Patricia
DSCN8110,107,3,Playa Blanca,,arana,,,8,2022,ago-24,"1,184.120",5,0,2,0,0,,Patricia
DSCN8111,107,4,Playa Blanca,,arana,,,8,2022,ago-24,"1,763.920",6,0,3,1,0,,Patricia
DSCN8112,107,5,Playa Blanca,,arana,,,8,2022,ago-24,"1,124.430",3,0,0,0,0,,Patricia
DSCN8113,107,6,Playa Blanca,,arana,,,8,2022,ago-24,814.857,2,0,1,0,0,,Patricia
DSCN8114,107,7,Playa Blanca,,arana,,,8,2022,ago-24,"5,387.070",12,0,0,0,0,,Patricia
DSCN8994,14,0,Playa Blanca,,arana,,,9,2022,set-22,NA,NA,NA,NA,NA,NA,ETIQUETA,Patricia
DSCN8995,14,1,Playa Blanca,,arana,,,9,2022,set-22,332.351,3,0,3,1,0,,Patricia
DSCN8996,14,2,Playa Blanca,,arana,,,9,2022,set-22,217.902,2,0,0,1,0,,Patricia
DSCN8997,14,3,Playa Blanca,,arana,,,9,2022,set-22,692.257,5,0,1,0,0,,Patricia
DSCN8998,14,4,Playa Blanca,,arana,,,9,2022,set-22,581.579,4,0,1,1,0,,Patricia
DSCN8999,14,5,Playa Blanca,,arana,,,9,2022,set-22,293.459,3,0,2,0,0,,Patricia
DSCN9000,14,6,Playa Blanca,,arana,,,9,2022,set-22,149.176,1,0,2,1,0,1 barra vacia,Patricia
DSCN9001,14,7,Playa Blanca,,arana,,,9,2022,set-22,"1,106.140",8,0,0,0,0,,Patricia
DSCN9010,101,0,Playa Blanca,,arana,,,9,2022,set-22,NA,NA,NA,NA,NA,NA,ETIQUETA,Patricia
DSCN9011,101,1,Playa Blanca,,arana,,,9,2022,set-22,"2,636.060",5,0,0,0,0,,Patricia
DSCN9012,101,2,Playa Blanca,,arana,,,9,2022,set-22,634.425,3,0,0,0,0,,Patricia
DSCN9013,101,3,Playa Blanca,,arana,,,9,2022,set-22,"1,472.980",5,0,0,0,0,,Patricia
DSCN9014,101,4,Playa Blanca,,arana,,,9,2022,set-22,883.346,4,0,0,0,0,,Patricia
DSCN9015,101,5,Playa Blanca,,arana,,,9,2022,set-22,"1,020.780",4,0,2,1,0,,Patricia
DSCN9016,101,6,Playa Blanca,,arana,,,9,2022,set-22,958.276,3,0,1,0,0,,Patricia
DSCN9017,101,7,Playa Blanca,,arana,,,9,2022,set-22,"4,572.650",8,0,0,0,0,,Patricia
DSCN9056,11,0,Playa Blanca,,arana,,,9,2022,set-22,NA,NA,NA,NA,NA,NA,ETIQUETA,Patricia
DSCN9057,11,1,Playa Blanca,,arana,,,9,2022,set-22,97.211,1,0,0,0,0,1 barra vacia/ area disminución en coral que quedo,Patricia
DSCN9058,11,2,Playa Blanca,,arana,,,9,2022,set-22,352.056,3,0,0,0,0,,Patricia
DSCN9059,11,3,Playa Blanca,,arana,,,9,2022,set-22,357.275,5,0,2,1,0,Duplicada -60 escogi la 59,Patricia
DSCN9061,11,4,Playa Blanca,,arana,,,9,2022,set-22,216.083,1,0,0,3,0,,Patricia
DSCN9062,11,5,Playa Blanca,,arana,,,9,2022,set-22,313.500,4,0,2,0,0,,Patricia
DSCN9063,11,6,Playa Blanca,,arana,,,9,2022,set-22,587.531,5,0,2,0,0,,Patricia
DSCN9064,11,7,Playa Blanca,,arana,,,9,2022,set-22,809.992,6,0,0,0,0,,Patricia
DSCN8970,90,0,Playa Blanca,,arana,,,9,2022,set-22,NA,NA,NA,NA,NA,NA,ETIQUETA,Patricia
DSCN8971,90,1,Playa Blanca,,arana,,,9,2022,set-22,776.210,6,0,0,0,0,,Patricia
DSCN8972,90,2,Playa Blanca,,arana,,,9,2022,set-22,780.949,2,0,0,0,0,1 barra vacia,Patricia
DSCN8973,90,3,Playa Blanca,,arana,,,9,2022,set-22,940.168,3,0,1,0,0,,Patricia
DSCN8974,90,4,Playa Blanca,,arana,,,9,2022,set-22,131.973,1,0,0,1,0,,Patricia
DSCN8975,90,5,Playa Blanca,,arana,,,9,2022,set-22,"2,734.720",5,0,0,0,0,,Patricia
DSCN8976,90,6,Playa Blanca,,arana,,,9,2022,set-22,869.138,4,0,3,0,0,,Patricia
DSCN8977,90,7,Playa Blanca,,arana,,,9,2022,set-22,"1,948.640",7,0,0,0,0,,Patricia
DSCN9002,107,0,Playa Blanca,,arana,,,9,2022,set-22,NA,NA,NA,NA,NA,NA,ETIQUETA,Patricia
DSCN9003,107,1,Playa Blanca,,arana,,,9,2022,set-22,"2,636.060",6,0,2,0,0,,Patricia
DSCN9004,107,2,Playa Blanca,,arana,,,9,2022,set-22,"2,258.410",5,0,1,0,0,,Patricia
DSCN9005,107,3,Playa Blanca,,arana,,,9,2022,set-22,775.086,5,0,2,2,0,,Patricia
DSCN9006,107,4,Playa Blanca,,arana,,,9,2022,set-22,"1,812.540",6,0,2,0,0,,Patricia
DSCN9007,107,5,Playa Blanca,,arana,,,9,2022,set-22,"1,158.350",3,0,0,1,0,,Patricia
DSCN9008,107,6,Playa Blanca,,arana,,,9,2022,set-22,338.070,1,0,0,1,0,,Patricia
DSCN9009,107,7,Playa Blanca,,arana,,,9,2022,set-22,NA,NA,NA,NA,NA,NA,mala foto no se pudo medir,Patricia
DSCN9664,14,0,Playa Blanca,,arana,,,10,2022,oct-24,NA,NA,NA,NA,NA,NA,ETIQUETA,Patricia
DSCN9665,14,1,Playa Blanca,,arana,,,10,2022,oct-24,274.991,3,0,3,1,0,,Patricia
DSCN9666,14,2,Playa Blanca,,arana,,,10,2022,oct-24,51.476,1,0,1,1,0,mucha mortalidad parcial,Patricia
DSCN9667,14,3,Playa Blanca,,arana,,,10,2022,oct-24,338.061,3,0,1,1,0,,Patricia
DSCN9668,14,4,Playa Blanca,,arana,,,10,2022,oct-24,532.172,4,0,3,1,0,,Patricia
DSCN9669,14,5,Playa Blanca,,arana,,,10,2022,oct-24,865.897,5,0,0,0,0,,Patricia
DSCN9670,14,6,Playa Blanca,,arana,,,10,2022,oct-24,197.881,2,0,1,0,0,,Patricia
DSCN9671,14,7,Playa Blanca,,arana,,,10,2022,oct-24,"1,117.990",8,0,0,0,0,,Patricia
DSCN9544,101,0,Playa Blanca,,arana,,,10,2022,oct-24,NA,NA,NA,NA,NA,NA,ETIQUETA,Patricia
DSCN9545,101,1,Playa Blanca,,arana,,,10,2022,oct-24,"2,928.700",3,0,3,1,0,,Patricia
DSCN9547,101,2,Playa Blanca,,arana,,,10,2022,oct-24,"1,695.270",1,0,1,2,0,1 barra vacia,Patricia
DSCN9548,101,3,Playa Blanca,,arana,,,10,2022,oct-24,"1,097.270",3,0,0,0,0,,Patricia
DSCN9549,101,4,Playa Blanca,,arana,,,10,2022,oct-24,788.133,4,0,3,1,0,,Patricia
DSCN9550,101,5,Playa Blanca,,arana,,,10,2022,oct-24,"2,257.730",5,0,0,0,0,,Patricia
DSCN9552,101,6,Playa Blanca,,arana,,,10,2022,oct-24,873.652,2,0,2,0,0,,Patricia
DSCN9553,101,7,Playa Blanca,,arana,,,10,2022,oct-24,"3,473.630",8,0,0,0,0,,Patricia
DSCN9656,11,0,Playa Blanca,,arana,,,10,2022,oct-24,NA,NA,NA,NA,NA,NA,ETIQUETA,Patricia
DSCN9657,11,1,Playa Blanca,,arana,,,10,2022,oct-24,64.235,1,0,1,0,0,are mort parcial bastante grande,Patricia
DSCN9658,11,2,Playa Blanca,,arana,,,10,2022,oct-24,656.675,5,0,3,0,0,,Patricia
DSCN9659,11,3,Playa Blanca,,arana,,,10,2022,oct-24,483.897,4,0,1,0,0,,Patricia
DSCN9660,11,4,Playa Blanca,,arana,,,10,2022,oct-24,240.272,2,0,0,2,0,muy mala visibilidad,Patricia
DSCN9661,11,5,Playa Blanca,,arana,,,10,2022,oct-24,341.898,4,0,4,0,0,,Patricia
DSCN9662,11,6,Playa Blanca,,arana,,,10,2022,oct-24,290.356,2,0,0,1,0,,Patricia
DSCN9663,11,7,Playa Blanca,,arana,,,10,2022,oct-24,891.928,6,0,0,0,0,,Patricia
DSCN9554,90,0,Playa Blanca,,arana,,,10,2022,oct-24,NA,NA,NA,NA,NA,NA,ETIQUETA,Patricia
DSCN9556,90,1,Playa Blanca,,arana,,,10,2022,oct-24,889.115,6,0,1,1,0,,Patricia
DSCN9557,90,2,Playa Blanca,,arana,,,10,2022,oct-24,"1,020.320",4,0,3,1,0,,Patricia
DSCN9558,90,3,Playa Blanca,,arana,,,10,2022,oct-24,931.592,5,0,3,0,0,,Patricia
DSCN9559,90,4,Playa Blanca,,arana,,,10,2022,oct-24,76.326,1,0,0,3,0,1 barra vacia,Patricia
DSCN9560,90,5,Playa Blanca,,arana,,,10,2022,oct-24,"1,255.370",4,0,0,0,0,,Patricia
DSCN9561,90,6,Playa Blanca,,arana,,,10,2022,oct-24,925.133,2,0,0,1,0,1 barra vacia,Patricia
DSCN9562,90,7,Playa Blanca,,arana,,,10,2022,oct-24,"1,595.370",7,0,0,0,0,,Patricia
DSCN9622,107,0,Playa Blanca,,arana,,,10,2022,oct-24,NA,NA,NA,NA,NA,NA,ETIQUETA,Patricia
DSCN9623,107,1,Playa Blanca,,arana,,,10,2022,oct-24,"1,478.130",5,0,0,0,0,,Patricia
DSCN9624,107,2,Playa Blanca,,arana,,,10,2022,oct-24,649.251,2,0,1,1,0,,Patricia
DSCN9625,107,3,Playa Blanca,,arana,,,10,2022,oct-24,637.007,3,0,1,1,0,,Patricia
DSCN9626,107,4,Playa Blanca,,arana,,,10,2022,oct-24,"1,406.780",7,0,2,2,0,,Patricia
DSCN9627,107,5,Playa Blanca,,arana,,,10,2022,oct-24,845.063,5,0,1,0,0,,Patricia
DSCN9628,107,6,Playa Blanca,,arana,,,10,2022,oct-24,"1,427.610",6,0,0,0,0,,Patricia
DSCN9629,107,7,Playa Blanca,,arana,,,10,2022,oct-24,"2,059.020",12,0,0,0,0,mucho crecimiento posiblemente area erronea,Patricia
DSCN9227,174,1,Playa Blanca,,arana,,,4,2022,abr-24,301.132,4,0,0,0,0,Ahora la 109,Andrea
DSCN9228,174,2,Playa Blanca,,arana,,,4,2022,abr-24,636.287,5,0,1,0,0,Primera linea no se ve bien,Andrea
DSCN9229,174,3,Playa Blanca,,arana,,,4,2022,abr-24,411.258,4,0,0,0,0,,Andrea
DSCN9230,174,4,Playa Blanca,,arana,,,4,2022,abr-24,563.018,6,0,0,0,0,,Andrea
DSCN9231,174,5,Playa Blanca,,arana,,,4,2022,abr-24,565.599,4,0,0,0,0,Un coral quedó cortado en la foto,Andrea
DSCN9232,174,6,Playa Blanca,,arana,,,4,2022,abr-24,203.237,3,0,0,2,0,,Andrea
DSCN9233,174,7,Playa Blanca,,arana,,,4,2022,abr-24,"1,551.860",7,0,0,0,0,,Andrea
DSCN9235,173,1,Playa Blanca,,arana,,,4,2022,abr-24,584.162,5,0,0,0,0,,Andrea
DSCN9238,173,2,Playa Blanca,,arana,,,4,2022,abr-24,358.536,5,0,0,0,0,,Andrea
DSCN9239,173,3,Playa Blanca,,arana,,,4,2022,abr-24,405.192,4,0,0,0,0,,Andrea
DSCN9240,173,4,Playa Blanca,,arana,,,4,2022,abr-24,479.269,6,0,0,0,0,,Andrea
DSCN9241,173,5,Playa Blanca,,arana,,,4,2022,abr-24,375.417,5,0,1,0,0,,Andrea
DSCN9242,173,6,Playa Blanca,,arana,,,4,2022,abr-24,489.096,6,0,1,0,0,,Andrea
DSCN9243,173,7,Playa Blanca,,arana,,,4,2022,abr-24,"1,719.200",13,0,0,0,0,"están muy unidos, cuesta ver cuantos hay",Andrea
DSCN9261,20,1,Playa Blanca,,arana,,,4,2022,abr-24,482.623,6,0,0,0,0,no se ve bien,Andrea
DSCN9262,20,2,Playa Blanca,,arana,,,4,2022,abr-24,325.451,6,0,1,0,0,,Andrea
DSCN9263,20,3,Playa Blanca,,arana,,,4,2022,abr-24,526.047,8,0,2,0,0,,Andrea
DSCN9264,20,4,Playa Blanca,,arana,,,4,2022,abr-24,739.803,8,0,1,0,0,,Andrea
DSCN9265,20,5,Playa Blanca,,arana,,,4,2022,abr-24,861.134,7,0,2,0,0,,Andrea
DSCN9266,20,6,Playa Blanca,,arana,,,4,2022,abr-24,404.471,4,0,0,0,0,,Andrea
DSCN9267,20,7,Playa Blanca,,arana,,,4,2022,abr-24,"1,186.420",13,0,0,0,0,,Andrea
DSCN9253,19 (104),1,Playa Blanca,,arana,,,4,2022,abr-24,528.349,5,0,0,0,0,,Andrea
DSCN9254,19 (104),2,Playa Blanca,,arana,,,4,2022,abr-24,535.889,5,0,0,0,0,,Andrea
DSCN9255,19 (104),3,Playa Blanca,,arana,,,4,2022,abr-24,366.223,5,0,0,0,0,"muy oscura, no se ve bien",Andrea
DSCN9256,19 (104),4,Playa Blanca,,arana,,,4,2022,abr-24,274.264,4,0,0,0,0,,Andrea
DSCN9257,19 (104),5,Playa Blanca,,arana,,,4,2022,abr-24,497.946,5,0,0,0,0,,Andrea
DSCN9258,19 (104),6,Playa Blanca,,arana,,,4,2022,abr-24,290.003,3,1,0,0,0,,Andrea
DSCN9259,19 (104),7,Playa Blanca,,arana,,,4,2022,abr-24,"1,399.890",16,0,1,0,0,,Andrea
DSCN9245,18,1,Playa Blanca,,arana,,,4,2022,abr-24,641.700,8,0,0,0,0,,Andrea
DSCN9246,18,2,Playa Blanca,,arana,,,4,2022,abr-24,507.658,6,0,0,0,0,,Andrea
DSCN9247,18,3,Playa Blanca,,arana,,,4,2022,abr-24,553.785,4,0,0,0,0,"muy oscura, no sé ve bien",Andrea
DSCN9248,18,4,Playa Blanca,,arana,,,4,2022,abr-24,370.054,6,0,0,0,0,,Andrea
DSCN9249,18,5,Playa Blanca,,arana,,,4,2022,abr-24,761.237,9,0,0,0,0,,Andrea
DSCN9250,18,6,Playa Blanca,,arana,,,4,2022,abr-24,703.168,9,0,0,0,0,,Andrea
DSCN9251,18,7,Playa Blanca,,arana,,,4,2022,abr-24,"1,347.930",15,0,0,0,0,,Andrea
DSCN9272,17 (103),1,Playa Blanca,,arana,,,4,2022,abr-24,451.176,8,0,0,0,0,,Andrea
DSCN9273,17 (103),2,Playa Blanca,,arana,,,4,2022,abr-24,295.143,3,0,0,0,0,,Andrea
DSCN9274,17 (103),3,Playa Blanca,,arana,,,4,2022,abr-24,149.222,2,0,0,0,0,,Andrea
DSCN9275,17 (103),4,Playa Blanca,,arana,,,4,2022,abr-24,357.827,5,0,0,0,0,,Andrea
DSCN9276,17 (103),5,Playa Blanca,,arana,,,4,2022,abr-24,577.305,5,0,0,0,0,,Andrea
DSCN9277,17 (103),6,Playa Blanca,,arana,,,4,2022,abr-24,154.720,3,0,0,0,0,,Andrea
DSCN9278,17 (103),7,Playa Blanca,,arana,,,4,2022,abr-24,575.226,3,0,1,0,0,,Andrea
DSCN9912,174 (109),1,Playa Blanca,,arana,,,5,2022,may-24,213.382,4,0,0,0,0,,Andrea
DSCN9913,174 (109),2,Playa Blanca,,arana,,,5,2022,may-24,111.239,2,0,0,1,0,,Andrea
DSCN9914,174 (109),3,Playa Blanca,,arana,,,5,2022,may-24,247.499,4,0,0,0,0,,Andrea
DSCN9915,174 (109),4,Playa Blanca,,arana,,,5,2022,may-24,519.873,6,0,0,0,0,,Andrea
DSCN9916,174 (109),5,Playa Blanca,,arana,,,5,2022,may-24,304.969,4,0,0,0,0,,Andrea
DSCN9917,174 (109),6,Playa Blanca,,arana,,,5,2022,may-24,526.711,4,0,1,0,0,img no se ve bien,Andrea
DSCN9918,174 (109),7,Playa Blanca,,arana,,,5,2022,may-24,"1,140.020",6,0,1,0,0,"se han ""fusionado""",Andrea
DSCN9904,173,1,Playa Blanca,,arana,,,5,2022,may-24,"1,140.020",6,0,1,0,0,"se han ""fusionado""",Andrea
DSCN9905,173,2,Playa Blanca,,arana,,,5,2022,may-24,421.442,2,0,0,0,0,,Andrea
DSCN9906,173,3,Playa Blanca,,arana,,,5,2022,may-24,344.662,5,0,0,0,0,,Andrea
DSCN9907,173,4,Playa Blanca,,arana,,,5,2022,may-24,447.299,5,0,0,0,0,,Andrea
DSCN9908,173,5,Playa Blanca,,arana,,,5,2022,may-24,369.490,2,0,0,0,0,,Andrea
DSCN9909,173,6,Playa Blanca,,arana,,,5,2022,may-24,369.889,4,0,0,0,0,,Andrea
DSCN9910,173,7,Playa Blanca,,arana,,,5,2022,may-24,"1,604.600",15,0,0,0,0,foto corta la araña un poco,Andrea
DSCN9614,16,1,Playa Blanca,,arana,,,10,2022,oct-24,184.699,2,2,0,1,0,foto no muy enfocada,Tania
DSCN9615,16,2,Playa Blanca,,arana,,,10,2022,oct-24,373.993,5,0,0,0,0,,Tania
DSCN9616,16,3,Playa Blanca,,arana,,,10,2022,oct-24,314.509,3,0,0,0,0,,Tania
DSCN9617,16,4,Playa Blanca,,arana,,,10,2022,oct-24,427.843,5,1,0,0,0,,Tania
DSCN9618,16,5,Playa Blanca,,arana,,,10,2022,oct-24,"1,277.790",4,0,1,0,0,,Tania
DSCN9619,16,6,Playa Blanca,,arana,,,10,2022,oct-24,350.114,2,0,0,0,0,Pueden ser 3 fragmentos,Tania
DSCN9620,16,7,Playa Blanca,,arana,,,10,2022,oct-24,"2,039.500",5,0,0,0,0,,Tania
DSCN9840,7,1,Playa Blanca,,arana,,,2,2022,feb-24,531.563,6,0,0,0,0,pez atravesado,Randall
DSCN9841,7,2,Playa Blanca,,arana,,,2,2022,feb-24,449.001,4,0,0,1,0,,Randall
DSCN9842,7,3,Playa Blanca,,arana,,,2,2022,feb-24,305.931,3,0,0,0,0,,Randall
DSCN9843,7,4,Playa Blanca,,arana,,,2,2022,feb-24,381.262,6,0,0,0,0,,Randall
DSCN9844,7,5,Playa Blanca,,arana,,,2,2022,feb-24,388.605,4,0,0,0,0,,Randall
DSCN9845,7,6,Playa Blanca,,arana,,,2,2022,feb-24,440.197,5,0,0,0,0,No se ve bien,Randall
DSCN9846,7,7,Playa Blanca,,arana,,,2,2022,feb-24,"1,107.030",11,0,0,0,0,,Randall
DSCN9923,8,1,Playa Blanca,,arana,,,2,2022,feb-24,248.568,5,0,0,0,0,Uno está medio feo,Randall
DSCN9924,8,2,Playa Blanca,,arana,,,2,2022,feb-24,391.231,6,0,0,0,0,No se ve bien,Randall
DSCN9925,8,3,Playa Blanca,,arana,,,2,2022,feb-24,506.583,6,0,0,0,0,,Randall
DSCN9926,8,4,Playa Blanca,,arana,,,2,2022,feb-24,489.935,6,0,0,0,0,No se ve bien. Hay mucha alga.,Randall
DSCN9927,8,5,Playa Blanca,,arana,,,2,2022,feb-24,458.259,5,0,0,0,0,Se ve mal.,Randall
DSCN9928,8,6,Playa Blanca,,arana,,,2,2022,feb-24,399.871,6,0,0,0,0,,Randall
DSCN9929,8,7,Playa Blanca,,arana,,,2,2022,feb-24,920.384,14,0,0,0,0,,Randall
DSCN9818,9,1,Playa Blanca,,arana,,,2,2022,feb-24,304.097,5,0,0,0,0,,Randall
DSCN9819,9,2,Playa Blanca,,arana,,,2,2022,feb-24,465.092,6,0,0,0,0,Podrían ser 7,Randall
DSCN9820,9,3,Playa Blanca,,arana,,,2,2022,feb-24,457.776,7,0,0,0,0,,Randall
DSCN9821,9,4,Playa Blanca,,arana,,,2,2022,feb-24,413.395,5,0,0,0,0,,Randall
DSCN9822,9,5,Playa Blanca,,arana,,,2,2022,feb-24,441.853,4,0,0,0,0,,Randall
DSCN9823,9,6,Playa Blanca,,arana,,,2,2022,feb-24,247.091,6,0,0,0,0,Se ve mal. Peces atravesados.,Randall
DSCN9824,9,7,Playa Blanca,,arana,,,2,2022,feb-24,954.137,14,0,2,0,0,,Randall
DSCN9849,10,1,Playa Blanca,,arana,,,2,2022,feb-24,423.597,6,0,0,0,0,,Randall
DSCN9850,10,2,Playa Blanca,,arana,,,2,2022,feb-24,243.054,5,0,0,2,0,,Randall
DSCN9851,10,3,Playa Blanca,,arana,,,2,2022,feb-24,415.696,5,0,1,0,0,,Randall
DSCN9852,10,4,Playa Blanca,,arana,,,2,2022,feb-24,377.274,5,0,0,1,0,,Randall
DSCN9853,10,5,Playa Blanca,,arana,,,2,2022,feb-24,255.682,5,0,0,0,0,,Randall
DSCN9854,10,6,Playa Blanca,,arana,,,2,2022,feb-24,130.661,2,1,0,0,0,,Randall
DSCN9855,10,7,Playa Blanca,,arana,,,2,2022,feb-24,940.697,15,0,0,1,0,,Randall
DSCN8716,6,1,Playa Blanca,,arana,,,3,2022,mar-24,376.274,6,0,0,0,0,,Randall
DSCN8717,6,2,Playa Blanca,,arana,,,3,2022,mar-24,577.212,6,0,0,0,0,,Randall
DSCN8718,6,3,Playa Blanca,,arana,,,3,2022,mar-24,442.797,6,0,0,0,0,,Randall
DSCN8719,6,4,Playa Blanca,,arana,,,3,2022,mar-24,414.963,5,0,0,0,0,,Randall
DSCN8720,6,5,Playa Blanca,,arana,,,3,2022,mar-24,325.094,5,1,0,0,0,,Randall
DSCN8721,6,6,Playa Blanca,,arana,,,3,2022,mar-24,352.098,8,0,0,0,0,Podrian ser 7,Randall
DSCN8722,6,7,Playa Blanca,,arana,,,3,2022,mar-24,770.839,11,0,0,1,0,1 coral esta cortado,Randall
DSCN8724,7,1,Playa Blanca,,arana,,,3,2022,mar-24,332.413,5,0,0,1,0,Podrían ser 5.,Randall
DSCN8725,7,2,Playa Blanca,,arana,,,3,2022,mar-24,350.834,5,0,0,0,0,,Randall
DSCN8726,7,3,Playa Blanca,,arana,,,3,2022,mar-24,274.952,4,0,0,0,0,,Randall
DSCN8727,7,4,Playa Blanca,,arana,,,3,2022,mar-24,304.450,6,0,0,0,0,No se ve bien,Randall
DSCN8728,7,5,Playa Blanca,,arana,,,3,2022,mar-24,278.512,4,0,0,0,0,,Randall
DSCN8729,7,6,Playa Blanca,,arana,,,3,2022,mar-24,310.381,4,0,0,0,0,,Randall
DSCN8730,7,7,Playa Blanca,,arana,,,3,2022,mar-24,931.913,10,0,0,1,0,Invertebrado,Randall
DSCN8732,8,1,Playa Blanca,,arana,,,3,2022,mar-24,250.734,4,0,0,0,0,,Randall
DSCN8733,8,2,Playa Blanca,,arana,,,3,2022,mar-24,356.214,6,0,0,0,0,,Randall
DSCN8734,8,3,Playa Blanca,,arana,,,3,2022,mar-24,492.212,5,0,0,0,0,,Randall
DSCN8735,8,4,Playa Blanca,,arana,,,3,2022,mar-24,527.275,6,0,0,0,0,,Randall
DSCN8736,8,5,Playa Blanca,,arana,,,3,2022,mar-24,380.135,6,0,0,0,0,,Randall
DSCN8737,8,6,Playa Blanca,,arana,,,3,2022,mar-24,390.556,6,0,0,0,0,,Randall
DSCN8738,8,7,Playa Blanca,,arana,,,3,2022,mar-24,843.464,12,0,1,0,0,1 fragmento creció para abajo y no se ve bien. El del centro tiene alga.,Randall
DSCN8692,9,1,Playa Blanca,,arana,,,3,2022,mar-24,337.237,5,0,0,0,0,,Randall
DSCN8693,9,2,Playa Blanca,,arana,,,3,2022,mar-24,216.699,7,0,1,0,0,,Randall
DSCN8694,9,3,Playa Blanca,,arana,,,3,2022,mar-24,311.612,4,0,0,0,0,,Randall
DSCN8695,9,4,Playa Blanca,,arana,,,3,2022,mar-24,323.928,5,0,0,0,0,,Randall
DSCN8696,9,5,Playa Blanca,,arana,,,3,2022,mar-24,449.998,7,0,0,0,0,,Randall
DSCN8697,9,6,Playa Blanca,,arana,,,3,2022,mar-24,466.526,7,0,0,0,0,Podrían ser 6.,Randall
DSCN8698,9,7,Playa Blanca,,arana,,,3,2022,mar-24,957.630,15,0,2,0,0,Un coral está verde,Randall
DSCN8684,10,1,Playa Blanca,,arana,,,3,2022,mar-24,368.301,7,0,0,0,0,Podrían ser 6.,Randall
DSCN8685,10,2,Playa Blanca,,arana,,,3,2022,mar-24,123.415,2,1,0,0,0,,Randall
DSCN8686,10,3,Playa Blanca,,arana,,,3,2022,mar-24,227.145,5,0,0,0,0,Podrían ser 4,Randall
DSCN8687,10,4,Playa Blanca,,arana,,,3,2022,mar-24,296.643,5,0,0,1,0,Podrían ser 4,Randall
DSCN8688,10,5,Playa Blanca,,arana,,,3,2022,mar-24,369.522,5,0,1,0,0,,Randall
DSCN8689,10,6,Playa Blanca,,arana,,,3,2022,mar-24,217.588,6,0,0,0,0,Un fragmento muy pequeño. Se lo esta comiendo un pez.,Randall
DSCN8690,10,7,Playa Blanca,,arana,,,3,2022,mar-24,904.499,14,0,0,1,0,Tres estan verdes. Un fragmento muy pequeño cerca de la etiqueta,Randall
DSCN9672,103,0,Playa Blanca,,arana,,,10,2022,oct-24,NA,NA,NA,NA,NA,NA,foto de etiqueta,David
DSCN9673,103,1,Playa Blanca,,arana,,,10,2022,oct-24,641.964,5,0,0,0,0,,David
DSCN9674,103,2,Playa Blanca,,arana,,,10,2022,oct-24,312.156,2,0,0,0,0,,David
DSCN9675,103,3,Playa Blanca,,arana,,,10,2022,oct-24,248.661,2,0,0,0,0,,David
DSCN9676,103,4,Playa Blanca,,arana,,,10,2022,oct-24,130.428,1,0,0,1,0,,David
DSCN9677,103,5,Playa Blanca,,arana,,,10,2022,oct-24,869.963,6,0,0,0,0,,David
DSCN9678,103,6,Playa Blanca,,arana,,,10,2022,oct-24,314.098,3,0,0,0,0,,David
DSCN9679,103,7,Playa Blanca,,arana,,,10,2022,oct-24,895.010,11,0,0,0,0,,David
DSCN9563,18,0,Playa Blanca,,arana,,,10,2022,oct-24,NA,NA,NA,NA,NA,NA,foto de etiqueta,David
DSCN9564,18,1,Playa Blanca,,arana,,,10,2022,oct-24,618.461,7,0,1,0,0,,David
DSCN9565,18,2,Playa Blanca,,arana,,,10,2022,oct-24,954.833,8,0,0,0,0,,David
DSCN9566,18,3,Playa Blanca,,arana,,,10,2022,oct-24,588.886,7,0,0,0,0,,David
DSCN9567,18,4,Playa Blanca,,arana,,,10,2022,oct-24,507.303,7,0,0,0,0,mala visibilidad,David
DSCN9568,18,5,Playa Blanca,,arana,,,10,2022,oct-24,910.409,6,0,0,0,0,,David
DSCN9569,18,6,Playa Blanca,,arana,,,10,2022,oct-24,690.890,5,0,0,0,0,,David
DSCN9570,18,7,Playa Blanca,,arana,,,10,2022,oct-24,"1,701.630",14,0,2,0,0,,David
DSCN9604,104,0,Playa Blanca,,arana,,,10,2022,oct-24,NA,NA,NA,NA,NA,NA,foto de etiqueta,David
DSCN9605,104,1,Playa Blanca,,arana,,,10,2022,oct-24,799.509,6,0,2,0,0,,David
DSCN9606,104,2,Playa Blanca,,arana,,,10,2022,oct-24,NA,NA,NA,NA,NA,NA,foto repetida,David
DSCN9607,104,3,Playa Blanca,,arana,,,10,2022,oct-24,289.097,3,0,0,0,0,mala visibilidad,David
DSCN9608,104,4,Playa Blanca,,arana,,,10,2022,oct-24,405.244,6,0,0,0,0,mala visibilidad,David
DSCN9609,104,5,Playa Blanca,,arana,,,10,2022,oct-24,373.123,4,0,0,0,0,,David
DSCN9610,104,6,Playa Blanca,,arana,,,10,2022,oct-24,698.312,6,0,1,0,0,,David
DSCN9611,104,7,Playa Blanca,,arana,,,10,2022,oct-24,238.806,2,0,0,0,0,,David
DSCN9612,104,8,Playa Blanca,,arana,,,10,2022,oct-24,"1,998.120",16,0,2,0,0,,David
DSCN9571,173,0,Playa Blanca,,arana,,,10,2022,oct-24,NA,NA,NA,NA,NA,NA,foto de etiqueta,David
DSCN9572,173,1,Playa Blanca,,arana,,,10,2022,oct-24,257.653,3,0,0,1,0,,David
DSCN9573,173,2,Playa Blanca,,arana,,,10,2022,oct-24,747.821,6,0,0,0,0,,David
DSCN9574,173,3,Playa Blanca,,arana,,,10,2022,oct-24,465.842,4,0,0,0,0,,David
DSCN9575,173,4,Playa Blanca,,arana,,,10,2022,oct-24,760.240,6,0,0,0,0,,David
DSCN9576,173,5,Playa Blanca,,arana,,,10,2022,oct-24,534.595,4,0,0,0,0,,David
DSCN9577,173,6,Playa Blanca,,arana,,,10,2022,oct-24,220.871,2,0,0,0,0,mala visibilidad,David
DSCN9578,173,7,Playa Blanca,,arana,,,10,2022,oct-24,"2,390.850",14,0,0,0,0,,David
DSCN9595,109,0,Playa Blanca,,arana,,,10,2022,oct-24,NA,NA,NA,NA,NA,NA,foto de etiqueta,David
DSCN9596,109,1,Playa Blanca,,arana,,,10,2022,oct-24,406.072,3,0,0,0,0,mala visibilidad,David
DSCN9597,109,2,Playa Blanca,,arana,,,10,2022,oct-24,806.090,6,0,0,0,0,,David
DSCN9598,109,3,Playa Blanca,,arana,,,10,2022,oct-24,490.717,5,0,0,0,0,,David
DSCN9599,109,4,Playa Blanca,,arana,,,10,2022,oct-24,774.937,6,0,0,0,0,,David
DSCN9600,109,5,Playa Blanca,,arana,,,10,2022,oct-24,497.215,3,0,0,0,0,,David
DSCN9601,109,6,Playa Blanca,,arana,,,10,2022,oct-24,203.187,2,0,0,0,0,mala visibilidad,David
DSCN9602,109,7,Playa Blanca,,arana,,,10,2022,oct-24,"2,266.990",12,0,0,0,0,,David
DSCN9680,20,0,Playa Blanca,,arana,,,10,2022,oct-24,NA,NA,NA,NA,NA,NA,foto sin etiqueta,David
DSCN9681,20,1,Playa Blanca,,arana,,,10,2022,oct-24,NA,NA,NA,NA,NA,NA,foto de un solo coral,David
DSCN9682,20,2,Playa Blanca,,arana,,,10,2022,oct-24,316.081,3,0,0,0,0,,David
DSCN9683,20,3,Playa Blanca,,arana,,,10,2022,oct-24,NA,NA,NA,NA,NA,NA,foto repetida,David
DSCN9684,20,4,Playa Blanca,,arana,,,10,2022,oct-24,484.859,7,0,0,0,1,,David
DSCN9685,20,5,Playa Blanca,,arana,,,10,2022,oct-24,790.720,6,0,0,0,0,,David
DSCN9686,20,6,Playa Blanca,,arana,,,10,2022,oct-24,610.034,6,0,2,0,0,,David
DSCN9687,20,7,Playa Blanca,,arana,,,10,2022,oct-24,680.445,5,0,1,0,0,,David
DSCN9688,20,8,Playa Blanca,,arana,,,10,2022,oct-24,594.176,6,0,1,0,0,,David
DSCN9689,20,9,Playa Blanca,,arana,,,10,2022,oct-24,"1,389.840",9,0,0,0,0,,David
DSCN9511,163,1,Playa Blanca,,arana,,,10,2022,oct-24,191.027,5,0,0,0,0,,Shantall
DSCN9512,163,2,Playa Blanca,,arana,,,10,2022,oct-24,105.660,3,0,0,1,0,,Shantall
DSCN9513,163,3,Playa Blanca,,arana,,,10,2022,oct-24,122.050,4,0,0,0,0,,Shantall
DSCN9514,163,4,Playa Blanca,,arana,,,10,2022,oct-24,67.620,4,0,0,0,0,,Shantall
DSCN9515,163,5,Playa Blanca,,arana,,,10,2022,oct-24,108.030,4,0,0,0,0,1 no se ve completo,Shantall
DSCN9516,163,6,Playa Blanca,,arana,,,10,2022,oct-24,74.000,2,0,0,0,0,,Shantall
DSCN9517,163,7,Playa Blanca,,arana,,,10,2022,oct-24,276.020,8,0,0,1,0,,Shantall
DSCN9519,164,1,Playa Blanca,,arana,,,10,2022,oct-24,175.150,4,0,0,1,0,,Shantall
DSCN9520,164,2,Playa Blanca,,arana,,,10,2022,oct-24,121.300,3,0,0,0,0,,Shantall
DSCN9521,164,3,Playa Blanca,,arana,,,10,2022,oct-24,70.350,3,0,0,0,0,,Shantall
DSCN9522,164,4,Playa Blanca,,arana,,,10,2022,oct-24,39.680,2,0,0,0,0,,Shantall
DSCN9523,164,5,Playa Blanca,,arana,,,10,2022,oct-24,84.210,4,0,0,1,0,,Shantall
DSCN9524,164,6,Playa Blanca,,arana,,,10,2022,oct-24,394.270,4,0,0,0,0,,Shantall
DSCN9525,164,7,Playa Blanca,,arana,,,10,2022,oct-24,251.970,7,0,0,1,0,,Shantall
DSCN9493,165,1,Playa Blanca,,arana,,,10,2022,oct-24,155.300,3,0,0,0,0,,Shantall
DSCN9494,165,2,Playa Blanca,,arana,,,10,2022,oct-24,221.490,4,0,0,1,0,,Shantall
DSCN9496,165,3,Playa Blanca,,arana,,,10,2022,oct-24,92.940,3,0,0,1,0,,Shantall
DSCN9497,165,4,Playa Blanca,,arana,,,10,2022,oct-24,123.230,3,0,0,0,0,,Shantall
DSCN9498,165,5,Playa Blanca,,arana,,,10,2022,oct-24,373.130,5,0,0,0,0,,Shantall
DSCN9499,165,6,Playa Blanca,,arana,,,10,2022,oct-24,355.310,4,0,0,0,0,,Shantall
DSCN9501,165,7,Playa Blanca,,arana,,,10,2022,oct-24,265.300,10,0,0,0,0,,Shantall
DSCN9503,166,1,Playa Blanca,,arana,,,10,2022,oct-24,320.610,3,0,0,1,0,,Shantall
DSCN9504,166,2,Playa Blanca,,arana,,,10,2022,oct-24,55.130,2,0,1,0,0,,Shantall
DSCN9505,166,3,Playa Blanca,,arana,,,10,2022,oct-24,331.570,4,0,0,3,0,,Shantall
DSCN9506,166,4,Playa Blanca,,arana,,,10,2022,oct-24,294.810,5,0,0,0,0,,Shantall
DSCN9507,166,5,Playa Blanca,,arana,,,10,2022,oct-24,84.015,2,0,0,1,0,,Shantall
DSCN9508,166,6,Playa Blanca,,arana,,,10,2022,oct-24,283.980,4,0,0,0,0,,Shantall
DSCN9509,166,7,Playa Blanca,,arana,,,10,2022,oct-24,264.770,6,0,0,1,0,,Shantall
DSCN0042,103,0,Playa Blanca,,arana,,,11,2022,nov-24,NA,NA,NA,NA,NA,NA,foto de etiqueta,David
DSCN0043,103,1,Playa Blanca,,arana,,,11,2022,nov-24,891.345,6,0,0,1,0,,David
DSCN0044,103,2,Playa Blanca,,arana,,,11,2022,nov-24,210.320,2,0,0,0,0,,David
DSCN0045,103,3,Playa Blanca,,arana,,,11,2022,nov-24,NA,NA,NA,NA,NA,NA,repetida,David
DSCN0046,103,4,Playa Blanca,,arana,,,11,2022,nov-24,740.397,5,0,0,0,0,,David
DSCN0047,103,5,Playa Blanca,,arana,,,11,2022,nov-24,288.791,2,0,0,0,0,,David
DSCN0048,103,6,Playa Blanca,,arana,,,11,2022,nov-24,257.991,3,0,0,0,0,,David
DSCN0049,103,7,Playa Blanca,,arana,,,11,2022,nov-24,345.917,4,0,0,0,0,,David
DSCN0050,103,8,Playa Blanca,,arana,,,11,2022,nov-24,"1,034.020",9,0,0,0,0,,David
DSCN0018,18,0,Playa Blanca,,arana,,,11,2022,nov-24,NA,NA,NA,NA,NA,NA,foto de etiqueta,David
DSCN0019,18,1,Playa Blanca,,arana,,,11,2022,nov-24,651.459,7,0,0,0,0,mala visibilidad,David
DSCN0020,18,2,Playa Blanca,,arana,,,11,2022,nov-24,812.089,6,0,0,0,0,mala visibilidad,David
DSCN0021,18,3,Playa Blanca,,arana,,,11,2022,nov-24,677.103,6,0,0,0,0,mala visibilidad,David
DSCN0022,18,4,Playa Blanca,,arana,,,11,2022,nov-24,639.732,7,0,0,0,0,mala visibilidad,David
DSCN0023,18,5,Playa Blanca,,arana,,,11,2022,nov-24,759.167,7,0,0,0,0,mala visibilidad,David
DSCN0024,18,6,Playa Blanca,,arana,,,11,2022,nov-24,"1,000.570",9,0,0,0,0,mala visibilidad,David
DSCN0025,18,7,Playa Blanca,,arana,,,11,2022,nov-24,"1,703.240",12,0,0,0,0,mala visibilidad,David
DSCN0026,104,0,Playa Blanca,,arana,,,11,2022,nov-24,NA,NA,NA,NA,NA,NA,foto de etiqueta,David
DSCN0027,104,1,Playa Blanca,,arana,,,11,2022,nov-24,723.441,5,0,0,0,0,,David
DSCN0028,104,2,Playa Blanca,,arana,,,11,2022,nov-24,276.406,3,0,0,1,0,,David
DSCN0029,104,3,Playa Blanca,,arana,,,11,2022,nov-24,895.527,6,0,0,0,0,,David
DSCN0030,104,4,Playa Blanca,,arana,,,11,2022,nov-24,389.109,4,0,0,2,0,,David
DSCN0031,104,5,Playa Blanca,,arana,,,11,2022,nov-24,215.490,5,0,4,0,0,,David
DSCN0032,104,6,Playa Blanca,,arana,,,11,2022,nov-24,337.313,3,0,0,0,0,,David
DSCN0033,104,7,Playa Blanca,,arana,,,11,2022,nov-24,"1,836.690",14,0,0,0,0,,David
DSCN0002,173,0,Playa Blanca,,arana,,,11,2022,nov-24,NA,NA,NA,NA,NA,NA,foto de etiqueta,David
DSCN0003,173,1,Playa Blanca,,arana,,,11,2022,nov-24,550.756,5,0,0,0,0,,David
DSCN0004,173,2,Playa Blanca,,arana,,,11,2022,nov-24,291.171,3,0,0,1,0,,David
DSCN0005,173,3,Playa Blanca,,arana,,,11,2022,nov-24,751.077,7,0,0,0,0,,David
DSCN0006,173,4,Playa Blanca,,arana,,,11,2022,nov-24,539.623,5,0,0,0,0,mala visibilidad,David
DSCN0007,173,5,Playa Blanca,,arana,,,11,2022,nov-24,635.196,5,0,0,1,0,,David
DSCN0008,173,6,Playa Blanca,,arana,,,11,2022,nov-24,867.058,6,0,0,0,0,,David
DSCN0009,173,7,Playa Blanca,,arana,,,11,2022,nov-24,"2,122.190",16,0,0,0,0,,David
DSCN9993,109,0,Playa Blanca,,arana,,,11,2022,nov-24,NA,NA,NA,NA,NA,NA,foto de etiqueta,David
DSCN9994,109,1,Playa Blanca,,arana,,,11,2022,nov-24,333.306,5,0,0,0,0,,David
DSCN9995,109,2,Playa Blanca,,arana,,,11,2022,nov-24,277.874,3,0,0,2,0,,David
DSCN9996,109,3,Playa Blanca,,arana,,,11,2022,nov-24,406.268,4,0,0,0,0,,David
DSCN9997,109,4,Playa Blanca,,arana,,,11,2022,nov-24,752.835,6,0,0,0,0,,David
DSCN9998,109,5,Playa Blanca,,arana,,,11,2022,nov-24,592.331,5,0,0,0,0,,David
DSCN9999,109,6,Playa Blanca,,arana,,,11,2022,nov-24,636.047,6,0,1,0,0,,David
DSCN0001,109,7,Playa Blanca,,arana,,,11,2022,nov-24,"1,673.720",14,0,0,0,0,,David
DSCN0034,20,0,Playa Blanca,,arana,,,11,2022,nov-24,NA,NA,NA,NA,NA,NA,foto de etiqueta,David
DSCN0035,20,1,Playa Blanca,,arana,,,11,2022,nov-24,382.986,4,0,0,1,0,mala visibilidad,David
DSCN0036,20,2,Playa Blanca,,arana,,,11,2022,nov-24,472.582,4,0,0,0,0,,David
DSCN0037,20,3,Playa Blanca,,arana,,,11,2022,nov-24,720.022,5,0,0,0,0,,David
DSCN0038,20,4,Playa Blanca,,arana,,,11,2022,nov-24,582.757,6,0,0,0,0,,David
DSCN0039,20,5,Playa Blanca,,arana,,,11,2022,nov-24,735.284,5,0,0,0,0,,David
DSCN0040,20,6,Playa Blanca,,arana,,,11,2022,nov-24,707.428,5,0,0,0,0,,David
DSCN0041,20,7,Playa Blanca,,arana,,,11,2022,nov-24,"1,510.050",10,0,0,0,0,,David
DSCN0068,163,1,Playa Blanca,,arana,,,11,2022,nov-24,223.250,5,0,0,0,0,,Shantall
DSCN0073,163,2,Playa Blanca,,arana,,,11,2022,nov-24,127.870,3,0,0,0,0,,Shantall
DSCN0072,163,3,Playa Blanca,,arana,,,11,2022,nov-24,132.920,4,0,0,0,0,visibilidad mala,Shantall
DSCN0071,163,4,Playa Blanca,,arana,,,11,2022,nov-24,79.140,4,0,1,0,0,,Shantall
DSCN0070,163,5,Playa Blanca,,arana,,,11,2022,nov-24,93.050,4,0,1,0,0,,Shantall
DSCN0069,163,6,Playa Blanca,,arana,,,11,2022,nov-24,77.290,2,0,0,0,0,,Shantall
DSCN0074,163,7,Playa Blanca,,arana,,,11,2022,nov-24,324.860,8,0,0,0,0,,Shantall
DSCN0011,164,1,Playa Blanca,,arana,,,11,2022,nov-24,193.750,4,0,0,0,0,,Shantall
DSCN0016,164,2,Playa Blanca,,arana,,,11,2022,nov-24,154.900,3,0,0,0,0,,Shantall
DSCN0015,164,3,Playa Blanca,,arana,,,11,2022,nov-24,65.140,2,0,0,1,0,,Shantall
DSCN0014,164,4,Playa Blanca,,arana,,,11,2022,nov-24,51.150,2,0,0,0,0,,Shantall
DSCN0013,164,5,Playa Blanca,,arana,,,11,2022,nov-24,108.110,4,0,0,0,0,,Shantall
DSCN0012,164,6,Playa Blanca,,arana,,,11,2022,nov-24,424.140,4,0,0,0,0,,Shantall
DSCN0017,164,7,Playa Blanca,,arana,,,11,2022,nov-24,297.500,7,0,0,0,0,,Shantall
DSCN0138,165,1,Playa Blanca,,arana,,,11,2022,nov-24,167.530,3,0,0,0,0,,Shantall
DSCN0143,165,2,Playa Blanca,,arana,,,11,2022,nov-24,253.200,4,0,0,0,0,,Shantall
DSCN0142,165,3,Playa Blanca,,arana,,,11,2022,nov-24,110.900,3,0,0,0,0,,Shantall
DSCN0141,165,4,Playa Blanca,,arana,,,11,2022,nov-24,129.600,3,0,0,0,0,,Shantall
DSCN0140,165,5,Playa Blanca,,arana,,,11,2022,nov-24,344.700,4,0,0,1,0,,Shantall
DSCN0139,165,6,Playa Blanca,,arana,,,11,2022,nov-24,370.750,4,0,0,0,0,,Shantall
DSCN0144,165,7,Playa Blanca,,arana,,,11,2022,nov-24,289.240,11,0,0,0,0,,Shantall
DSCN0130,166,1,Playa Blanca,,arana,,,11,2022,nov-24,314.700,2,0,0,1,0,,Shantall
DSCN0135,166,2,Playa Blanca,,arana,,,11,2022,nov-24,84.700,2,0,0,0,0,,Shantall
DSCN0134,166,3,Playa Blanca,,arana,,,11,2022,nov-24,363.720,5,0,0,0,0,,Shantall
DSCN0133,166,4,Playa Blanca,,arana,,,11,2022,nov-24,329.590,5,0,0,0,0,,Shantall
DSCN0132,166,5,Playa Blanca,,arana,,,11,2022,nov-24,103.210,3,0,0,0,0,,Shantall
DSCN0131,166,6,Playa Blanca,,arana,,,11,2022,nov-24,325.420,4,0,0,0,0,,Shantall
DSCN0136,166,7,Playa Blanca,,arana,,,11,2022,nov-24,379.080,7,0,0,0,0,,Shantall
DSCN0514,103,0,Playa Blanca,,arana,,,12,2022,dic-24,NA,NA,NA,NA,NA,NA,foto de etiqueta,David
DSCN0515,103,1,Playa Blanca,,arana,,,12,2022,dic-24,822.246,5,0,0,0,0,,David
DSCN0516,103,2,Playa Blanca,,arana,,,12,2022,dic-24,432.676,4,0,0,0,0,,David
DSCN0517,103,3,Playa Blanca,,arana,,,12,2022,dic-24,336.760,4,0,0,0,0,,David
DSCN0518,103,4,Playa Blanca,,arana,,,12,2022,dic-24,284.467,2,0,0,0,0,,David
DSCN0519,103,5,Playa Blanca,,arana,,,12,2022,dic-24,770.290,5,0,0,0,0,,David
DSCN0520,103,6,Playa Blanca,,arana,,,12,2022,dic-24,382.012,2,0,0,0,0,,David
DSCN0521,103,7,Playa Blanca,,arana,,,12,2022,dic-24,NA,NA,NA,NA,NA,NA,repetida,David
DSCN0522,103,8,Playa Blanca,,arana,,,12,2022,dic-24,"1,076.570",9,0,0,0,0,,David
DSCN0547,18,0,Playa Blanca,,arana,,,12,2022,dic-24,NA,NA,NA,NA,NA,NA,foto de etiqueta,David
DSCN0548,18,1,Playa Blanca,,arana,,,12,2022,dic-24,759.318,7,0,2,0,0,,David
DSCN0549,18,2,Playa Blanca,,arana,,,12,2022,dic-24,"1,116.180",9,0,0,0,0,,David
DSCN0550,18,3,Playa Blanca,,arana,,,12,2022,dic-24,808.533,8,0,0,0,0,,David
DSCN0551,18,4,Playa Blanca,,arana,,,12,2022,dic-24,619.631,7,0,0,0,0,,David
DSCN0552,18,5,Playa Blanca,,arana,,,12,2022,dic-24,893.119,7,0,0,0,0,,David
DSCN0553,18,6,Playa Blanca,,arana,,,12,2022,dic-24,841.195,7,0,0,0,0,,David
DSCN0554,18,7,Playa Blanca,,arana,,,12,2022,dic-24,"1,738.210",13,0,0,0,0,,David
DSCN0555,104,0,Playa Blanca,,arana,,,12,2022,dic-24,NA,NA,NA,NA,NA,NA,foto de etiqueta,David
DSCN0556,104,1,Playa Blanca,,arana,,,12,2022,dic-24,978.343,6,0,0,0,0,,David
DSCN0557,104,2,Playa Blanca,,arana,,,12,2022,dic-24,416.111,4,0,0,0,0,,David
DSCN0558,104,3,Playa Blanca,,arana,,,12,2022,dic-24,275.500,6,0,0,0,0,,David
DSCN0559,104,4,Playa Blanca,,arana,,,12,2022,dic-24,NA,NA,NA,NA,NA,NA,repetido,David
DSCN0560,104,5,Playa Blanca,,arana,,,12,2022,dic-24,532.065,4,0,0,1,0,,David
DSCN0561,104,6,Playa Blanca,,arana,,,12,2022,dic-24,909.176,6,0,0,0,0,,David
DSCN0562,104,7,Playa Blanca,,arana,,,12,2022,dic-24,323.318,4,0,1,0,0,,David
DSCN0563,104,8,Playa Blanca,,arana,,,12,2022,dic-24,"1,949.970",19,0,0,0,0,,David
DSCN0620,173,0,Playa Blanca,,arana,,,12,2022,dic-24,NA,NA,NA,NA,NA,NA,foto de etiqueta,David
DSCN0621,173,1,Playa Blanca,,arana,,,12,2022,dic-24,537.131,6,0,0,0,0,,David
DSCN0622,173,2,Playa Blanca,,arana,,,12,2022,dic-24,876.755,6,0,0,0,0,,David
DSCN0623,173,3,Playa Blanca,,arana,,,12,2022,dic-24,638.006,7,0,0,0,0,,David
DSCN0624,173,4,Playa Blanca,,arana,,,12,2022,dic-24,563.087,5,0,0,0,0,,David
DSCN0625,173,5,Playa Blanca,,arana,,,12,2022,dic-24,727.401,8,0,0,0,0,,David
DSCN0626,173,6,Playa Blanca,,arana,,,12,2022,dic-24,376.055,5,0,1,1,0,,David
DSCN0627,173,7,Playa Blanca,,arana,,,12,2022,dic-24,"2,266.070",15,0,1,0,0,,David
DSCN0612,109,0,Playa Blanca,,arana,,,12,2022,dic-24,NA,NA,NA,NA,NA,NA,foto de etiqueta,David
DSCN0613,109,1,Playa Blanca,,arana,,,12,2022,dic-24,351.421,5,0,0,0,0,,David
DSCN0614,109,2,Playa Blanca,,arana,,,12,2022,dic-24,754.128,6,0,1,0,0,,David
DSCN0615,109,3,Playa Blanca,,arana,,,12,2022,dic-24,647.629,6,0,0,0,0,,David
DSCN0616,109,4,Playa Blanca,,arana,,,12,2022,dic-24,834.991,6,0,0,0,0,,David
DSCN0617,109,5,Playa Blanca,,arana,,,12,2022,dic-24,465.034,4,0,0,0,0,,David
DSCN0618,109,6,Playa Blanca,,arana,,,12,2022,dic-24,286.175,3,0,0,2,0,,David
DSCN0619,109,7,Playa Blanca,,arana,,,12,2022,dic-24,"2,234.450",16,0,0,0,0,,David
DSCN0564,20,0,Playa Blanca,,arana,,,12,2022,dic-24,NA,NA,NA,NA,NA,NA,foto de etiqueta,David
DSCN0565,20,1,Playa Blanca,,arana,,,12,2022,dic-24,461.481,5,0,0,0,0,,David
DSCN0566,20,2,Playa Blanca,,arana,,,12,2022,dic-24,677.468,6,0,0,0,0,,David
DSCN0567,20,3,Playa Blanca,,arana,,,12,2022,dic-24,405.237,4,0,0,0,0,,David
DSCN0568,20,4,Playa Blanca,,arana,,,12,2022,dic-24,873.959,7,0,0,0,0,,David
DSCN0569,20,5,Playa Blanca,,arana,,,12,2022,dic-24,466.985,5,0,0,0,0,,David
DSCN0570,20,6,Playa Blanca,,arana,,,12,2022,dic-24,399.124,4,0,0,1,0,,David
DSCN0571,20,7,Playa Blanca,,arana,,,12,2022,dic-24,"1,867.850",15,0,0,0,0,,David
DSCN0480,163,1,Playa Blanca,,arana,,,12,2022,dic-24,251.370,5,0,0,0,0,,Shantall
DSCN0481,163,2,Playa Blanca,,arana,,,12,2022,dic-24,130.500,3,0,0,0,0,"mala visibilidad, pez tapa",Shantall
DSCN0482,163,3,Playa Blanca,,arana,,,12,2022,dic-24,96.360,3,0,0,1,0,,Shantall
DSCN0483,163,4,Playa Blanca,,arana,,,12,2022,dic-24,69.350,4,0,1,0,0,,Shantall
DSCN0484,163,5,Playa Blanca,,arana,,,12,2022,dic-24,107.160,3,0,1,0,0,,Shantall
DSCN0485,163,6,Playa Blanca,,arana,,,12,2022,dic-24,79.050,2,0,0,0,0,,Shantall
DSCN0486,163,7,Playa Blanca,,arana,,,12,2022,dic-24,413.180,8,0,0,0,0,,Shantall
DSCN0540,164,1,Playa Blanca,,arana,,,12,2022,dic-24,222.100,4,0,0,0,0,,Shantall
DSCN0541,164,2,Playa Blanca,,arana,,,12,2022,dic-24,156.820,3,0,0,0,0,,Shantall
DSCN0542,164,3,Playa Blanca,,arana,,,12,2022,dic-24,68.300,2,0,0,0,0,,Shantall
DSCN0543,164,4,Playa Blanca,,arana,,,12,2022,dic-24,58.600,2,0,0,0,0,,Shantall
DSCN0544,164,5,Playa Blanca,,arana,,,12,2022,dic-24,122.800,4,0,0,0,0,,Shantall
DSCN0545,164,6,Playa Blanca,,arana,,,12,2022,dic-24,392.700,3,0,0,1,0,,Shantall
DSCN0546,164,7,Playa Blanca,,arana,,,12,2022,dic-24,372.400,7,0,0,0,0,,Shantall
DSCN0413,165,1,Playa Blanca,,arana,,,12,2022,dic-24,198.300,3,0,0,0,0,,Shantall
DSCN0414,165,2,Playa Blanca,,arana,,,12,2022,dic-24,259.200,4,0,0,0,0,,Shantall
DSCN0415,165,3,Playa Blanca,,arana,,,12,2022,dic-24,108.800,3,0,1,0,0,,Shantall
DSCN0416,165,4,Playa Blanca,,arana,,,12,2022,dic-24,133.000,3,0,0,0,0,,Shantall
DSCN0417,165,5,Playa Blanca,,arana,,,12,2022,dic-24,395.200,4,0,0,0,0,,Shantall
DSCN0418,165,6,Playa Blanca,,arana,,,12,2022,dic-24,343.400,3,0,0,1,0,,Shantall
DSCN0419,165,7,Playa Blanca,,arana,,,12,2022,dic-24,333.450,11,0,0,0,0,,Shantall
DSCN0472,166,1,Playa Blanca,,arana,,,12,2022,dic-24,426.700,3,0,0,0,0,,Shantall
DSCN0473,166,2,Playa Blanca,,arana,,,12,2022,dic-24,72.620,2,0,1,0,0,,Shantall
DSCN0474,166,3,Playa Blanca,,arana,,,12,2022,dic-24,420.990,5,0,0,0,0,,Shantall
DSCN0475,166,4,Playa Blanca,,arana,,,12,2022,dic-24,380.220,5,0,0,0,0,,Shantall
DSCN0476,166,5,Playa Blanca,,arana,,,12,2022,dic-24,104.780,2,0,0,1,0,,Shantall
DSCN0477,166,6,Playa Blanca,,arana,,,12,2022,dic-24,458.530,4,0,0,0,0,,Shantall
DSCN0478,166,7,Playa Blanca,,arana,,,12,2022,dic-24,432.540,7,0,0,0,0,,Shantall
DSCN1391,103,0,Playa Blanca,,arana,,,1,2023,ene-24,NA,NA,NA,NA,NA,NA,foto de etiqueta,David
DSCN1392,103,1,Playa Blanca,,arana,,,1,2023,ene-24,959.575,6,0,0,0,0,,David
DSCN1393,103,2,Playa Blanca,,arana,,,1,2023,ene-24,505.356,4,0,0,0,0,,David
DSCN1394,103,3,Playa Blanca,,arana,,,1,2023,ene-24,907.063,7,0,0,0,0,,David
DSCN1395,103,4,Playa Blanca,,arana,,,1,2023,ene-24,442.645,3,0,0,1,0,,David
DSCN1396,103,5,Playa Blanca,,arana,,,1,2023,ene-24,280.139,4,0,0,1,0,,David
DSCN1397,103,6,Playa Blanca,,arana,,,1,2023,ene-24,494.623,4,0,0,0,0,,David
DSCN1398,103,7,Playa Blanca,,arana,,,1,2023,ene-24,"1,000.160",9,0,0,0,0,,David
DSCN1367,18,0,Playa Blanca,,arana,,,1,2023,ene-24,NA,NA,NA,NA,NA,NA,foto de etiqueta,David
DSCN1368,18,1,Playa Blanca,,arana,,,1,2023,ene-24,669.325,7,0,0,0,0,,David
DSCN1369,18,2,Playa Blanca,,arana,,,1,2023,ene-24,790.065,7,0,0,0,0,,David
DSCN1370,18,3,Playa Blanca,,arana,,,1,2023,ene-24,642.118,5,0,0,0,0,,David
DSCN1371,18,4,Playa Blanca,,arana,,,1,2023,ene-24,674.375,7,0,0,0,0,,David
DSCN1372,18,5,Playa Blanca,,arana,,,1,2023,ene-24,819.792,7,0,0,0,0,,David
DSCN1373,18,6,Playa Blanca,,arana,,,1,2023,ene-24,"1,034.130",10,0,0,0,0,,David
DSCN1374,18,7,Playa Blanca,,arana,,,1,2023,ene-24,"2,019.360",16,0,0,0,0,,David
DSCN1375,104,0,Playa Blanca,,arana,,,1,2023,ene-24,NA,NA,NA,NA,NA,NA,foto de etiqueta,David
DSCN1376,104,1,Playa Blanca,,arana,,,1,2023,ene-24,868.970,6,0,0,0,0,,David
DSCN1377,104,2,Playa Blanca,,arana,,,1,2023,ene-24,309.888,2,0,0,1,0,,David
DSCN1378,104,3,Playa Blanca,,arana,,,1,2023,ene-24,879.868,6,0,0,0,0,,David
DSCN1379,104,4,Playa Blanca,,arana,,,1,2023,ene-24,419.631,4,0,0,1,0,,David
DSCN1380,104,5,Playa Blanca,,arana,,,1,2023,ene-24,313.400,6,0,4,0,0,,David
DSCN1381,104,6,Playa Blanca,,arana,,,1,2023,ene-24,408.546,3,0,0,0,0,,David
DSCN1382,104,7,Playa Blanca,,arana,,,1,2023,ene-24,"1,894.050",16,0,0,0,0,,David
DSCN1359,173,0,Playa Blanca,,arana,,,1,2023,ene-24,NA,NA,NA,NA,NA,NA,foto de etiqueta,David
DSCN1360,173,1,Playa Blanca,,arana,,,1,2023,ene-24,655.647,6,0,0,0,0,,David
DSCN1361,173,2,Playa Blanca,,arana,,,1,2023,ene-24,264.704,3,0,1,0,0,,David
DSCN1362,173,3,Playa Blanca,,arana,,,1,2023,ene-24,760.219,6,0,0,0,0,,David
DSCN1363,173,4,Playa Blanca,,arana,,,1,2023,ene-24,615.010,5,0,0,0,0,,David
DSCN1364,173,5,Playa Blanca,,arana,,,1,2023,ene-24,590.188,6,0,1,0,0,,David
DSCN1365,173,6,Playa Blanca,,arana,,,1,2023,ene-24,848.950,6,0,0,0,0,,David
DSCN1366,173,7,Playa Blanca,,arana,,,1,2023,ene-24,"2,104.600",15,0,0,0,0,,David
DSCN1352,109,0,Playa Blanca,,arana,,,1,2023,ene-24,NA,NA,NA,NA,NA,NA,foto de etiqueta,David
DSCN1353,109,1,Playa Blanca,,arana,,,1,2023,ene-24,333.617,5,0,1,0,0,,David
DSCN1354,109,2,Playa Blanca,,arana,,,1,2023,ene-24,113.887,2,0,1,2,0,mala visibilidad,David
DSCN1355,109,3,Playa Blanca,,arana,,,1,2023,ene-24,428.599,3,0,0,0,0,,David
DSCN1356,109,4,Playa Blanca,,arana,,,1,2023,ene-24,809.366,6,0,0,0,0,,David
DSCN1357,109,5,Playa Blanca,,arana,,,1,2023,ene-24,582.218,4,0,0,0,0,,David
DSCN1358,109,6,Playa Blanca,,arana,,,1,2023,ene-24,760.267,6,0,0,0,0,,David
DSCN1359,109,7,Playa Blanca,,arana,,,1,2023,ene-24,"2,288.970",19,0,0,0,0,,David
DSCN1383,20,0,Playa Blanca,,arana,,,1,2023,ene-24,NA,NA,NA,NA,NA,NA,foto de etiqueta,David
DSCN1384,20,1,Playa Blanca,,arana,,,1,2023,ene-24,580.180,6,0,0,0,0,,David
DSCN1385,20,2,Playa Blanca,,arana,,,1,2023,ene-24,357.143,4,0,0,0,0,,David
DSCN1386,20,3,Playa Blanca,,arana,,,1,2023,ene-24,493.769,6,0,0,0,0,,David
DSCN1387,20,4,Playa Blanca,,arana,,,1,2023,ene-24,602.146,6,0,0,0,0,,David
DSCN1388,20,5,Playa Blanca,,arana,,,1,2023,ene-24,705.679,7,0,0,0,0,,David
DSCN1389,20,6,Playa Blanca,,arana,,,1,2023,ene-24,782.123,6,0,0,0,0,,David
DSCN1390,20,7,Playa Blanca,,arana,,,1,2023,ene-24,"2,054.920",14,0,0,2,0,,David
DSCN1424,163,1,Playa Blanca,,arana,,,1,2023,ene-24,269.285,5,0,0,0,0,,Shantall
DSCN1425,163,2,Playa Blanca,,arana,,,1,2023,ene-24,147.880,3,0,0,0,0,,Shantall
DSCN1426,163,3,Playa Blanca,,arana,,,1,2023,ene-24,141.655,3,0,0,0,0,,Shantall
DSCN1427,163,4,Playa Blanca,,arana,,,1,2023,ene-24,104.351,4,0,0,0,0,,Shantall
DSCN1428,163,5,Playa Blanca,,arana,,,1,2023,ene-24,119.713,3,0,0,0,0,,Shantall
DSCN1429,163,6,Playa Blanca,,arana,,,1,2023,ene-24,104.625,2,0,0,0,0,,Shantall
DSCN1430,163,7,Playa Blanca,,arana,,,1,2023,ene-24,444.835,8,0,0,0,0,,Shantall
DSCN1416,164,1,Playa Blanca,,arana,,,1,2023,ene-24,281.300,4,0,0,0,0,,Shantall
DSCN1417,164,2,Playa Blanca,,arana,,,1,2023,ene-24,168.130,3,0,0,0,0,,Shantall
DSCN1418,164,3,Playa Blanca,,arana,,,1,2023,ene-24,70.085,2,0,0,0,0,,Shantall
DSCN1419,164,4,Playa Blanca,,arana,,,1,2023,ene-24,79.531,2,0,0,0,0,,Shantall
DSCN1420,164,5,Playa Blanca,,arana,,,1,2023,ene-24,136.570,4,0,1,0,0,,Shantall
DSCN1421,164,6,Playa Blanca,,arana,,,1,2023,ene-24,439.321,3,0,0,0,0,,Shantall
DSCN1422,164,7,Playa Blanca,,arana,,,1,2023,ene-24,573.254,7,0,0,0,0,,Shantall
DSCN1489,165,1,Playa Blanca,,arana,,,1,2023,ene-24,169.285,3,0,1,0,0,,Shantall
DSCN1490,165,2,Playa Blanca,,arana,,,1,2023,ene-24,278.400,4,0,0,0,0,,Shantall
DSCN1491,165,3,Playa Blanca,,arana,,,1,2023,ene-24,117.143,3,0,0,0,0,,Shantall
DSCN1492,165,4,Playa Blanca,,arana,,,1,2023,ene-24,136.120,3,1,1,0,0,,Shantall
DSCN1493,165,5,Playa Blanca,,arana,,,1,2023,ene-24,448.512,4,0,0,0,0,,Shantall
DSCN1494,165,6,Playa Blanca,,arana,,,1,2023,ene-24,410.595,3,0,0,0,0,,Shantall
DSCN1495,165,7,Playa Blanca,,arana,,,1,2023,ene-24,363.531,9,0,0,2,0,,Shantall
DSCN1481,166,1,Playa Blanca,,arana,,,1,2023,ene-24,386.387,3,0,0,0,0,,Shantall
DSCN1482,166,2,Playa Blanca,,arana,,,1,2023,ene-24,84.510,2,0,0,0,0,,Shantall
DSCN1483,166,3,Playa Blanca,,arana,,,1,2023,ene-24,472.378,4,0,0,0,0,,Shantall
DSCN1484,166,4,Playa Blanca,,arana,,,1,2023,ene-24,401.230,5,0,0,0,0,,Shantall
DSCN1485,166,5,Playa Blanca,,arana,,,1,2023,ene-24,91.745,3,0,1,0,0,,Shantall
DSCN1486,166,6,Playa Blanca,,arana,,,1,2023,ene-24,387.860,4,0,1,0,0,,Shantall
DSCN1487,166,7,Playa Blanca,,arana,,,1,2023,ene-24,416.053,6,0,0,1,0,,Shantall
DSCN0099,11,0,Playa Blanca,,arana,,,11,2022,nov-24,NA,NA,NA,NA,NA,NA,ETIQUETA,Patricia
DSCN0100,11,1,Playa Blanca,,arana,,,11,2022,nov-24,131.859,1,0,1,1,0,,Patricia
DSCN0101,11,2,Playa Blanca,,arana,,,11,2022,nov-24,354.219,2,0,0,1,0,,Patricia
DSCN0103,11,3,Playa Blanca,,arana,,,11,2022,nov-24,388.963,4,0,2,1,0,muy mala visibilidad barra de abajo,Patricia
DSCN0104,11,4,Playa Blanca,,arana,,,11,2022,nov-24,258.456,2,0,0,2,0,mala visibilidad,Patricia
DSCN0105,11,5,Playa Blanca,,arana,,,11,2022,nov-24,474.620,5,0,3,0,0,,Patricia
DSCN0106,11,6,Playa Blanca,,arana,,,11,2022,nov-24,674.425,5,0,1,0,0,,Patricia
DSCN0107,11,7,Playa Blanca,,arana,,,11,2022,nov-24,"1,056.800",6,0,2,0,0,,Patricia
DSCN0091,14,0,Playa Blanca,,arana,,,11,2022,nov-24,NA,NA,NA,NA,NA,NA,ETIQUETA,Patricia
DSCN0092,14,1,Playa Blanca,,arana,,,11,2022,nov-24,243.717,3,0,3,1,0,,Patricia
DSCN0093,14,2,Playa Blanca,,arana,,,11,2022,nov-24,241.366,2,0,1,1,0,,Patricia
DSCN0094,14,3,Playa Blanca,,arana,,,11,2022,nov-24,665.942,5,0,0,0,0,,Patricia
DSCN0095,14,4,Playa Blanca,,arana,,,11,2022,nov-24,643.789,4,0,3,1,0,,Patricia
DSCN0096,14,5,Playa Blanca,,arana,,,11,2022,nov-24,367.409,3,0,1,1,0,,Patricia
DSCN0097,14,6,Playa Blanca,,arana,,,11,2022,nov-24,37.899,1,0,1,2,0,bastante mortalidad parcial,Patricia
DSCN0098,14,7,Playa Blanca,,arana,,,11,2022,nov-24,"1,464.840",8,0,0,0,0,,Patricia
DSCN0059,90,0,Playa Blanca,,arana,,,11,2022,nov-24,NA,NA,NA,NA,NA,NA,ETIQUETA,Patricia
DSCN0060,90,1,Playa Blanca,,arana,,,11,2022,nov-24,"1,639.390",7,0,0,0,0,,Patricia
DSCN0061,90,2,Playa Blanca,,arana,,,11,2022,nov-24,648.789,2,0,0,1,0,,Patricia
DSCN0062,90,3,Playa Blanca,,arana,,,11,2022,nov-24,"1,408.790",4,0,0,1,0,,Patricia
DSCN0063,90,4,Playa Blanca,,arana,,,11,2022,nov-24,0.000,0,0,0,1,0,,Patricia
DSCN0064,90,5,Playa Blanca,,arana,,,11,2022,nov-24,"2,326.830",5,0,0,0,0,,Patricia
DSCN0065,90,6,Playa Blanca,,arana,,,11,2022,nov-24,"1,147.040",4,0,2,1,0,,Patricia
DSCN0066,90,7,Playa Blanca,,arana,,,11,2022,nov-24,"1,867.040",7,0,0,0,0,,Patricia
DSCN0075,101,0,Playa Blanca,,arana,,,11,2022,nov-24,NA,NA,NA,NA,NA,NA,ETIQUETA,Patricia
DSCN0076,101,1,Playa Blanca,,arana,,,11,2022,nov-24,"1,564.280",5,0,1,0,0,,Patricia
DSCN0077,101,2,Playa Blanca,,arana,,,11,2022,nov-24,640.733,3,0,0,0,0,,Patricia
DSCN0078,101,3,Playa Blanca,,arana,,,11,2022,nov-24,"1,328.310",5,0,1,2,0,,Patricia
DSCN0079,101,4,Playa Blanca,,arana,,,11,2022,nov-24,593.430,3,0,2,5,0,mala visibilidad. Erizos en medio,Patricia
DSCN0080,101,5,Playa Blanca,,arana,,,11,2022,nov-24,879.174,4,0,2,1,0,,Patricia
DSCN0081,101,6,Playa Blanca,,arana,,,11,2022,nov-24,775.951,2,0,2,2,0,,Patricia
DSCN0082,101,7,Playa Blanca,,arana,,,11,2022,nov-24,"5,172.980",8,0,0,0,0,,Patricia
DSCN0083,107,0,Playa Blanca,,arana,,,11,2022,nov-24,NA,NA,NA,NA,NA,NA,ETIQUETA,Patricia
DSCN0084,107,1,Playa Blanca,,arana,,,11,2022,nov-24,"2,172.410",7,0,2,1,0,,Patricia
DSCN0085,107,2,Playa Blanca,,arana,,,11,2022,nov-24,"1,812.600",5,0,1,0,0,,Patricia
DSCN0086,107,3,Playa Blanca,,arana,,,11,2022,nov-24,"1,441.880",5,0,3,2,0,,Patricia
DSCN0087,107,4,Playa Blanca,,arana,,,11,2022,nov-24,"1,047.710",5,0,0,1,0,,Patricia
DSCN0088,107,5,Playa Blanca,,arana,,,11,2022,nov-24,"1,478.060",5,0,2,0,0,,Patricia
DSCN0089,107,6,Playa Blanca,,arana,,,11,2022,nov-24,366.537,1,0,0,1,0,,Patricia
DSCN0090,107,7,Playa Blanca,,arana,,,11,2022,nov-24,"4,913.310",12,0,0,0,0,,Patricia
DSCN0446,11,0,Playa Blanca,,arana,,,12,2022,dic-24,NA,NA,NA,NA,NA,NA,ETIQUETA,Patricia
DSCN0447,11,1,Playa Blanca,,arana,,,12,2022,dic-24,136.844,1,0,1,1,0,,Patricia
DSCN0448,11,2,Playa Blanca,,arana,,,12,2022,dic-24,707.467,4,0,2,0,0,,Patricia
DSCN0449,11,3,Playa Blanca,,arana,,,12,2022,dic-24,522.686,4,0,2,0,0,mala visibilidad,Patricia
DSCN0450,11,4,Playa Blanca,,arana,,,12,2022,dic-24,326.426,1,0,0,1,0,,Patricia
DSCN0451,11,5,Playa Blanca,,arana,,,12,2022,dic-24,451.675,4,0,2,0,0,,Patricia
DSCN0452,11,6,Playa Blanca,,arana,,,12,2022,dic-24,365.553,2,0,0,1,0,,Patricia
DSCN0453,11,7,Playa Blanca,,arana,,,12,2022,dic-24,886.891,6,0,0,0,0,"uno de los corales golpeados, diferencia vivible desde nov 22 a dec 22 perdida parcial de area",Patricia
DSCN0506,14,0,Playa Blanca,,arana,,,12,2022,dic-24,NA,NA,NA,NA,NA,NA,ETIQUETA,Patricia
DSCN0507,14,1,Playa Blanca,,arana,,,12,2022,dic-24,368.735,3,0,2,1,0,,Patricia
DSCN0508,14,2,Playa Blanca,,arana,,,12,2022,dic-24,56.499,1,0,1,1,0,,Patricia
DSCN0509,14,3,Playa Blanca,,arana,,,12,2022,dic-24,324.488,3,0,1,1,0,,Patricia
DSCN0510,14,4,Playa Blanca,,arana,,,12,2022,dic-24,634.265,4,0,2,1,0,,Patricia
DSCN0511,14,5,Playa Blanca,,arana,,,12,2022,dic-24,804.829,5,0,0,0,0,,Patricia
DSCN0512,14,6,Playa Blanca,,arana,,,12,2022,dic-24,249.335,2,0,0,1,0,muy mala visibilidad. mor p? perd?,Patricia
DSCN0513,14,7,Playa Blanca,,arana,,,12,2022,dic-24,"1,444.270",8,0,0,0,0,"pez en la foto, ya comienzan a unirse los corales",Patricia
DSCN0531,90,0,Playa Blanca,,arana,,,12,2022,dic-24,NA,NA,NA,NA,NA,NA,ETIQUETA,Patricia
DSCN0532,90,1,Playa Blanca,,arana,,,12,2022,dic-24,"2,240.090",7,0,1,0,0,,Patricia
DSCN0533,90,2,Playa Blanca,,arana,,,12,2022,dic-24,"1,216.430",4,0,1,1,0,,Patricia
DSCN0534,90,3,Playa Blanca,,arana,,,12,2022,dic-24,"1,870.720",5,0,1,0,0,,Patricia
DSCN0535,90,4,Playa Blanca,,arana,,,12,2022,dic-24,0.000,0,0,0,3,0,,Patricia
DSCN0536,90,5,Playa Blanca,,arana,,,12,2022,dic-24,"1,001.890",3,0,1,0,0,,Patricia
DSCN0537,90,6,Playa Blanca,,arana,,,12,2022,dic-24,"1,294.160",2,0,1,0,0,,Patricia
DSCN0538,90,7,Playa Blanca,,arana,,,12,2022,dic-24,"2,307.630",7,0,0,0,0,,Patricia
DSCN0488,101,0,Playa Blanca,,arana,,,12,2022,dic-24,NA,NA,NA,NA,NA,NA,ETIQUETA,Patricia
DSCN0489,101,1,Playa Blanca,,arana,,,12,2022,dic-24,"1,557.910",5,0,1,0,0,,Patricia
DSCN0490,101,2,Playa Blanca,,arana,,,12,2022,dic-24,"1,176.430",4,0,2,1,0,,Patricia
DSCN0491,101,3,Playa Blanca,,arana,,,12,2022,dic-24,763.805,4,0,0,0,0,,Patricia
DSCN0492,101,4,Playa Blanca,,arana,,,12,2022,dic-24,"1,059.900",3,0,1,5,0,,Patricia
DSCN0493,101,5,Playa Blanca,,arana,,,12,2022,dic-24,"1,980.220",6,0,0,1,0,mala visibilidad,Patricia
DSCN0494,101,6,Playa Blanca,,arana,,,12,2022,dic-24,754.415,3,0,0,0,0,,Patricia
DSCN0495,101,7,Playa Blanca,,arana,,,12,2022,dic-24,"5,447.000",8,0,0,0,0,,Patricia
DSCN0496,107,0,Playa Blanca,,arana,,,12,2022,dic-24,NA,NA,NA,NA,NA,NA,ETIQUETA,Patricia
DSCN0497,107,1,Playa Blanca,,arana,,,12,2022,dic-24,"2,665.540",7,0,2,0,0,,Patricia
DSCN0498,107,2,Playa Blanca,,arana,,,12,2022,dic-24,566.148,1,0,1,2,0,,Patricia
DSCN0499,107,3,Playa Blanca,,arana,,,12,2022,dic-24,"1,438.940",4,0,1,0,0,,Patricia
DSCN0500,107,4,Playa Blanca,,arana,,,12,2022,dic-24,"2,036.400",6,0,2,2,0,,Patricia
DSCN0501,107,5,Playa Blanca,,arana,,,12,2022,dic-24,896.842,4,0,4,2,0,,Patricia
DSCN0502,107,6,Playa Blanca,,arana,,,12,2022,dic-24,"1,758.350",4,0,2,0,0,,Patricia
DSCN0503,107,7,Playa Blanca,,arana,,,12,2022,dic-24,"5,009.420",12,0,0,0,0,,Patricia
DSCN1455,11,0,Playa Blanca,,arana,,,1,2023,ene-24,NA,NA,NA,NA,NA,NA,ETIQUETA,Patricia
DSCN1456,11,1,Playa Blanca,,arana,,,1,2023,ene-24,0.000,0,0,0,1,0,,Patricia
DSCN1457,11,2,Playa Blanca,,arana,,,1,2023,ene-24,332.276,2,0,0,1,0,,Patricia
DSCN1458,11,3,Playa Blanca,,arana,,,1,2023,ene-24,361.038,4,0,3,1,0,,Patricia
DSCN1459,11,4,Playa Blanca,,arana,,,1,2023,ene-24,340.679,1,0,0,2,0,,Patricia
DSCN1460,11,5,Playa Blanca,,arana,,,1,2023,ene-24,466.050,4,0,2,1,0,,Patricia
DSCN1461,11,6,Playa Blanca,,arana,,,1,2023,ene-24,638.094,5,0,2,0,0,,Patricia
DSCN1462,11,7,Playa Blanca,,arana,,,1,2023,ene-24,"1,008.510",6,0,0,0,0,,Patricia
DSCN1447,14,0,Playa Blanca,,arana,,,1,2023,ene-24,NA,NA,NA,NA,NA,NA,ETIQUETA,Patricia
DSCN1448,14,1,Playa Blanca,,arana,,,1,2023,ene-24,339.145,3,0,2,1,0,mala visibilidad,Patricia
DSCN1449,14,2,Playa Blanca,,arana,,,1,2023,ene-24,249.764,2,0,1,0,0,,Patricia
DSCN1450,14,3,Playa Blanca,,arana,,,1,2023,ene-24,630.672,5,0,2,0,0,,Patricia
DSCN1451,14,4,Playa Blanca,,arana,,,1,2023,ene-24,718.832,5,0,2,1,0,,Patricia
DSCN1452,14,5,Playa Blanca,,arana,,,1,2023,ene-24,367.183,3,0,2,1,0,,Patricia
DSCN1453,14,6,Playa Blanca,,arana,,,1,2023,ene-24,57.864,1,0,1,1,0,,Patricia
DSCN1454,14,7,Playa Blanca,,arana,,,1,2023,ene-24,"1,574.960",8,0,0,0,0,,Patricia
DSCN1407,90,0,Playa Blanca,,arana,,,1,2023,ene-24,NA,NA,NA,NA,NA,NA,ETIQUETA,Patricia
DSCN1408,90,1,Playa Blanca,,arana,,,1,2023,ene-24,"2,136.390",6,0,1,0,0,,Patricia
DSCN1409,90,2,Playa Blanca,,arana,,,1,2023,ene-24,"1,007.610",2,0,1,0,0,,Patricia
DSCN1410,90,3,Playa Blanca,,arana,,,1,2023,ene-24,"1,418.360",3,0,1,0,0,,Patricia
DSCN1411,90,4,Playa Blanca,,arana,,,1,2023,ene-24,0.000,0,0,0,0,0,,Patricia
DSCN1412,90,5,Playa Blanca,,arana,,,1,2023,ene-24,"2,353.380",5,0,2,0,0,,Patricia
DSCN1413,90,6,Playa Blanca,,arana,,,1,2023,ene-24,"1,696.460",4,0,1,1,0,,Patricia
DSCN1414,90,7,Playa Blanca,,arana,,,1,2023,ene-24,"2,153.900",7,0,0,0,0,,Patricia
DSCN1431,101,0,Playa Blanca,,arana,,,1,2023,ene-24,NA,NA,NA,NA,NA,NA,ETIQUETA,Patricia
DSCN1432,101,1,Playa Blanca,,arana,,,1,2023,ene-24,"1,057.750",5,0,0,0,0,,Patricia
DSCN1433,101,2,Playa Blanca,,arana,,,1,2023,ene-24,680.535,4,0,1,0,0,,Patricia
DSCN1434,101,3,Playa Blanca,,arana,,,1,2023,ene-24,649.319,6,0,2,0,0,,Patricia
DSCN1435,101,4,Playa Blanca,,arana,,,1,2023,ene-24,346.089,1,0,1,5,0,2 barra coral esta o fragmentos en el suelo?,Patricia
DSCN1436,101,5,Playa Blanca,,arana,,,1,2023,ene-24,925.626,4,0,1,0,0,,Patricia
DSCN1437,101,6,Playa Blanca,,arana,,,1,2023,ene-24,"1,005.360",3,0,2,1,0,,Patricia
DSCN1438,101,7,Playa Blanca,,arana,,,1,2023,ene-24,"2,654.500",8,0,0,0,0,,Patricia
DSCN1439,107,0,Playa Blanca,,arana,,,1,2023,ene-24,NA,NA,NA,NA,NA,NA,ETIQUETA,Patricia
DSCN1440,107,1,Playa Blanca,,arana,,,1,2023,ene-24,"2,003.980",7,0,0,0,0,mala visibilidad,Patricia
DSCN1441,107,2,Playa Blanca,,arana,,,1,2023,ene-24,"2,174.910",5,0,1,0,0,,Patricia
DSCN1442,107,3,Playa Blanca,,arana,,,1,2023,ene-24,"1,333.360",5,0,2,2,0,,Patricia
DSCN1443,107,4,Playa Blanca,,arana,,,1,2023,ene-24,"1,316.970",4,0,2,2,0,,Patricia
DSCN1444,107,5,Playa Blanca,,arana,,,1,2023,ene-24,"1,436.320",4,0,2,0,0,,Patricia
DSCN1445,107,6,Playa Blanca,,arana,,,1,2023,ene-24,422.512,1,0,0,0,0,,Patricia
DSCN1446,107,7,Playa Blanca,,arana,,,1,2023,ene-24,"4,032.860",12,0,0,0,0,"demasiados corales, no se puede medir bien",Patricia
DSCN1830,11,0,Playa Blanca,,arana,,,2,2023,feb-24,NA,NA,NA,NA,NA,NA,ETIQUETA,Patricia
DSCN1831,11,1,Playa Blanca,,arana,,,2,2023,feb-24,0.000,0,0,0,1,0,1 perdida tapada por alga?,Patricia
DSCN1832,11,2,Playa Blanca,,arana,,,2,2023,feb-24,393.502,2,0,1,0,0,fff,Patricia
DSCN1833,11,3,Playa Blanca,,arana,,,2,2023,feb-24,304.433,2,0,2,1,0,,Patricia
DSCN1834,11,4,Playa Blanca,,arana,,,2,2023,feb-24,307.891,1,0,0,2,0,,Patricia
DSCN1835,11,5,Playa Blanca,,arana,,,2,2023,feb-24,467.968,5,0,2,0,0,,Patricia
DSCN1836,11,6,Playa Blanca,,arana,,,2,2023,feb-24,703.720,5,0,3,0,0,,Patricia
DSCN1837,11,7,Playa Blanca,,arana,,,2,2023,feb-24,"1,082.470",6,0,0,0,0,,Patricia
DSCN1890,14,0,Playa Blanca,,arana,,,2,2023,feb-24,NA,NA,NA,NA,NA,NA,ETIQUETA,Patricia
DSCN1891,14,1,Playa Blanca,,arana,,,2,2023,feb-24,320.532,3,0,0,0,0,mala visibilidad,Patricia
DSCN1892,14,2,Playa Blanca,,arana,,,2,2023,feb-24,235.663,2,0,1,0,0,,Patricia
DSCN1893,14,3,Playa Blanca,,arana,,,2,2023,feb-24,711.937,5,0,2,0,0,,Patricia
DSCN1894,14,4,Playa Blanca,,arana,,,2,2023,feb-24,801.555,4,0,3,0,0,,Patricia
DSCN1895,14,5,Playa Blanca,,arana,,,2,2023,feb-24,375.990,3,0,2,0,0,,Patricia
DSCN1896,14,6,Playa Blanca,,arana,,,2,2023,feb-24,61.749,1,0,1,1,0,,Patricia
DSCN1897,14,7,Playa Blanca,,arana,,,2,2023,feb-24,"1,618.190",8,0,0,0,0,,Patricia
DSCN1917,90,0,Playa Blanca,,arana,,,2,2023,feb-24,NA,NA,NA,NA,NA,NA,ETIQUETA,Patricia
DSCN1918,90,1,Playa Blanca,,arana,,,2,2023,feb-24,"1,581.780",6,0,3,0,0,,Patricia
DSCN1919,90,2,Playa Blanca,,arana,,,2,2023,feb-24,"1,263.320",2,0,1,1,0,,Patricia
DSCN1920,90,3,Playa Blanca,,arana,,,2,2023,feb-24,"1,794.160",4,0,2,0,0,,Patricia
DSCN1921,90,4,Playa Blanca,,arana,,,2,2023,feb-24,NA,NA,NA,NA,NA,NA,,Patricia
DSCN1922,90,5,Playa Blanca,,arana,,,2,2023,feb-24,"2,640.330",5,0,2,0,0,,Patricia
DSCN1923,90,6,Playa Blanca,,arana,,,2,2023,feb-24,963.038,4,0,1,0,0,mala visibilidad,Patricia
DSCN1924,90,7,Playa Blanca,,arana,,,2,2023,feb-24,"2,593.250",7,0,0,0,0,,Patricia
DSCN1872,101,0,Playa Blanca,,arana,,,2,2023,feb-24,NA,NA,NA,NA,NA,NA,ETIQUETA,Patricia
DSCN1873,101,1,Playa Blanca,,arana,,,2,2023,feb-24,"2,445.990",5,0,2,0,0,mala visibilidad,Patricia
DSCN1874,101,2,Playa Blanca,,arana,,,2,2023,feb-24,859.524,3,0,1,0,0,,Patricia
DSCN1875,101,3,Playa Blanca,,arana,,,2,2023,feb-24,"1,719.380",5,0,1,1,0,,Patricia
DSCN1876,101,4,Playa Blanca,,arana,,,2,2023,feb-24,816.524,2,0,1,2,0,,Patricia
DSCN1877,101,5,Playa Blanca,,arana,,,2,2023,feb-24,"1,317.030",4,0,2,0,0,,Patricia
DSCN1878,101,6,Playa Blanca,,arana,,,2,2023,feb-24,"1,006.520",4,0,2,1,0,,Patricia
DSCN1879,101,7,Playa Blanca,,arana,,,2,2023,feb-24,"4,894.030",8,0,0,0,0,,Patricia
DSCN1880,107,0,Playa Blanca,,arana,,,2,2023,feb-24,NA,NA,NA,NA,NA,NA,ETIQUETA,Patricia
DSCN1881,107,1,Playa Blanca,,arana,,,2,2023,feb-24,"1,590.600",6,0,0,0,0,,Patricia
DSCN1882,107,2,Playa Blanca,,arana,,,2,2023,feb-24,"2,582.740",5,0,0,0,0,,Patricia
DSCN1885,107,3,Playa Blanca,,arana,,,2,2023,feb-24,"1,020.320",5,0,3,1,0,,Patricia
DSCN1886,107,4,Playa Blanca,,arana,,,2,2023,feb-24,"1,463.990",5,0,1,0,0,,Patricia
DSCN1887,107,5,Playa Blanca,,arana,,,2,2023,feb-24,"1,903.540",5,0,2,1,0,,Patricia
DSCN1888,107,6,Playa Blanca,,arana,,,2,2023,feb-24,649.774,2,0,0,0,0,,Patricia
DSCN1889,107,7,Playa Blanca,,arana,,,2,2023,feb-24,"4,792.560",12,0,0,0,0,,Patricia
DSCN2662,11,0,Playa Blanca,,arana,,,3,2023,mar-24,NA,NA,NA,NA,NA,NA,ETIQUETA,Patricia
DSCN2663,11,1,Playa Blanca,,arana,,,3,2023,mar-24,0.000,0,0,0,1,0,,Patricia
DSCN2664,11,2,Playa Blanca,,arana,,,3,2023,mar-24,403.061,2,1,0,1,0,,Patricia
DSCN2665,11,3,Playa Blanca,,arana,,,3,2023,mar-24,378.049,2,0,2,0,0,,Patricia
DSCN2666,11,4,Playa Blanca,,arana,,,3,2023,mar-24,387.087,2,0,1,1,0,,Patricia
DSCN2667,11,5,Playa Blanca,,arana,,,3,2023,mar-24,500.833,5,0,0,0,0,,Patricia
DSCN2668,11,6,Playa Blanca,,arana,,,3,2023,mar-24,751.433,4,0,2,0,0,,Patricia
DSCN2669,11,7,Playa Blanca,,arana,,,3,2023,mar-24,"1,004.590",6,0,0,0,0,,Patricia
DSCN2605,14,0,Playa Blanca,,arana,,,3,2023,mar-24,NA,NA,NA,NA,NA,NA,ETIQUETA,Patricia
DSCN2606,14,1,Playa Blanca,,arana,,,3,2023,mar-24,232.187,2,0,2,3,0,,Patricia
DSCN2607,14,2,Playa Blanca,,arana,,,3,2023,mar-24,246.500,2,0,0,0,0,,Patricia
DSCN2608,14,3,Playa Blanca,,arana,,,3,2023,mar-24,739.481,4,0,3,0,0,,Patricia
DSCN2609,14,4,Playa Blanca,,arana,,,3,2023,mar-24,791.486,4,0,0,0,0,mala visibilidad,Patricia
DSCN2610,14,5,Playa Blanca,,arana,,,3,2023,mar-24,385.447,4,0,3,1,0,,Patricia
DSCN2611,14,6,Playa Blanca,,arana,,,3,2023,mar-24,59.010,1,0,1,1,0,,Patricia
DSCN2612,14,7,Playa Blanca,,arana,,,3,2023,mar-24,"1,543.810",8,0,0,0,0,,Patricia
DSCN2580,90,0,Playa Blanca,,arana,,,3,2023,mar-24,NA,NA,NA,NA,NA,NA,ETIQUETA,Patricia
DSCN2581,90,1,Playa Blanca,,arana,,,3,2023,mar-24,"2,114.800",8,0,0,0,0,,Patricia
DSCN2582,90,2,Playa Blanca,,arana,,,3,2023,mar-24,982.896,2,0,2,0,0,,Patricia
DSCN2583,90,3,Playa Blanca,,arana,,,3,2023,mar-24,"1,402.360",3,0,1,0,0,,Patricia
DSCN2584,90,4,Playa Blanca,,arana,,,3,2023,mar-24,NA,NA,NA,NA,NA,NA,,Patricia
DSCN2585,90,5,Playa Blanca,,arana,,,3,2023,mar-24,"2,188.360",4,0,2,0,0,,Patricia
DSCN2586,90,6,Playa Blanca,,arana,,,3,2023,mar-24,"1,414.760",4,0,1,0,0,,Patricia
DSCN2587,90,7,Playa Blanca,,arana,,,3,2023,mar-24,"2,509.090",7,0,0,0,0,,Patricia
DSCN2622,101,0,Playa Blanca,,arana,,,3,2023,mar-24,NA,NA,NA,NA,NA,NA,ETIQUETA,Patricia
DSCN2623,101,1,Playa Blanca,,arana,,,3,2023,mar-24,"2,816.920",5,0,0,0,0,,Patricia
DSCN2624,101,2,Playa Blanca,,arana,,,3,2023,mar-24,735.306,3,0,2,1,0,,Patricia
DSCN2625,101,3,Playa Blanca,,arana,,,3,2023,mar-24,"1,477.610",7,0,0,0,0,mala visibilidad,Patricia
DSCN2626,101,4,Playa Blanca,,arana,,,3,2023,mar-24,497.931,1,0,0,1,0,mala visibilidad,Patricia
DSCN2627,101,5,Playa Blanca,,arana,,,3,2023,mar-24,"1,373.730",4,0,1,0,0,,Patricia
DSCN2628,101,6,Playa Blanca,,arana,,,3,2023,mar-24,"1,366.700",3,0,1,0,0,,Patricia
DSCN2629,101,7,Playa Blanca,,arana,,,3,2023,mar-24,"4,132.810",8,0,1,0,0,,Patricia
DSCN2613,107,0,Playa Blanca,,arana,,,3,2023,mar-24,NA,NA,NA,NA,NA,NA,ETIQUETA,Patricia
DSCN2614,107,1,Playa Blanca,,arana,,,3,2023,mar-24,"2,304.550",3,0,0,0,0,,Patricia
DSCN2615,107,2,Playa Blanca,,arana,,,3,2023,mar-24,"1,393.670",7,0,2,0,0,,Patricia
DSCN2616,107,3,Playa Blanca,,arana,,,3,2023,mar-24,"1,743.420",7,0,1,0,0,,Patricia
DSCN2617,107,4,Playa Blanca,,arana,,,3,2023,mar-24,"1,757.200",5,0,0,1,0,,Patricia
DSCN2618,107,5,Playa Blanca,,arana,,,3,2023,mar-24,"1,979.030",4,0,2,1,0,mala visibiidad,Patricia
DSCN2619,107,6,Playa Blanca,,arana,,,3,2023,mar-24,"1,109.730",2,0,0,0,0,,Patricia
DSCN2621,107,7,Playa Blanca,,arana,,,3,2023,mar-24,"4,351.510",12,0,0,0,0,,Patricia
DSCN9376,6,1,Playa Blanca,,arana,,,4,2022,abr-24,307.391,6,0,0,0,0,,Randall
DSCN9377,6,2,Playa Blanca,,arana,,,4,2022,abr-24,338.581,7,0,0,0,0,,Randall
DSCN9378,6,3,Playa Blanca,,arana,,,4,2022,abr-24,332.895,6,0,1,0,0,1 fragmento está casi totalmente cubierto por alga,Randall
DSCN9379,6,4,Playa Blanca,,arana,,,4,2022,abr-24,402.971,5,0,0,0,0,,Randall
DSCN9380,6,5,Playa Blanca,,arana,,,4,2022,abr-24,490.131,5,0,0,0,0,,Randall
DSCN9381,6,6,Playa Blanca,,arana,,,4,2022,abr-24,564.252,6,0,0,0,0,,Randall
DSCN9382,6,7,Playa Blanca,,arana,,,4,2022,abr-24,946.806,11,0,0,0,0,,Randall
DSCN9384,7,1,Playa Blanca,,arana,,,4,2022,abr-24,388.219,5,0,0,0,0,,Randall
DSCN9385,7,2,Playa Blanca,,arana,,,4,2022,abr-24,336.425,4,0,0,1,0,,Randall
DSCN9386,7,3,Playa Blanca,,arana,,,4,2022,abr-24,207.231,4,0,0,0,0,Pez,Randall
DSCN9387,7,4,Playa Blanca,,arana,,,4,2022,abr-24,362.653,6,0,0,0,0,"El angulo de la foto es muy pronunciado, hay un par de peces atravesados y un fragmento esta cortado.",Randall
DSCN9388,7,5,Playa Blanca,,arana,,,4,2022,abr-24,324.056,4,0,0,0,0,,Randall
DSCN9389,7,6,Playa Blanca,,arana,,,4,2022,abr-24,397.753,5,0,1,0,0,,Randall
DSCN9390,7,7,Playa Blanca,,arana,,,4,2022,abr-24,"1,036.510",10,0,0,0,0,Hay dos verdes,Randall
DSCN9392,8,1,Playa Blanca,,arana,,,4,2022,abr-24,321.393,5,0,0,0,0,,Randall
DSCN9393,8,2,Playa Blanca,,arana,,,4,2022,abr-24,360.440,6,0,0,0,0,,Randall
DSCN9394,8,3,Playa Blanca,,arana,,,4,2022,abr-24,440.522,6,0,0,0,0,,Randall
DSCN9395,8,4,Playa Blanca,,arana,,,4,2022,abr-24,534.699,6,0,0,0,0,,Randall
DSCN9396,8,5,Playa Blanca,,arana,,,4,2022,abr-24,507.763,5,0,0,0,0,,Randall
DSCN9397,8,6,Playa Blanca,,arana,,,4,2022,abr-24,397.299,6,0,0,0,0,,Randall
DSCN9398,8,7,Playa Blanca,,arana,,,4,2022,abr-24,925.130,13,0,0,0,0,,Randall
DSCN9352,9,1,Playa Blanca,,arana,,,4,2022,abr-24,252.722,5,0,0,0,0,,Randall
DSCN9353,9,2,Playa Blanca,,arana,,,4,2022,abr-24,413.182,8,0,0,0,0,,Randall
DSCN9354,9,3,Playa Blanca,,arana,,,4,2022,abr-24,537.204,7,0,0,0,0,Podrian ser 8,Randall
DSCN9355,9,4,Playa Blanca,,arana,,,4,2022,abr-24,314.646,5,0,0,0,0,,Randall
DSCN9356,9,5,Playa Blanca,,arana,,,4,2022,abr-24,322.994,5,0,1,0,0,,Randall
DSCN9357,9,6,Playa Blanca,,arana,,,4,2022,abr-24,222.992,7,0,3,0,0,,Randall
DSCN9358,9,7,Playa Blanca,,arana,,,4,2022,abr-24,"1,064.940",14,0,3,0,0,,Randall
DSCN9344,10,1,Playa Blanca,,arana,,,4,2022,abr-24,346.421,7,0,0,0,0,,Randall
DSCN9345,10,2,Playa Blanca,,arana,,,4,2022,abr-24,242.287,5,0,0,0,0,,Randall
DSCN9346,10,3,Playa Blanca,,arana,,,4,2022,abr-24,388.847,5,0,1,0,0,,Randall
DSCN9347,10,4,Playa Blanca,,arana,,,4,2022,abr-24,369.956,5,0,0,1,0,,Randall
DSCN9348,10,5,Playa Blanca,,arana,,,4,2022,abr-24,301.053,5,0,0,0,0,,Randall
DSCN9349,10,6,Playa Blanca,,arana,,,4,2022,abr-24,112.045,2,0,0,0,0,,Randall
DSCN9350,10,7,Playa Blanca,,arana,,,4,2022,abr-24,"1,068.780",13,1,0,0,0,,Randall
DSCN8560,89,0,Playa Blanca,,arana,,,8,2022,ago-24,NA,NA,NA,NA,NA,NA,ETIQUETA,Patricia
DSCN8561,89,1,Playa Blanca,,arana,,,8,2022,ago-24,183.467,2,0,1,0,0,,Patricia
DSCN8562,89,2,Playa Blanca,,arana,,,8,2022,ago-24,107.552,1,0,1,1,0,,Patricia
DSCN8563,89,3,Playa Blanca,,arana,,,8,2022,ago-24,99.466,1,0,1,1,0,,Patricia
DSCN8564,89,4,Playa Blanca,,arana,,,8,2022,ago-24,379.014,2,0,0,0,0,,Patricia
DSCN8565,89,5,Playa Blanca,,arana,,,8,2022,ago-24,184.183,3,0,0,0,0,,Patricia
DSCN8566,89,6,Playa Blanca,,arana,,,8,2022,ago-24,191.758,6,0,2,0,0,,Patricia
DSCN8567,89,7,Playa Blanca,,arana,,,8,2022,ago-24,"1,062.260",6,0,3,0,0,,Patricia
DSCN8898,89,0,Playa Blanca,,arana,,,9,2022,set-22,NA,NA,NA,NA,NA,NA,ETIQUETA,Patricia
DSCN8899,89,1,Playa Blanca,,arana,,,9,2022,set-22,158.205,2,0,1,0,0,,Patricia
DSCN8900,89,2,Playa Blanca,,arana,,,9,2022,set-22,133.794,1,0,0,0,1,,Patricia
DSCN8901,89,3,Playa Blanca,,arana,,,9,2022,set-22,111.292,1,0,1,0,0,,Patricia
DSCN8902,89,4,Playa Blanca,,arana,,,9,2022,set-22,254.220,4,0,1,0,2,,Patricia
DSCN8903,89,5,Playa Blanca,,arana,,,9,2022,set-22,97.158,3,0,0,0,0,,Patricia
DSCN8904,89,6,Playa Blanca,,arana,,,9,2022,set-22,186.190,6,0,2,0,0,,Patricia
DSCN8905,89,7,Playa Blanca,,arana,,,9,2022,set-22,541.054,6,0,0,0,0,,Patricia
DSCN9579,89,0,Playa Blanca,,arana,,,10,2022,oct-24,NA,NA,NA,NA,NA,NA,ETIQUETA,Patricia
DSCN8580,89,1,Playa Blanca,,arana,,,10,2022,oct-24,166.871,3,0,1,0,0,,Patricia
DSCN7581,89,2,Playa Blanca,,arana,,,10,2022,oct-24,318.811,3,0,2,0,0,,Patricia
DSCN6582,89,3,Playa Blanca,,arana,,,10,2022,oct-24,104.264,1,0,1,0,0,,Patricia
DSCN5583,89,4,Playa Blanca,,arana,,,10,2022,oct-24,112.193,1,0,1,1,0,,Patricia
DSCN4584,89,5,Playa Blanca,,arana,,,10,2022,oct-24,116.993,2,0,2,0,0,,Patricia
DSCN3585,89,6,Playa Blanca,,arana,,,10,2022,oct-24,261.151,6,0,6,0,0,,Patricia
DSCN2586,89,7,Playa Blanca,,arana,,,10,2022,oct-24,607.706,6,0,4,0,0,,Patricia
DSCN9926,89,0,Playa Blanca,,arana,,,11,2022,nov-24,NA,NA,NA,NA,NA,NA,ETIQUETA,Patricia
DSCN9927,89,1,Playa Blanca,,arana,,,11,2022,nov-24,508.081,5,0,1,0,0,,Patricia
DSCN9928,89,2,Playa Blanca,,arana,,,11,2022,nov-24,458.769,4,0,1,0,0,,Patricia
DSCN9929,89,3,Playa Blanca,,arana,,,11,2022,nov-24,238.745,3,0,0,0,0,,Patricia
DSCN9930,89,4,Playa Blanca,,arana,,,11,2022,nov-24,452.120,4,0,1,0,0,,Patricia
DSCN9932,89,5,Playa Blanca,,arana,,,11,2022,nov-24,480.515,5,0,0,0,0,,Patricia
DSCN9933,89,6,Playa Blanca,,arana,,,11,2022,nov-24,498.223,6,0,3,0,0,,Patricia
DSCN9934,89,7,Playa Blanca,,arana,,,11,2022,nov-24,795.917,6,0,2,0,0,,Patricia
DSCN0628,89,0,Playa Blanca,,arana,,,12,2022,dic-24,NA,NA,NA,NA,NA,NA,ETIQUETA,Patricia
DSCN0630,89,1,Playa Blanca,,arana,,,12,2022,dic-24,425.729,5,0,2,0,0,,Patricia
DSCN0631,89,2,Playa Blanca,,arana,,,12,2022,dic-24,392.251,6,0,4,0,0,,Patricia
DSCN0632,89,3,Playa Blanca,,arana,,,12,2022,dic-24,465.326,5,0,0,0,0,,Patricia
DSCN0633,89,4,Playa Blanca,,arana,,,12,2022,dic-24,823.223,4,0,0,0,0,,Patricia
DSCN0634,89,5,Playa Blanca,,arana,,,12,2022,dic-24,284.259,3,0,0,0,0,,Patricia
DSCN0636,89,6,Playa Blanca,,arana,,,12,2022,dic-24,395.785,3,0,1,0,0,"duplicado de DSCN0635 - mal tomada, descartada",Patricia
DSCN0637,89,7,Playa Blanca,,arana,,,12,2022,dic-24,"1,259.970",6,0,3,0,1,,Patricia
DSCN1274,89,0,Playa Blanca,,arana,,,1,2023,ene-24,NA,NA,NA,NA,NA,NA,ETIQUETA,Patricia
DSCN1275,89,1,Playa Blanca,,arana,,,1,2023,ene-24,703.107,5,0,1,0,0,,Patricia
DSCN1276,89,2,Playa Blanca,,arana,,,1,2023,ene-24,288.929,3,0,1,0,0,,Patricia
DSCN1277,89,3,Playa Blanca,,arana,,,1,2023,ene-24,219.201,3,0,0,0,0,,Patricia
DSCN1278,89,4,Playa Blanca,,arana,,,1,2023,ene-24,442.570,4,0,4,0,0,,Patricia
DSCN1279,89,5,Playa Blanca,,arana,,,1,2023,ene-24,285.630,5,0,0,0,0,,Patricia
DSCN1280,89,6,Playa Blanca,,arana,,,1,2023,ene-24,413.197,6,0,4,0,0,,Patricia
DSCN1281,89,7,Playa Blanca,,arana,,,1,2023,ene-24,700.474,6,0,3,0,0,,Patricia
DSCN2033,89,0,Playa Blanca,,arana,,,2,2023,feb-24,NA,NA,NA,NA,NA,NA,ETIQUETA,Patricia
DSCN2034,89,1,Playa Blanca,,arana,,,2,2023,feb-24,817.548,5,0,1,0,0,,Patricia
DSCN2035,89,2,Playa Blanca,,arana,,,2,2023,feb-24,340.981,3,0,1,0,0,,Patricia
DSCN2036,89,3,Playa Blanca,,arana,,,2,2023,feb-24,227.646,3,0,1,0,0,,Patricia
DSCN2037,89,4,Playa Blanca,,arana,,,2,2023,feb-24,497.274,4,0,3,0,0,,Patricia
DSCN2038,89,5,Playa Blanca,,arana,,,2,2023,feb-24,528.626,5,0,1,0,0,,Patricia
DSCN2039,89,6,Playa Blanca,,arana,,,2,2023,feb-24,613.086,6,0,4,0,0,,Patricia
DSCN2040,89,7,Playa Blanca,,arana,,,2,2023,feb-24,"1,110.590",5,0,3,0,0,,Patricia
DSCN2508,89,0,Playa Blanca,,arana,,,3,2023,mar-24,NA,NA,NA,NA,NA,NA,ETIQUETA,Patricia
DSCN2509,89,1,Playa Blanca,,arana,,,3,2023,mar-24,388.602,5,0,2,0,0,,Patricia
DSCN2510,89,2,Playa Blanca,,arana,,,3,2023,mar-24,317.304,3,0,1,0,0,,Patricia
DSCN2511,89,3,Playa Blanca,,arana,,,3,2023,mar-24,181.215,3,0,0,0,0,,Patricia
DSCN2512,89,4,Playa Blanca,,arana,,,3,2023,mar-24,468.987,4,0,3,0,0,,Patricia
DSCN2513,89,5,Playa Blanca,,arana,,,3,2023,mar-24,394.254,5,0,1,0,0,,Patricia
DSCN2514,89,6,Playa Blanca,,arana,,,3,2023,mar-24,473.882,6,0,4,0,0,,Patricia
DSCN2515,89,7,Playa Blanca,,arana,,,3,2023,mar-24,"1,199.310",6,0,3,0,0,,Patricia
DSCN8533,102,0,Playa Blanca,,arana,,,8,2022,ago-24,NA,NA,NA,NA,NA,NA,ETIQUETA,Patricia
DSCN8534,102,1,Playa Blanca,,arana,,,8,2022,ago-24,151.165,5,0,1,0,0,,Patricia
DSCN8535,102,2,Playa Blanca,,arana,,,8,2022,ago-24,252.512,7,0,1,0,0,,Patricia
DSCN8536,102,3,Playa Blanca,,arana,,,8,2022,ago-24,114.950,5,0,0,0,0,,Patricia
DSCN8537,102,4,Playa Blanca,,arana,,,8,2022,ago-24,254.296,7,0,2,0,0,,Patricia
DSCN8538,102,5,Playa Blanca,,arana,,,8,2022,ago-24,71.547,4,0,0,0,0,mala visibilidad,Patricia
DSCN8539,102,6,Playa Blanca,,arana,,,8,2022,ago-24,121.529,7,0,0,0,0,mala visibilidad,Patricia
DSCN8540,102,7,Playa Blanca,,arana,,,8,2022,ago-24,533.583,9,0,2,0,1,,Patricia
DSCN8882,102,0,Playa Blanca,,arana,,,9,2022,set-22,NA,NA,NA,NA,NA,NA,ETIQUETA,Patricia
DSCN8883,102,1,Playa Blanca,,arana,,,9,2022,set-22,124.423,5,0,1,0,0,,Patricia
DSCN8884,102,2,Playa Blanca,,arana,,,9,2022,set-22,210.997,6,0,1,0,0,1 perdida?,Patricia
DSCN8885,102,3,Playa Blanca,,arana,,,9,2022,set-22,93.055,3,0,3,0,0,,Patricia
DSCN8886,102,4,Playa Blanca,,arana,,,9,2022,set-22,294.341,6,0,2,0,0,,Patricia
DSCN8887,102,5,Playa Blanca,,arana,,,9,2022,set-22,121.004,4,0,0,0,0,,Patricia
DSCN8888,102,6,Playa Blanca,,arana,,,9,2022,set-22,239.008,6,0,2,0,0,1 perdida?,Patricia
DSCN8889,102,7,Playa Blanca,,arana,,,9,2022,set-22,538.609,6,0,3,0,0,,Patricia
DSCN9698,102,0,Playa Blanca,,arana,,,10,2022,oct-24,NA,NA,NA,NA,NA,NA,ETIQUETA,Patricia
DSCN9699,102,1,Playa Blanca,,arana,,,10,2022,oct-24,281.138,7,0,3,0,0,,Patricia
DSCN9700,102,2,Playa Blanca,,arana,,,10,2022,oct-24,204.410,5,0,1,0,0,,Patricia
DSCN9701,102,3,Playa Blanca,,arana,,,10,2022,oct-24,297.012,7,0,2,0,0,,Patricia
DSCN9702,102,4,Playa Blanca,,arana,,,10,2022,oct-24,106.602,2,0,2,0,0,,Patricia
DSCN9703,102,5,Playa Blanca,,arana,,,10,2022,oct-24,109.786,5,0,3,0,0,,Patricia
DSCN9704,102,6,Playa Blanca,,arana,,,10,2022,oct-24,269.424,4,0,2,0,0,,Patricia
DSCN9705,102,7,Playa Blanca,,arana,,,10,2022,oct-24,470.909,6,0,1,0,0,,Patricia
DSCN9943,102,0,Playa Blanca,,arana,,,11,2022,nov-24,NA,NA,NA,NA,NA,NA,ETIQUETA,Patricia
DSCN9944,102,1,Playa Blanca,,arana,,,11,2022,nov-24,231.543,7,0,1,0,0,,Patricia
DSCN9946,102,2,Playa Blanca,,arana,,,11,2022,nov-24,300.444,4,1,0,0,0,,Patricia
DSCN9947,102,3,Playa Blanca,,arana,,,11,2022,nov-24,386.110,5,0,1,0,0,,Patricia
DSCN9948,102,4,Playa Blanca,,arana,,,11,2022,nov-24,585.540,5,0,2,0,0,,Patricia
DSCN9949,102,5,Playa Blanca,,arana,,,11,2022,nov-24,305.384,6,0,1,1,0,,Patricia
DSCN9950,102,6,Playa Blanca,,arana,,,11,2022,nov-24,281.838,5,0,0,0,0,1 perdida?,Patricia
DSCN9951,102,7,Playa Blanca,,arana,,,11,2022,nov-24,504.591,5,0,0,0,0,1 perdida?,Patricia
DSCN0646,102,0,Playa Blanca,,arana,,,12,2022,dic-24,NA,NA,NA,NA,NA,NA,,Patricia
DSCN0647,102,1,Playa Blanca,,arana,,,12,2022,dic-24,320.137,6,0,0,0,0,,Patricia
DSCN0648,102,2,Playa Blanca,,arana,,,12,2022,dic-24,262.012,5,0,0,0,0,,Patricia
DSCN0649,102,3,Playa Blanca,,arana,,,12,2022,dic-24,724.229,5,0,0,0,0,,Patricia
DSCN0650,102,4,Playa Blanca,,arana,,,12,2022,dic-24,251.600,4,0,1,0,0,,Patricia
DSCN0651,102,5,Playa Blanca,,arana,,,12,2022,dic-24,413.789,4,0,1,0,0,,Patricia
DSCN0652,102,6,Playa Blanca,,arana,,,12,2022,dic-24,352.611,5,1,0,0,0,,Patricia
DSCN0653,102,7,Playa Blanca,,arana,,,12,2022,dic-24,410.468,5,0,0,0,0,,Patricia
DSCN1293,102,0,Playa Blanca,,arana,,,1,2023,ene-24,NA,NA,NA,NA,NA,NA,,Patricia
DSCN1294,102,1,Playa Blanca,,arana,,,1,2023,ene-24,622.871,6,0,2,0,0,,Patricia
DSCN1295,102,2,Playa Blanca,,arana,,,1,2023,ene-24,429.793,5,1,1,0,0,,Patricia
DSCN1296,102,3,Playa Blanca,,arana,,,1,2023,ene-24,105.462,2,0,0,0,0,,Patricia
DSCN1297,102,4,Playa Blanca,,arana,,,1,2023,ene-24,384.467,5,0,1,0,0,,Patricia
DSCN1298,102,5,Playa Blanca,,arana,,,1,2023,ene-24,360.608,4,0,0,0,0,,Patricia
DSCN1299,102,6,Playa Blanca,,arana,,,1,2023,ene-24,373.313,5,0,0,0,0,,Patricia
DSCN1300,102,7,Playa Blanca,,arana,,,1,2023,ene-24,583.791,6,0,0,0,0,,Patricia
DSCN2049,102,0,Playa Blanca,,arana,,,2,2023,feb-24,NA,NA,NA,NA,NA,NA,,Patricia
DSCN2050,102,1,Playa Blanca,,arana,,,2,2023,feb-24,683.265,6,3,0,0,0,,Patricia
DSCN2051,102,2,Playa Blanca,,arana,,,2,2023,feb-24,378.171,4,0,0,0,0,,Patricia
DSCN2052,102,3,Playa Blanca,,arana,,,2,2023,feb-24,162.450,2,2,0,0,0,,Patricia
DSCN2053,102,4,Playa Blanca,,arana,,,2,2023,feb-24,596.167,5,1,0,0,0,,Patricia
DSCN2054,102,5,Playa Blanca,,arana,,,2,2023,feb-24,454.772,4,0,0,0,0,,Patricia
DSCN2055,102,6,Playa Blanca,,arana,,,2,2023,feb-24,706.635,5,3,0,0,0,,Patricia
DSCN2056,102,7,Playa Blanca,,arana,,,2,2023,feb-24,646.795,6,1,0,0,0,,Patricia
DSCN2490,102,0,Playa Blanca,,arana,,,3,2023,mar-24,NA,NA,NA,NA,NA,NA,ETIQUETA,Patricia
DSCN2491,102,1,Playa Blanca,,arana,,,3,2023,mar-24,581.237,6,4,0,0,0,,Patricia
DSCN2492,102,2,Playa Blanca,,arana,,,3,2023,mar-24,427.105,4,0,0,0,0,,Patricia
DSCN2493,102,3,Playa Blanca,,arana,,,3,2023,mar-24,123.539,2,1,0,0,0,,Patricia
DSCN2494,102,4,Playa Blanca,,arana,,,3,2023,mar-24,349.652,4,1,0,0,0,1 perdida?,Patricia
DSCN2495,102,5,Playa Blanca,,arana,,,3,2023,mar-24,578.689,4,0,0,0,0,,Patricia
DSCN2496,102,6,Playa Blanca,,arana,,,3,2023,mar-24,574.837,5,3,0,0,0,,Patricia
DSCN2497,102,7,Playa Blanca,,arana,,,3,2023,mar-24,725.597,6,1,0,0,0,,Patricia
DSCN0052,16,1,Playa Blanca,,arana,,,11,2022,nov-24,467.404,3,0,0,0,0,,Tania
DSCN0053,16,2,Playa Blanca,,arana,,,11,2022,nov-24,644.230,4,1,0,0,0,,Tania
DSCN0054,16,3,Playa Blanca,,arana,,,11,2022,nov-24,473.162,5,1,0,0,0,,Tania
DSCN0055,16,4,Playa Blanca,,arana,,,11,2022,nov-24,445.310,3,0,0,0,0,,Tania
DSCN0056,16,5,Playa Blanca,,arana,,,11,2022,nov-24,918.985,7,0,1,0,0,,Tania
DSCN0057,16,6,Playa Blanca,,arana,,,11,2022,nov-24,310.668,2,2,0,0,0,,Tania
DSCN0058,16,7,Playa Blanca,,arana,,,11,2022,nov-24,"1,418.150",5,0,0,0,0,,Tania
DSCN8562,95,1,Playa Blanca,,arana,,,3,2022,mar-24,233.824,5,0,1,0,0,etiqueta,Andrea C.
DSCN8563,95,2,Playa Blanca,,arana,,,3,2022,mar-24,297.549,5,0,1,1,0,,Andrea C.
DSCN8564,95,3,Playa Blanca,,arana,,,3,2022,mar-24,173.678,4,0,0,0,0,,Andrea C.
DSCN8565,95,4,Playa Blanca,,arana,,,3,2022,mar-24,240.514,5,0,0,0,0,,Andrea C.
DSCN8566,95,5,Playa Blanca,,arana,,,3,2022,mar-24,259.385,6,0,0,0,0,,Andrea C.
DSCN8567,95,6,Playa Blanca,,arana,,,3,2022,mar-24,87.498,2,0,0,0,0,,Andrea C.
DSCN8568,95,7,Playa Blanca,,arana,,,3,2022,mar-24,310.049,8,0,0,0,0,arriba,Andrea C.
DSCN8578,96,1,Playa Blanca,,arana,,,3,2022,mar-24,139.227,3,0,1,0,0,etiqueta,Andrea C.
DSCN8579,96,2,Playa Blanca,,arana,,,3,2022,mar-24,241.878,4,0,1,1,0,,Andrea C.
DSCN8580,96,3,Playa Blanca,,arana,,,3,2022,mar-24,353.099,6,0,1,0,0,,Andrea C.
DSCN8581,96,4,Playa Blanca,,arana,,,3,2022,mar-24,137.825,4,0,2,0,0,,Andrea C.
DSCN8582,96,5,Playa Blanca,,arana,,,3,2022,mar-24,151.894,4,0,0,0,0,imagen un poco borrosa,Andrea C.
DSCN8583,96,6,Playa Blanca,,arana,,,3,2022,mar-24,142.063,3,0,0,1,0,imagen un poco borrosa,Andrea C.
DSCN8584,96,7,Playa Blanca,,arana,,,3,2022,mar-24,168.299,5,0,0,2,0,Arriba,Andrea C.
DSCN8554,97,1,Playa Blanca,,arana,,,3,2022,mar-24,125.235,5,0,1,0,0,Etiqueta,Andrea C.
DSCN8555,97,2,Playa Blanca,,arana,,,3,2022,mar-24,138.818,5,0,0,0,0,,Andrea C.
DSCN8556,97,3,Playa Blanca,,arana,,,3,2022,mar-24,157.604,4,0,0,1,0,,Andrea C.
DSCN8557,97,4,Playa Blanca,,arana,,,3,2022,mar-24,157.943,6,0,0,0,0,,Andrea C.
DSCN8558,97,5,Playa Blanca,,arana,,,3,2022,mar-24,151.977,3,0,1,0,0,,Andrea C.
DSCN8559,97,6,Playa Blanca,,arana,,,3,2022,mar-24,111.902,3,0,0,1,0,,Andrea C.
DSCN8560,97,7,Playa Blanca,,arana,,,3,2022,mar-24,203.635,4,0,0,0,0,,Andrea C.
DSCN8570,98,1,Playa Blanca,,arana,,,3,2022,mar-24,227.672,2,0,0,0,0,0,Andrea C.
DSCN8571,98,2,Playa Blanca,,arana,,,3,2022,mar-24,339.961,5,0,2,0,0,,Andrea C.
DSCN8572,98,3,Playa Blanca,,arana,,,3,2022,mar-24,132.866,3,0,0,0,0,,Andrea C.
DSCN8573,98,4,Playa Blanca,,arana,,,3,2022,mar-24,343.435,6,1,1,0,0,,Andrea C.
DSCN8574,98,5,Playa Blanca,,arana,,,3,2022,mar-24,135.032,4,0,1,0,0,,Andrea C.
DSCN8575,98,6,Playa Blanca,,arana,,,3,2022,mar-24,249.447,6,0,2,0,0,Foto oscura,Andrea C.
DSCN8576,98,7,Playa Blanca,,arana,,,3,2022,mar-24,156.502,1,0,0,0,0,"Los demas corales en este lado se obsrvaban mejor de otros lados de la araña, por ello solo se conto 1",Andrea C.
DSCN9209,95,1,Playa Blanca,,arana,,,4,2022,abr-24,403.894,7,0,0,0,0,etiqueta,Andrea C.
DSCN9210,95,2,Playa Blanca,,arana,,,4,2022,abr-24,111.377,2,0,1,0,0,,Andrea C.
DSCN9211,95,3,Playa Blanca,,arana,,,4,2022,abr-24,257.305,5,0,2,0,0,,Andrea C.
DSCN9212,95,4,Playa Blanca,,arana,,,4,2022,abr-24,249.161,4,0,1,0,0,,Andrea C.
DSCN9213,95,5,Playa Blanca,,arana,,,4,2022,abr-24,220.668,4,0,1,0,0,,Andrea C.
DSCN9214,95,6,Playa Blanca,,arana,,,4,2022,abr-24,301.119,4,0,2,0,0,,Andrea C.
DSCN9215,95,7,Playa Blanca,,arana,,,4,2022,abr-24,276.107,5,0,0,0,0,arriba,Andrea C.
DSCN9201,96,1,Playa Blanca,,arana,,,4,2022,abr-24,84.505,1,0,1,0,0,"Etiqueta; Se atraveso un pez, el coral de hasta abajo se considero en el lado 2 por cuestiones de prespectiva.",Andrea C.
DSCN9202,96,2,Playa Blanca,,arana,,,4,2022,abr-24,317.860,4,0,0,0,1,,Andrea C.
DSCN9203,96,3,Playa Blanca,,arana,,,4,2022,abr-24,181.364,4,0,0,1,0,,Andrea C.
DSCN9204,96,4,Playa Blanca,,arana,,,4,2022,abr-24,213.916,4,0,3,0,0,,Andrea C.
DSCN9205,96,5,Playa Blanca,,arana,,,4,2022,abr-24,323.536,5,0,1,0,0,,Andrea C.
DSCN9206,96,6,Playa Blanca,,arana,,,4,2022,abr-24,257.246,4,0,1,0,0,,Andrea C.
DSCN9207,96,7,Playa Blanca,,arana,,,4,2022,abr-24,211.762,5,0,2,0,0,arriba,Andrea C.
DSCN9193,97,1,Playa Blanca,,arana,,,4,2022,abr-24,110.742,4,0,1,0,0,Etiqueta,Andrea C.
DSCN9194,97,2,Playa Blanca,,arana,,,4,2022,abr-24,119.236,3,0,1,0,0,,Andrea C.
DSCN9195,97,3,Playa Blanca,,arana,,,4,2022,abr-24,159.598,3,0,1,0,0,,Andrea C.
DSCN9196,97,4,Playa Blanca,,arana,,,4,2022,abr-24,220.890,6,0,2,0,0,,Andrea C.
DSCN9197,97,5,Playa Blanca,,arana,,,4,2022,abr-24,221.038,4,0,0,0,0,,Andrea C.
DSCN9198,97,6,Playa Blanca,,arana,,,4,2022,abr-24,134.842,4,0,1,0,0,,Andrea C.
DSCN9199,97,7,Playa Blanca,,arana,,,4,2022,abr-24,337.830,8,0,0,0,0,arriba,Andrea C.
DSCN9217,98,1,Playa Blanca,,arana,,,4,2022,abr-24,306.801,2,0,0,0,0,Etiqueta,Andrea C.
DSCN9218,98,2,Playa Blanca,,arana,,,4,2022,abr-24,310.970,5,0,1,0,0,Coral de la barra de arriba fue considerado en la ultima foto,Andrea C.
DSCN9219,98,3,Playa Blanca,,arana,,,4,2022,abr-24,261.838,5,0,1,0,0,"Coral superior izquierda de la anterior araña, fue contabilizado en este lado",Andrea C.
DSCN9220,98,4,Playa Blanca,,arana,,,4,2022,abr-24,367.454,6,0,2,0,0,se atraveso un pez,Andrea C.
DSCN9221,98,5,Playa Blanca,,arana,,,4,2022,abr-24,340.228,4,0,0,0,0,,Andrea C.
DSCN9222,98,6,Playa Blanca,,arana,,,4,2022,abr-24,246.267,4,0,1,0,0,,Andrea C.
DSCN9223,98,7,Playa Blanca,,arana,,,4,2022,abr-24,337.044,3,0,1,0,0,,Andrea C.
DSCN0103,95,1,Playa Blanca,,arana,,,5,2022,may-24,427.453,6,0,0,0,0,Etiqueta: poca visibilidad en todas las fotos,Andrea C.
DSCN0104,95,2,Playa Blanca,,arana,,,5,2022,may-24,96.076,2,0,1,0,0,,Andrea C.
DSCN0105,95,3,Playa Blanca,,arana,,,5,2022,may-24,165.304,3,0,0,0,0,no se puede ver si hay mortalidad parcial,Andrea C.
DSCN0106,95,4,Playa Blanca,,arana,,,5,2022,may-24,335.978,5,0,0,0,0,,Andrea C.
DSCN0107,95,5,Playa Blanca,,arana,,,5,2022,may-24,288.856,5,1,0,0,0,,Andrea C.
DSCN0108,95,6,Playa Blanca,,arana,,,5,2022,may-24,227.456,4,0,0,0,0,,Andrea C.
DSCN0109,95,7,Playa Blanca,,arana,,,5,2022,may-24,394.915,5,0,0,0,0,Arriba,Andrea C.
DSCN0086,96,1,Playa Blanca,,arana,,,5,2022,may-24,132.997,3,0,0,0,0,Etiqueta: Araña sin cepillar con algas y poca visibilidad en todas las imagenes,Andrea C.
DSCN0087,96,2,Playa Blanca,,arana,,,5,2022,may-24,306.259,4,0,0,0,0,,Andrea C.
DSCN0088,96,3,Playa Blanca,,arana,,,5,2022,may-24,280.051,5,0,2,0,0,,Andrea C.
DSCN0089,96,4,Playa Blanca,,arana,,,5,2022,may-24,112.662,3,0,0,1,0,,Andrea C.
DSCN0090,96,5,Playa Blanca,,arana,,,5,2022,may-24,170.652,4,0,0,0,0,,Andrea C.
DSCN0091,96,6,Playa Blanca,,arana,,,5,2022,may-24,197.553,3,0,1,0,0,,Andrea C.
DSCN0092,96,7,Playa Blanca,,arana,,,5,2022,may-24,240.004,3,0,1,0,0,Arriba,Andrea C.
DSCN0095,97,1,Playa Blanca,,arana,,,5,2022,may-24,134.569,4,0,0,1,0,Etiqueta: Poca visibilidad. Todas las arañas sin cepillar (tenian algas),Andrea C.
DSCN0096,97,2,Playa Blanca,,arana,,,5,2022,may-24,159.950,5,0,0,0,0,Poca visibilidad,Andrea C.
DSCN0097,97,3,Playa Blanca,,arana,,,5,2022,may-24,208.097,4,0,2,1,0,,Andrea C.
DSCN0098,97,4,Playa Blanca,,arana,,,5,2022,may-24,232.407,6,0,2,0,0,,Andrea C.
DSCN0099,97,5,Playa Blanca,,arana,,,5,2022,may-24,150.400,3,0,1,1,0,,Andrea C.
DSCN0100,97,6,Playa Blanca,,arana,,,5,2022,may-24,139.454,3,0,1,1,0,,Andrea C.
DSCN0101,97,7,Playa Blanca,,arana,,,5,2022,may-24,410.155,6,1,1,0,0,Arriba,Andrea C.
DSCN0111,98,1,Playa Blanca,,arana,,,5,2022,may-24,140.528,2,0,0,1,0,El unico coral de la barra de hasta abajo se confunde con otro coral tirado en el sustrato. Dificil diferenciarlo . Todas las arañas sin cepillar,Andrea C.
DSCN0112,98,,Playa Blanca,,arana,,,5,2022,may-24,NA,NA,NA,NA,NA,NA,Es la misma imagen que DSCN0113 (la cual se analizó).,Andrea C.
DSCN0113,98,2,Playa Blanca,,arana,,,5,2022,may-24,91.137,2,0,1,0,0,,Andrea C.
DSCN0114,98,3,Playa Blanca,,arana,,,5,2022,may-24,370.926,4,0,1,0,0,,Andrea C.
DSCN0115,98,4,Playa Blanca,,arana,,,5,2022,may-24,458.727,6,0,1,0,0,,Andrea C.
DSCN0116,98,5,Playa Blanca,,arana,,,5,2022,may-24,261.747,4,0,0,0,0,No se puede observar bien si existe mortalidad parcial.,Andrea C.
DSCN0117,98,6,Playa Blanca,,arana,,,5,2022,may-24,398.593,5,0,0,0,0,No se pueden diferenciar los dos corales de la ultima barra pegada al sustrato. (Se obtuvo un calculo aproximado e inexacto,Andrea C.
DSCN0118,98,7,Playa Blanca,,arana,,,5,2022,may-24,442.318,4,0,1,0,0,,Andrea C.
DSCN0502,95,1,Playa Blanca,,arana,,,6,2022,jun-24,405.230,7,0,0,0,0,"Etiqueta; Muy mala visibilidad (todas), cuesta trabajo diferenciar el borde de los corales. Arañas sin cepillar",Andrea C.
DSCN0503,95,2,Playa Blanca,,arana,,,6,2022,jun-24,154.407,2,0,0,0,0,,Andrea C.
DSCN0504,95,3,Playa Blanca,,arana,,,6,2022,jun-24,391.376,5,0,0,0,0,,Andrea C.
DSCN0505,95,4,Playa Blanca,,arana,,,6,2022,jun-24,281.818,5,0,1,0,0,,Andrea C.
DSCN0506,95,5,Playa Blanca,,arana,,,6,2022,jun-24,76.831,1,0,0,1,0,0,Andrea C.
DSCN0507,95,6,Playa Blanca,,arana,,,6,2022,jun-24,180.075,4,0,1,0,0,,Andrea C.
DSCN0508,95,7,Playa Blanca,,arana,,,6,2022,jun-24,275.999,5,0,0,1,0,,Andrea C.
DSCN0560,96,1,Playa Blanca,,arana,,,6,2022,jun-24,173.647,4,0,1,0,0,Etiqueta; poca visibilidad,Andrea C.
DSCN0561,96,2,Playa Blanca,,arana,,,6,2022,jun-24,204.364,3,0,1,0,0,,Andrea C.
DSCN0562,96,3,Playa Blanca,,arana,,,6,2022,jun-24,263.589,5,0,1,0,0,,Andrea C.
DSCN0563,96,4,Playa Blanca,,arana,,,6,2022,jun-24,136.971,2,0,0,1,0,,Andrea C.
DSCN0564,96,5,Playa Blanca,,arana,,,6,2022,jun-24,305.131,5,0,0,0,0,,Andrea C.
DSCN0565,96,6,Playa Blanca,,arana,,,6,2022,jun-24,287.693,4,0,0,0,0,,Andrea C.
DSCN0566,96,7,Playa Blanca,,arana,,,6,2022,jun-24,239.044,4,0,1,0,0,,Andrea C.
DSCN0494,97,1,Playa Blanca,,arana,,,6,2022,jun-24,134.570,4,0,0,0,0,Etiqueta; poca visibilidad en todas las arañas,Andrea C.
DSCN0495,97,2,Playa Blanca,,arana,,,6,2022,jun-24,116.284,3,0,0,1,0,,Andrea C.
DSCN0496,97,3,Playa Blanca,,arana,,,6,2022,jun-24,115.530,2,0,1,1,0,,Andrea C.
DSCN0497,97,4,Playa Blanca,,arana,,,6,2022,jun-24,252.336,6,0,0,0,0,,Andrea C.
DSCN0498,97,5,Playa Blanca,,arana,,,6,2022,jun-24,212.179,4,0,1,1,0,,Andrea C.
DSCN0499,97,6,Playa Blanca,,arana,,,6,2022,jun-24,115.450,5,0,1,0,0,,Andrea C.
DSCN0500,97,7,Playa Blanca,,arana,,,6,2022,jun-24,360.891,5,0,0,0,1,,Andrea C.
DSCN0510,98,1,Playa Blanca,,arana,,,6,2022,jun-24,48.729,1,0,0,1,0,"Etiqueta, poca visibilidad en todas las arañas",Andrea C.
DSCN0511,98,2,Playa Blanca,,arana,,,6,2022,jun-24,220.730,6,0,0,1,0,,Andrea C.
DSCN0512,98,3,Playa Blanca,,arana,,,6,2022,jun-24,181.496,4,0,2,0,0,,Andrea C.
DSCN0513,98,4,Playa Blanca,,arana,,,6,2022,jun-24,361.629,5,0,2,0,0,,Andrea C.
DSCN0514,98,5,Playa Blanca,,arana,,,6,2022,jun-24,360.239,4,0,0,1,0,,Andrea C.
DSCN0515,98,6,Playa Blanca,,arana,,,6,2022,jun-24,87.656,2,0,1,0,0,,Andrea C.
DSCN0516,98,7,Playa Blanca,,arana,,,6,2022,jun-24,540.411,3,0,0,0,0,Corales fusionados,Andrea C.
DSCN1097,95,1,Playa Blanca,,arana,,,7,2022,jul-24,532.796,5,0,1,0,0,Etiqueta; Poca visibilidad en todas las arañas,Andrea C.
DSCN1098,95,2,Playa Blanca,,arana,,,7,2022,jul-24,227.928,0,0,0,1,0,,Andrea C.
DSCN1099,95,3,Playa Blanca,,arana,,,7,2022,jul-24,167.981,2,0,0,2,0,Coral de arriba no considerado,Andrea C.
DSCN1100,95,4,Playa Blanca,,arana,,,7,2022,jul-24,449.505,4,0,0,0,0,Coral de arriba y esquina considerada en el siguiente lado,Andrea C.
DSCN1101,95,5,Playa Blanca,,arana,,,7,2022,jul-24,243.771,2,0,0,1,0,,Andrea C.
DSCN1102,95,6,Playa Blanca,,arana,,,7,2022,jul-24,178.539,2,0,0,0,0,,Andrea C.
DSCN1103,95,7,Playa Blanca,,arana,,,7,2022,jul-24,289.372,0,0,0,2,0,,Andrea C.
DSCN1089,96,1,Playa Blanca,,arana,,,7,2022,jul-24,319.103,6,0,1,0,0,"Etiqueta, no muy buena visibilidad. Fagitas no cortadas",Andrea C.
DSCN1090,96,2,Playa Blanca,,arana,,,7,2022,jul-24,247.185,5,0,0,0,0,,Andrea C.
DSCN1091,96,3,Playa Blanca,,arana,,,7,2022,jul-24,291.330,5,0,1,0,0,,Andrea C.
DSCN1092,96,4,Playa Blanca,,arana,,,7,2022,jul-24,173.894,7,0,0,0,0,,Andrea C.
DSCN1093,96,5,Playa Blanca,,arana,,,7,2022,jul-24,362.738,5,0,0,0,0,Los peces estorban y ponen caras chistosas,Andrea C.
DSCN1094,96,6,Playa Blanca,,arana,,,7,2022,jul-24,358.000,4,0,0,0,0,,Andrea C.
DSCN1095,96,7,Playa Blanca,,arana,,,7,2022,jul-24,301.016,0,0,2,1,0,Arriba,Andrea C.
DSCN1081,97,1,Playa Blanca,,arana,,,7,2022,jul-24,155.572,4,0,0,0,0,Etiqueta; poca visibilidad,Andrea C.
DSCN1082,97,2,Playa Blanca,,arana,,,7,2022,jul-24,176.078,3,0,0,0,0,,Andrea C.
DSCN1083,97,3,Playa Blanca,,arana,,,7,2022,jul-24,145.036,2,0,0,1,0,,Andrea C.
DSCN1084,97,4,Playa Blanca,,arana,,,7,2022,jul-24,198.574,5,0,0,0,0,,Andrea C.
DSCN1085,97,5,Playa Blanca,,arana,,,7,2022,jul-24,298.703,4,0,1,0,0,,Andrea C.
DSCN1086,97,6,Playa Blanca,,arana,,,7,2022,jul-24,77.364,3,0,0,2,0,,Andrea C.
DSCN1087,97,7,Playa Blanca,,arana,,,7,2022,jul-24,521.668,0,0,0,0,1,Arriba,Andrea C.
DSCN1105,98,1,Playa Blanca,,arana,,,7,2022,jul-24,157.838,4,0,0,0,0,"Etiqueta; Poca visibilidad en la parte de arriba, no se pueden distinguir los corales",Andrea C.
DSCN1106,98,2,Playa Blanca,,arana,,,7,2022,jul-24,326.981,6,0,0,0,0,,Andrea C.
DSCN1107,98,3,Playa Blanca,,arana,,,7,2022,jul-24,310.743,0,0,0,1,0,,Andrea C.
DSCN1108,98,4,Playa Blanca,,arana,,,7,2022,jul-24,465.784,5,0,1,0,0,,Andrea C.
DSCN1109,98,5,Playa Blanca,,arana,,,7,2022,jul-24,442.231,4,0,0,0,0,,Andrea C.
DSCN1110,98,6,Playa Blanca,,arana,,,7,2022,jul-24,130.038,3,0,0,0,0,,Andrea C.
DSCN1111,98,7,Playa Blanca,,arana,,,7,2022,jul-24,"1,833.620",6,0,1,0,0,,Andrea C.
DSCN0524,16,1,Playa Blanca,,arana,,,12,2022,dic-24,467.404,3,0,0,0,0,,Tania
DSCN0525,16,2,Playa Blanca,,arana,,,12,2022,dic-24,644.230,4,0,0,4,0,,Tania
DSCN0526,16,3,Playa Blanca,,arana,,,12,2022,dic-24,473.162,6,0,0,0,0,,Tania
DSCN0527,16,4,Playa Blanca,,arana,,,12,2022,dic-24,445.310,5,0,1,0,0,,Tania
DSCN0528,16,5,Playa Blanca,,arana,,,12,2022,dic-24,918.985,8,1,1,0,0,,Tania
DSCN0529,16,6,Playa Blanca,,arana,,,12,2022,dic-24,310.668,4,1,0,0,0,,Tania
DSCN0530,16,7,Playa Blanca,,arana,,,12,2022,dic-24,"1,418.150",6,0,0,0,0,,Tania
DSCN0524,16,1,Playa Blanca,,arana,,,1,2023,ene-24,542.210,3,0,1,0,0,,Tania
DSCN0525,16,2,Playa Blanca,,arana,,,1,2023,ene-24,574.041,4,1,0,1,0,,Tania
DSCN0526,16,3,Playa Blanca,,arana,,,1,2023,ene-24,291.554,4,0,0,1,0,,Tania
DSCN0527,16,4,Playa Blanca,,arana,,,1,2023,ene-24,404.692,3,0,1,0,0,,Tania
DSCN0528,16,5,Playa Blanca,,arana,,,1,2023,ene-24,791.522,5,0,0,1,0,,Tania
DSCN0529,16,6,Playa Blanca,,arana,,,1,2023,ene-24,350.078,2,2,0,0,0,,Tania
DSCN0530,16,7,Playa Blanca,,arana,,,1,2023,ene-24,"1,419.470",5,0,0,0,0,,Tania
DSCN1910,16,1,Playa Blanca,,arana,,,2,2023,feb-24,553.151,2,0,0,0,0,,Tania
DSCN1911,16,2,Playa Blanca,,arana,,,2,2023,feb-24,537.041,5,0,0,0,0,,Tania
DSCN1912,16,3,Playa Blanca,,arana,,,2,2023,feb-24,201.040,3,1,0,0,0,,Tania
DSCN1913,16,4,Playa Blanca,,arana,,,2,2023,feb-24,295.710,2,0,1,2,0,,Tania
DSCN1914,16,5,Playa Blanca,,arana,,,2,2023,feb-24,367.638,4,0,1,1,0,,Tania
DSCN1915,16,6,Playa Blanca,,arana,,,2,2023,feb-24,289.775,2,0,0,1,0,,Tania
DSCN1916,16,7,Playa Blanca,,arana,,,2,2023,feb-24,"1,867.350",7,0,0,0,0,,Tania
DSCN2589,16,1,Playa Blanca,,arana,,,3,2023,mar-24,531.993,2,0,0,1,0,,Tania
DSCN2590,16,2,Playa Blanca,,arana,,,3,2023,mar-24,760.988,4,1,1,0,0,,Tania
DSCN2591,16,3,Playa Blanca,,arana,,,3,2023,mar-24,390.847,5,0,1,0,0,,Tania
DSCN2592,16,4,Playa Blanca,,arana,,,3,2023,mar-24,326.745,2,0,1,2,0,,Tania
DSCN2593,16,5,Playa Blanca,,arana,,,3,2023,mar-24,638.436,4,0,1,0,0,,Tania
DSCN2594,16,6,Playa Blanca,,arana,,,3,2023,mar-24,107.917,2,0,0,1,0,,Tania
DSCN2595,16,7,Playa Blanca,,arana,,,3,2023,mar-24,"1,364.400",7,0,0,0,0,,Tania
DSCN0069,6,1,Playa Blanca,,arana,,,5,2022,may-24,563.907,7,0,0,0,0,el mes tiene mala visibilidad,Randall
DSCN0070,6,2,Playa Blanca,,arana,,,5,2022,may-24,589.267,8,0,0,0,0,pueden no ser 8,Randall
DSCN0071,6,3,Playa Blanca,,arana,,,5,2022,may-24,556.670,6,0,0,0,0,,Randall
DSCN0072,6,4,Playa Blanca,,arana,,,5,2022,may-24,513.616,5,0,0,0,0,numero de fragmentos dudoso,Randall
DSCN0073,6,5,Playa Blanca,,arana,,,5,2022,may-24,388.835,5,1,0,0,0,,Randall
DSCN0074,6,6,Playa Blanca,,arana,,,5,2022,may-24,410.666,9,0,1,0,0,,Randall
DSCN0075,6,7,Playa Blanca,,arana,,,5,2022,may-24,867.323,8,0,0,0,0,,Randall
DSCN0061,7,1,Playa Blanca,,arana,,,5,2022,may-24,440.563,7,0,0,0,0,,Randall
DSCN0062,7,2,Playa Blanca,,arana,,,5,2022,may-24,461.067,5,0,1,0,0,,Randall
DSCN0063,7,3,Playa Blanca,,arana,,,5,2022,may-24,420.026,4,0,0,0,0,,Randall
DSCN0064,7,4,Playa Blanca,,arana,,,5,2022,may-24,353.797,6,0,0,0,0,,Randall
DSCN0065,7,5,Playa Blanca,,arana,,,5,2022,may-24,280.189,5,0,0,0,0,,Randall
DSCN0066,7,6,Playa Blanca,,arana,,,5,2022,may-24,396.000,4,0,0,1,0,,Randall
DSCN0067,7,7,Playa Blanca,,arana,,,5,2022,may-24,"1,057.880",10,0,0,0,1,,Randall
DSCN0078,8,1,Playa Blanca,,arana,,,5,2022,may-24,350.578,4,0,0,0,0,,Randall
DSCN0079,8,2,Playa Blanca,,arana,,,5,2022,may-24,436.666,6,0,0,0,0,,Randall
DSCN0080,8,3,Playa Blanca,,arana,,,5,2022,may-24,563.711,5,0,0,0,0,,Randall
DSCN0081,8,4,Playa Blanca,,arana,,,5,2022,may-24,659.253,6,0,0,0,0,Podrian ser 7,Randall
DSCN0082,8,5,Playa Blanca,,arana,,,5,2022,may-24,522.352,6,0,0,0,0,,Randall
DSCN0083,8,6,Playa Blanca,,arana,,,5,2022,may-24,410.738,6,0,0,0,0,Podrian ser 5,Randall
DSCN0084,8,7,Playa Blanca,,arana,,,5,2022,may-24,978.343,11,0,0,0,0,,Randall
DSCN0053,9,1,Playa Blanca,,arana,,,5,2022,may-24,388.756,5,0,0,0,0,,Randall
DSCN0054,9,2,Playa Blanca,,arana,,,5,2022,may-24,251.442,6,0,0,0,0,Los fragmentos de abajo están cubiertos por suelo,Randall
DSCN0055,9,3,Playa Blanca,,arana,,,5,2022,may-24,440.005,5,0,0,0,0,,Randall
DSCN0056,9,4,Playa Blanca,,arana,,,5,2022,may-24,357.622,5,0,0,0,0,,Randall
DSCN0057,9,5,Playa Blanca,,arana,,,5,2022,may-24,530.702,7,0,0,0,0,,Randall
DSCN0058,9,6,Playa Blanca,,arana,,,5,2022,may-24,518.729,7,0,0,0,0,,Randall
DSCN0059,9,7,Playa Blanca,,arana,,,5,2022,may-24,"1,082.900",15,0,2,0,0,,Randall
DSCN0010,10,1,Playa Blanca,,arana,,,5,2022,may-24,369.041,6,0,0,0,0,,Randall
DSCN0012,10,2,Playa Blanca,,arana,,,5,2022,may-24,144.131,2,0,0,0,0,,Randall
DSCN0013,10,3,Playa Blanca,,arana,,,5,2022,may-24,326.424,5,0,0,0,0,,Randall
DSCN0014,10,4,Playa Blanca,,arana,,,5,2022,may-24,364.005,5,0,0,1,0,,Randall
DSCN0015,10,5,Playa Blanca,,arana,,,5,2022,may-24,344.452,5,0,0,0,0,,Randall
DSCN0016,10,6,Playa Blanca,,arana,,,5,2022,may-24,283.877,5,0,0,0,0,,Randall
DSCN0017,10,7,Playa Blanca,,arana,,,5,2022,may-24,"1,154.090",13,0,0,0,0,,Randall
DSCN0675,6,1,Playa Blanca,,arana,,,6,2022,jun-24,461.361,6,0,0,0,0,,Randall
DSCN0676,6,2,Playa Blanca,,arana,,,6,2022,jun-24,349.738,7,0,0,0,0,,Randall
DSCN0677,6,3,Playa Blanca,,arana,,,6,2022,jun-24,388.971,5,1,0,0,0,,Randall
DSCN0678,6,4,Playa Blanca,,arana,,,6,2022,jun-24,451.149,5,0,0,0,0,,Randall
DSCN0679,6,5,Playa Blanca,,arana,,,6,2022,jun-24,504.162,6,0,0,0,0,,Randall
DSCN0680,6,6,Playa Blanca,,arana,,,6,2022,jun-24,505.976,6,0,0,0,0,,Randall
DSCN0682,6,7,Playa Blanca,,arana,,,6,2022,jun-24,"1,048.520",11,0,0,0,0,,Randall
DSCN0684,7,1,Playa Blanca,,arana,,,6,2022,jun-24,304.594,4,0,0,0,0,imagen borrosa,Randall
DSCN0685,7,2,Playa Blanca,,arana,,,6,2022,jun-24,377.741,5,0,0,0,0,,Randall
DSCN0686,7,3,Playa Blanca,,arana,,,6,2022,jun-24,514.662,6,0,0,0,0,imagen borrosa,Randall
DSCN0687,7,4,Playa Blanca,,arana,,,6,2022,jun-24,429.294,4,0,0,1,0,,Randall
DSCN0688,7,5,Playa Blanca,,arana,,,6,2022,jun-24,187.179,4,0,0,0,1,,Randall
DSCN0689,7,6,Playa Blanca,,arana,,,6,2022,jun-24,388.702,6,0,0,0,0,,Randall
DSCN0690,7,7,Playa Blanca,,arana,,,6,2022,jun-24,"1,105.850",10,0,0,0,0,,Randall
DSCN0694,8,1,Playa Blanca,,arana,,,6,2022,jun-24,314.805,5,0,0,0,0,pez atravesado,Randall
DSCN0695,8,2,Playa Blanca,,arana,,,6,2022,jun-24,390.124,5,0,0,0,0,,Randall
DSCN0696,8,3,Playa Blanca,,arana,,,6,2022,jun-24,454.735,6,0,0,0,0,,Randall
DSCN0697,8,4,Playa Blanca,,arana,,,6,2022,jun-24,572.999,6,0,0,0,0,,Randall
DSCN0698,8,5,Playa Blanca,,arana,,,6,2022,jun-24,467.116,5,0,0,0,0,,Randall
DSCN0699,8,6,Playa Blanca,,arana,,,6,2022,jun-24,385.750,7,0,0,0,0,Podrian ser 6. Hay un pez atravesado.,Randall
DSCN0700,8,7,Playa Blanca,,arana,,,6,2022,jun-24,923.299,11,0,0,0,0,,Randall
DSCN0648,9,1,Playa Blanca,,arana,,,6,2022,jun-24,298.329,5,0,0,0,0,,Randall
DSCN0649,9,2,Playa Blanca,,arana,,,6,2022,jun-24,464.606,7,0,0,0,0,,Randall
DSCN0650,9,3,Playa Blanca,,arana,,,6,2022,jun-24,478.323,7,0,0,0,0,,Randall
DSCN0651,9,4,Playa Blanca,,arana,,,6,2022,jun-24,402.252,4,0,0,0,0,,Randall
DSCN0652,9,5,Playa Blanca,,arana,,,6,2022,jun-24,241.981,3,0,0,0,0,,Randall
DSCN0653,9,6,Playa Blanca,,arana,,,6,2022,jun-24,181.293,6,0,0,0,1,Fragmentos inferiores cubiertos de suelo,Randall
DSCN0654,9,7,Playa Blanca,,arana,,,6,2022,jun-24,"1,358.210",14,0,0,0,0,,Randall
DSCN0639,10,1,Playa Blanca,,arana,,,6,2022,jun-24,381.182,6,0,0,0,0,Podrian ser 7. Peces atravesados.,Randall
DSCN0640,10,2,Playa Blanca,,arana,,,6,2022,jun-24,322.660,5,0,0,0,0,,Randall
DSCN0641,10,3,Playa Blanca,,arana,,,6,2022,jun-24,321.161,5,0,1,0,0,,Randall
DSCN0642,10,4,Playa Blanca,,arana,,,6,2022,jun-24,447.241,4,0,0,1,0,,Randall
DSCN0644,10,5,Playa Blanca,,arana,,,6,2022,jun-24,338.943,4,0,0,0,0,,Randall
DSCN0645,10,6,Playa Blanca,,arana,,,6,2022,jun-24,143.692,2,0,0,1,0,,Randall
DSCN0646,10,7,Playa Blanca,,arana,,,6,2022,jun-24,"1,254.860",13,0,0,0,0,,Randall
DSCN8232,95,1,Playa Blanca,,arana,,,8,2022,ago-24,424.997,5,0,0,0,0,Etiqueta,Andrea C.
DSCN8233,95,2,Playa Blanca,,arana,,,8,2022,ago-24,263.393,5,0,0,1,0,No se puede ver la esquina superior derecha,Andrea C.
DSCN8234,95,3,Playa Blanca,,arana,,,8,2022,ago-24,124.355,2,0,0,1,0,coral grande superior se midio en la sig foto,Andrea C.
DSCN8235,95,4,Playa Blanca,,arana,,,8,2022,ago-24,450.488,4,0,0,1,0,,Andrea C.
DSCN8236,95,5,Playa Blanca,,arana,,,8,2022,ago-24,258.292,3,0,0,0,0,,Andrea C.
DSCN8237,95,6,Playa Blanca,,arana,,,8,2022,ago-24,146.874,2,0,0,1,0,,Andrea C.
DSCN8238,95,7,Playa Blanca,,arana,,,8,2022,ago-24,274.662,5,0,0,0,0,,Andrea C.
DSCN8216,96,1,Playa Blanca,,arana,,,8,2022,ago-24,174.627,3,0,1,1,0,Etiqueta,Andrea C.
DSCN8217,96,2,Playa Blanca,,arana,,,8,2022,ago-24,326.733,4,0,0,0,0,Un pez tapa porcion de un coral,Andrea C.
DSCN8218,96,3,Playa Blanca,,arana,,,8,2022,ago-24,411.823,5,0,0,0,0,,Andrea C.
DSCN8219,96,4,Playa Blanca,,arana,,,8,2022,ago-24,124.998,4,0,0,0,0,,Andrea C.
DSCN8220,96,5,Playa Blanca,,arana,,,8,2022,ago-24,377.286,5,0,0,1,0,,Andrea C.
DSCN8221,96,6,Playa Blanca,,arana,,,8,2022,ago-24,281.884,4,0,0,1,0,,Andrea C.
DSCN8222,96,7,Playa Blanca,,arana,,,8,2022,ago-24,237.514,5,0,1,0,0,arriba,Andrea C.
DSCN8224,97,1,Playa Blanca,,arana,,,8,2022,ago-24,165.996,4,0,0,0,0,Etiqueta,Andrea C.
DSCN8225,97,2,Playa Blanca,,arana,,,8,2022,ago-24,120.581,3,0,0,1,0,,Andrea C.
DSCN8226,97,3,Playa Blanca,,arana,,,8,2022,ago-24,297.104,4,0,0,0,0,,Andrea C.
DSCN8227,97,4,Playa Blanca,,arana,,,8,2022,ago-24,332.474,6,0,0,0,0,,Andrea C.
DSCN8228,97,5,Playa Blanca,,arana,,,8,2022,ago-24,144.492,2,0,0,0,0,,Andrea C.
DSCN8229,97,6,Playa Blanca,,arana,,,8,2022,ago-24,206.080,3,0,0,0,0,,Andrea C.
DSCN8230,97,7,Playa Blanca,,arana,,,8,2022,ago-24,525.224,7,0,0,1,0,,Andrea C.
DSCN8206,98,1,Playa Blanca,,arana,,,8,2022,ago-24,102.902,4,0,0,0,0,Etiqueta. Costaba trabajo notar el borde de los corales resembrados.,Andrea C.
DSCN8207,98,2,Playa Blanca,,arana,,,8,2022,ago-24,203.996,4,0,0,0,0,,Andrea C.
DSCN8208,98,3,Playa Blanca,,arana,,,8,2022,ago-24,430.279,4,0,0,0,0,,Andrea C.
DSCN8209,98,4,Playa Blanca,,arana,,,8,2022,ago-24,229.381,4,0,1,0,0,,Andrea C.
DSCN8210,98,5,Playa Blanca,,arana,,,8,2022,ago-24,288.924,4,0,0,0,0,,Andrea C.
DSCN8211,98,6,Playa Blanca,,arana,,,8,2022,ago-24,348.142,5,0,0,2,0,No existen las fotos con terminación 12 y 13,Andrea C.
DSCN8214,98,7,Playa Blanca,,arana,,,8,2022,ago-24,365.790,2,0,0,0,0,,Andrea C.
DSCN1266,6,1,Playa Blanca,,arana,,,7,2022,jul-24,544.889,6,0,1,0,0,,Randall
DSCN1267,6,2,Playa Blanca,,arana,,,7,2022,jul-24,453.920,7,0,0,0,2,,Randall
DSCN1268,6,3,Playa Blanca,,arana,,,7,2022,jul-24,422.503,6,0,1,0,0,,Randall
DSCN1269,6,4,Playa Blanca,,arana,,,7,2022,jul-24,515.466,5,0,0,0,0,,Randall
DSCN1270,6,5,Playa Blanca,,arana,,,7,2022,jul-24,583.782,6,0,0,0,0,,Randall
DSCN1271,6,6,Playa Blanca,,arana,,,7,2022,jul-24,705.947,6,0,1,0,0,,Randall
DSCN1272,6,7,Playa Blanca,,arana,,,7,2022,jul-24,"1,052.080",11,0,0,0,0,,Randall
DSCN1249,78,1,Playa Blanca,,arana,,,7,2022,jul-24,423.137,5,0,0,0,0,,Randall
DSCN1250,78,2,Playa Blanca,,arana,,,7,2022,jul-24,556.136,5,0,0,0,0,,Randall
DSCN1251,78,3,Playa Blanca,,arana,,,7,2022,jul-24,458.457,4,0,0,0,0,,Randall
DSCN1252,78,4,Playa Blanca,,arana,,,7,2022,jul-24,265.823,4,0,0,0,1,,Randall
DSCN1253,78,5,Playa Blanca,,arana,,,7,2022,jul-24,416.192,6,0,0,0,0,,Randall
DSCN1254,78,6,Playa Blanca,,arana,,,7,2022,jul-24,501.755,4,0,0,0,1,el angulo no ayuda,Randall
DSCN1255,78,7,Playa Blanca,,arana,,,7,2022,jul-24,"1,177.050",11,0,1,0,0,,Randall
DSCN1231,8,1,Playa Blanca,,arana,,,7,2022,jul-24,395.250,5,0,0,0,0,,Randall
DSCN1232,8,2,Playa Blanca,,arana,,,7,2022,jul-24,405.156,5,0,0,0,0,,Randall
DSCN1233,8,3,Playa Blanca,,arana,,,7,2022,jul-24,675.204,7,0,0,0,0,la parte de arriba no se distingue,Randall
DSCN1234,8,4,Playa Blanca,,arana,,,7,2022,jul-24,693.797,6,0,0,0,0,,Randall
DSCN1235,8,5,Playa Blanca,,arana,,,7,2022,jul-24,601.693,5,0,0,0,0,,Randall
DSCN1236,8,6,Playa Blanca,,arana,,,7,2022,jul-24,503.848,6,0,0,0,0,,Randall
DSCN1237,8,7,Playa Blanca,,arana,,,7,2022,jul-24,"1,257.480",13,0,0,0,0,,Randall
DSCN1257,9,1,Playa Blanca,,arana,,,7,2022,jul-24,405.305,5,0,1,0,0,,Randall
DSCN1259,9,2,Playa Blanca,,arana,,,7,2022,jul-24,438.609,7,0,0,0,0,,Randall
DSCN1260,9,3,Playa Blanca,,arana,,,7,2022,jul-24,551.105,7,0,0,0,0,,Randall
DSCN1261,9,4,Playa Blanca,,arana,,,7,2022,jul-24,502.763,5,0,0,0,0,,Randall
DSCN1262,9,5,Playa Blanca,,arana,,,7,2022,jul-24,273.377,4,0,0,0,0,,Randall
DSCN1263,9,6,Playa Blanca,,arana,,,7,2022,jul-24,174.901,6,0,3,0,0,Un fragmento esta cubierto casi en su totalidad,Randall
NA,9,7,Playa Blanca,,arana,,,7,2022,jul-24,NA,NA,NA,NA,NA,NA,no hay fotografia,Randall
DSCN1241,10,1,Playa Blanca,,arana,,,7,2022,jul-24,392.192,4,0,0,0,0,,Randall
DSCN1242,10,2,Playa Blanca,,arana,,,7,2022,jul-24,299.374,5,0,0,0,0,,Randall
DSCN1243,10,3,Playa Blanca,,arana,,,7,2022,jul-24,410.496,4,0,0,0,0,,Randall
DSCN1244,10,4,Playa Blanca,,arana,,,7,2022,jul-24,457.083,4,0,0,0,0,,Randall
DSCN1245,10,5,Playa Blanca,,arana,,,7,2022,jul-24,375.324,5,0,0,0,0,,Randall
DSCN1246,10,6,Playa Blanca,,arana,,,7,2022,jul-24,176.893,2,0,0,1,0,,Randall
DSCN1247,10,7,Playa Blanca,,arana,,,7,2022,jul-24,"1,273.180",13,0,0,0,0,,Randall
DSCN8543,105,1,Playa Blanca,,arana,,,8,2022,ago-24,58.245,4,0,0,0,0,,Marcela
DSCN8544,105,2,Playa Blanca,,arana,,,8,2022,ago-24,68.944,4,0,0,0,1,Blanqueamiento parcial,Marcela
DSCN8545,105,3,Playa Blanca,,arana,,,8,2022,ago-24,107.600,5,0,0,0,1,Blanqueamiento parcial,Marcela
DSCN8546,105,4,Playa Blanca,,arana,,,8,2022,ago-24,48.024,5,0,0,0,0,,Marcela
DSCN8547,105,5,Playa Blanca,,arana,,,8,2022,ago-24,37.879,5,0,0,0,0,,Marcela
DSCN8548,105,6,Playa Blanca,,arana,,,8,2022,ago-24,63.863,4,0,1,0,0,,Marcela
DSCN8550,105,7,Playa Blanca,,arana,,,8,2022,ago-24,245.608,8,0,0,0,3,Blanqueamiento parcial,Marcela
DSCN8551,NA,NA,Playa Blanca,,arana,,NA,8,2022,NA,NA,NA,NA,NA,NA,NA,Igual a la anterior,Marcela
DSCN8931,105,1,Playa Blanca,,arana,,,9,2022,sep-24,61.431,4,0,0,0,0,,Marcela
DSCN8932,105,2,Playa Blanca,,arana,,,9,2022,sep-24,71.077,3,0,0,0,0,,Marcela
DSCN8933,105,3,Playa Blanca,,arana,,,9,2022,sep-24,117.664,5,0,0,0,0,,Marcela
DSCN8934,105,4,Playa Blanca,,arana,,,9,2022,sep-24,45.637,3,1,1,0,0,,Marcela
DSCN8935,105,5,Playa Blanca,,arana,,,9,2022,sep-24,27.697,3,1,0,0,0,,Marcela
DSCN8936,105,6,Playa Blanca,,arana,,,9,2022,sep-24,71.316,4,0,0,0,0,,Marcela
DSCN8937,105,7,Playa Blanca,,arana,,,9,2022,sep-24,390.885,7,1,6,0,0,,Marcela
DSCN9691,105,1,Playa Blanca,,arana,,,10,2022,oct-24,50.320,3,0,0,0,0,,Marcela
DSCN9692,105,2,Playa Blanca,,arana,,,10,2022,oct-24,34.966,3,0,2,0,0,,Marcela
DSCN9693,105,3,Playa Blanca,,arana,,,10,2022,oct-24,81.577,4,0,0,0,0,,Marcela
DSCN9694,105,4,Playa Blanca,,arana,,,10,2022,oct-24,85.701,5,0,0,0,0,,Marcela
DSCN9695,105,5,Playa Blanca,,arana,,,10,2022,oct-24,120.884,5,0,0,0,0,,Marcela
DSCN9696,105,6,Playa Blanca,,arana,,,10,2022,oct-24,67.104,2,0,1,0,0,,Marcela
DSCN9697,105,7,Playa Blanca,,arana,,,10,2022,oct-24,370.970,8,0,3,0,0,,Marcela
DSCN9986,105,1,Playa Blanca,,arana,,,11,2022,nov-24,96.596,3,0,0,0,0,,Marcela
DSCN9987,105,2,Playa Blanca,,arana,,,11,2022,nov-24,152.498,4,0,0,0,0,,Marcela
DSCN9988,105,3,Playa Blanca,,arana,,,11,2022,nov-24,206.464,5,0,0,0,0,,Marcela
DSCN9989,105,4,Playa Blanca,,arana,,,11,2022,nov-24,133.640,5,0,1,0,0,,Marcela
DSCN9990,105,5,Playa Blanca,,arana,,,11,2022,nov-24,91.875,4,0,0,0,0,,Marcela
DSCN9991,105,6,Playa Blanca,,arana,,,11,2022,nov-24,62.778,3,0,1,0,0,,Marcela
DSCN9992,105,7,Playa Blanca,,arana,,,11,2022,nov-24,472.239,7,0,0,0,0,,Marcela
DSCN0605,105,1,Playa Blanca,,arana,,,12,2022,dic-24,99.639,4,0,0,0,0,,Marcela
DSCN0606,105,2,Playa Blanca,,arana,,,12,2022,dic-24,111.575,4,0,1,0,0,,Marcela
DSCN0607,105,3,Playa Blanca,,arana,,,12,2022,dic-24,141.756,5,0,0,0,0,,Marcela
DSCN0608,105,4,Playa Blanca,,arana,,,12,2022,dic-24,91.113,5,0,1,0,0,,Marcela
DSCN0609,105,5,Playa Blanca,,arana,,,12,2022,dic-24,226.807,5,0,0,0,0,,Marcela
DSCN0610,105,6,Playa Blanca,,arana,,,12,2022,dic-24,151.792,4,0,1,0,1,Blanqueamiento parcial,Marcela
DSCN0611,105,7,Playa Blanca,,arana,,,12,2022,dic-24,479.397,7,0,2,0,0,Blanqueamiento parcial,Marcela
DSCN3681,11,0,Playa Blanca,,arana,,,4,2023,abr-24,NA,NA,NA,NA,NA,NA,ETIQUETA,Patricia
DSCN3682,11,1,Playa Blanca,,arana,,,4,2023,abr-24,0.000,0,0,0,1,0,,Patricia
DSCN3683,11,2,Playa Blanca,,arana,,,4,2023,abr-24,372.087,2,0,0,1,0,,Patricia
DSCN3684,11,3,Playa Blanca,,arana,,,4,2023,abr-24,394.089,3,0,2,0,0,,Patricia
DSCN3685,11,4,Playa Blanca,,arana,,,4,2023,abr-24,392.711,2,0,1,2,0,barra 1 - uno perdida o mort p?,Patricia
DSCN3686,11,5,Playa Blanca,,arana,,,4,2023,abr-24,564.489,4,0,2,1,0,pez en medio afecta area?,Patricia
DSCN3687,11,6,Playa Blanca,,arana,,,4,2023,abr-24,716.742,5,0,2,0,0,,Patricia
DSCN3688,11,7,Playa Blanca,,arana,,,4,2023,abr-24,"1,117.510",6,0,2,0,0,,Patricia
DSCN3622,14,0,Playa Blanca,,arana,,,4,2023,abr-24,NA,NA,NA,NA,NA,NA,ETIQUETA,Patricia
DSCN3623,14,1,Playa Blanca,,arana,,,4,2023,abr-24,257.741,2,0,1,3,0,,Patricia
DSCN3624,14,2,Playa Blanca,,arana,,,4,2023,abr-24,240.343,2,0,1,1,0,,Patricia
DSCN3625,14,3,Playa Blanca,,arana,,,4,2023,abr-24,759.524,4,0,0,0,0,,Patricia
DSCN3626,14,4,Playa Blanca,,arana,,,4,2023,abr-24,789.462,4,0,2,0,0,,Patricia
DSCN3627,14,5,Playa Blanca,,arana,,,4,2023,abr-24,433.333,3,0,2,1,0,,Patricia
DSCN3628,14,6,Playa Blanca,,arana,,,4,2023,abr-24,75.646,1,0,1,1,0,,Patricia
DSCN3629,14,7,Playa Blanca,,arana,,,4,2023,abr-24,"1,553.750",8,0,0,0,0,,Patricia
DSCN3598,90,0,Playa Blanca,,arana,,,4,2023,abr-24,NA,NA,NA,NA,NA,NA,ETIQUETA,Patricia
DSCN3599,90,1,Playa Blanca,,arana,,,4,2023,abr-24,"2,031.090",7,0,3,0,0,,Patricia
DSCN3600,90,2,Playa Blanca,,arana,,,4,2023,abr-24,"1,126.450",2,0,1,0,0,,Patricia
DSCN3601,90,3,Playa Blanca,,arana,,,4,2023,abr-24,"1,452.300",3,0,1,0,0,,Patricia
DSCN3602,90,4,Playa Blanca,,arana,,,4,2023,abr-24,0.000,0,0,0,0,0,,Patricia
DSCN3603,90,5,Playa Blanca,,arana,,,4,2023,abr-24,"1,872.180",4,0,2,0,0,,Patricia
DSCN3604,90,6,Playa Blanca,,arana,,,4,2023,abr-24,"1,608.350",3,0,1,0,0,,Patricia
DSCN3605,90,7,Playa Blanca,,arana,,,4,2023,abr-24,"2,419.430",7,0,0,0,0,,Patricia
DSCN3638,101,0,Playa Blanca,,arana,,,4,2023,abr-24,NA,NA,NA,NA,NA,NA,ETIQUETA,Patricia
DSCN3639,101,1,Playa Blanca,,arana,,,4,2023,abr-24,"2,381.540",6,0,0,0,0,40 repetida use la 39,Patricia
DSCN3641,101,2,Playa Blanca,,arana,,,4,2023,abr-24,970.006,3,0,1,0,0,cartel de no tocar?,Patricia
DSCN3642,101,3,Playa Blanca,,arana,,,4,2023,abr-24,"1,451.390",5,0,2,0,0,,Patricia
DSCN3643,101,4,Playa Blanca,,arana,,,4,2023,abr-24,562.678,2,0,2,1,0,,Patricia
DSCN3644,101,5,Playa Blanca,,arana,,,4,2023,abr-24,968.369,4,0,1,0,0,,Patricia
DSCN3645,101,6,Playa Blanca,,arana,,,4,2023,abr-24,"1,158.870",4,0,3,0,0,,Patricia
DSCN3646,101,7,Playa Blanca,,arana,,,4,2023,abr-24,"4,469.420",8,0,0,0,0,,Patricia
DSCN3630,107,0,Playa Blanca,,arana,,,4,2023,abr-24,NA,NA,NA,NA,NA,NA,ETIQUETA,Patricia
DSCN3631,107,1,Playa Blanca,,arana,,,4,2023,abr-24,"2,193.130",7,0,0,0,0,,Patricia
DSCN3632,107,2,Playa Blanca,,arana,,,4,2023,abr-24,"1,852.540",6,0,2,0,0,,Patricia
DSCN3633,107,3,Playa Blanca,,arana,,,4,2023,abr-24,790.928,4,0,3,0,0,,Patricia
DSCN3634,107,4,Playa Blanca,,arana,,,4,2023,abr-24,"1,572.390",4,0,0,0,0,,Patricia
DSCN3635,107,5,Playa Blanca,,arana,,,4,2023,abr-24,"1,155.840",3,0,1,0,0,,Patricia
DSCN3636,107,6,Playa Blanca,,arana,,,4,2023,abr-24,"1,340.270",3,0,0,0,0,,Patricia
DSCN3637,107,7,Playa Blanca,,arana,,,4,2023,abr-24,"4,818.170",12,0,0,0,0,demasiados!,Patricia
DSCN3532,89,0,Playa Blanca,,arana,,,4,2023,abr-24,NA,NA,NA,NA,NA,NA,ETIQUETA,Patricia
DSCN3533,89,1,Playa Blanca,,arana,,,4,2023,abr-24,432.886,5,0,2,0,0,,Patricia
DSCN3534,89,2,Playa Blanca,,arana,,,4,2023,abr-24,428.198,3,0,2,0,0,,Patricia
DSCN3535,89,3,Playa Blanca,,arana,,,4,2023,abr-24,395.194,4,0,3,0,0,,Patricia
DSCN3536,89,4,Playa Blanca,,arana,,,4,2023,abr-24,710.266,4,0,2,0,0,,Patricia
DSCN3537,89,5,Playa Blanca,,arana,,,4,2023,abr-24,440.956,5,0,3,0,0,2 perdidas barra abajo? muy sucio no se ve,Patricia
DSCN3538,89,6,Playa Blanca,,arana,,,4,2023,abr-24,505.928,6,0,6,0,0,,Patricia
DSCN3539,89,7,Playa Blanca,,arana,,,4,2023,abr-24,"1,275.800",7,0,3,0,0,,Patricia
DSCN3516,102,0,Playa Blanca,,arana,,,4,2023,abr-24,NA,NA,NA,NA,NA,NA,ETIQUETA,Patricia
DSCN3517,102,1,Playa Blanca,,arana,,,4,2023,abr-24,793.445,7,0,4,1,0,,Patricia
DSCN3518,102,2,Playa Blanca,,arana,,,4,2023,abr-24,463.101,4,0,1,0,0,,Patricia
DSCN3519,102,3,Playa Blanca,,arana,,,4,2023,abr-24,587.835,4,0,2,1,0,,Patricia
DSCN3520,102,4,Playa Blanca,,arana,,,4,2023,abr-24,184.743,2,0,0,0,0,,Patricia
DSCN3521,102,5,Playa Blanca,,arana,,,4,2023,abr-24,494.577,4,0,1,0,0,,Patricia
DSCN3522,102,6,Playa Blanca,,arana,,,4,2023,abr-24,691.473,5,0,3,0,0,,Patricia
DSCN3523,102,7,Playa Blanca,,arana,,,4,2023,abr-24,803.173,6,0,0,1,0,,Patricia
DSCN8851,95,1,Playa Blanca,,arana,,,9,2022,sep-24,342.889,4,0,0,0,0,Etiqueta,Andrea C.
DSCN8852,95,2,Playa Blanca,,arana,,,9,2022,sep-24,NA,NA,NA,NA,1,NA,Poca visibilidad; corales se obserban mejor en la siguiente imagen,Andrea C.
DSCN8853,95,3,Playa Blanca,,arana,,,9,2022,sep-24,281.573,5,0,0,1,0,,Andrea C.
DSCN8854,95,4,Playa Blanca,,arana,,,9,2022,sep-24,296.243,3,0,0,0,0,0,Andrea C.
DSCN8855,95,5,Playa Blanca,,arana,,,9,2022,sep-24,474.871,4,0,0,1,0,,Andrea C.
DSCN8856,95,6,Playa Blanca,,arana,,,9,2022,sep-24,56.736,1,0,0,0,0,,Andrea C.
DSCN8857,95,7,Playa Blanca,,arana,,,9,2022,sep-24,236.389,4,0,0,0,0,,Andrea C.
DSCN8867,96,1,Playa Blanca,,arana,,,9,2022,sep-24,211.893,3,0,0,2,0,Etiqueta,Andrea C.
DSCN8868,96,2,Playa Blanca,,arana,,,9,2022,sep-24,376.584,4,0,0,0,0,,Andrea C.
DSCN8869,96,3,Playa Blanca,,arana,,,9,2022,sep-24,416.592,5,0,0,0,0,,Andrea C.
DSCN8870,96,4,Playa Blanca,,arana,,,9,2022,sep-24,78.846,2,0,0,1,0,,Andrea C.
DSCN8871,96,5,Playa Blanca,,arana,,,9,2022,sep-24,338.649,4,0,0,0,0,,Andrea C.
DSCN8872,96,6,Playa Blanca,,arana,,,9,2022,sep-24,239.208,4,0,0,0,0,,Andrea C.
DSCN8873,96,7,Playa Blanca,,arana,,,9,2022,sep-24,328.299,5,0,1,0,0,,Andrea C.
DSCN8859,97,1,Playa Blanca,,arana,,,9,2022,sep-24,185.650,4,0,0,0,0,Etiqueta; algunos peces se atravezaron en los corales,Andrea C.
DSCN8860,97,2,Playa Blanca,,arana,,,9,2022,sep-24,117.614,3,0,0,0,0,Pez estorba un coral,Andrea C.
DSCN8861,97,3,Playa Blanca,,arana,,,9,2022,sep-24,317.626,5,0,0,1,0,,Andrea C.
DSCN8862,97,4,Playa Blanca,,arana,,,9,2022,sep-24,271.984,6,0,0,0,0,,Andrea C.
DSCN8863,97,5,Playa Blanca,,arana,,,9,2022,sep-24,153.158,2,0,0,0,0,,Andrea C.
DSCN8864,97,6,Playa Blanca,,arana,,,9,2022,sep-24,188.817,3,0,0,1,0,,Andrea C.
DSCN8865,97,7,Playa Blanca,,arana,,,9,2022,sep-24,678.595,6,0,0,0,0,,Andrea C.
DSCN8875,98,1,Playa Blanca,,arana,,,9,2022,sep-24,177.577,4,0,1,0,0,Etiqueta; poc visibilidad,Andrea C.
DSCN8876,98,2,Playa Blanca,,arana,,,9,2022,sep-24,347.961,4,0,0,0,0,,Andrea C.
DSCN8877,98,3,Playa Blanca,,arana,,,9,2022,sep-24,303.714,3,0,0,0,0,,Andrea C.
DSCN8878,98,4,Playa Blanca,,arana,,,9,2022,sep-24,164.323,3,0,1,1,0,,Andrea C.
DSCN8879,98,5,Playa Blanca,,arana,,,9,2022,sep-24,311.575,4,0,1,0,0,,Andrea C.
DSCN8880,98,6,Playa Blanca,,arana,,,9,2022,sep-24,375.333,5,0,1,1,0,,Andrea C.
DSCN8881,98,7,Playa Blanca,,arana,,,9,2022,sep-24,424.550,3,0,0,1,0,Arriba,Andrea C.
DSCN8030,6,1,Playa Blanca,,arana,,,8,2022,ago-24,533.078,6,0,0,0,0,,Randall
DSCN8031,6,2,Playa Blanca,,arana,,,8,2022,ago-24,729.355,6,0,1,0,0,,Randall
DSCN8032,6,3,Playa Blanca,,arana,,,8,2022,ago-24,592.804,6,0,0,0,0,,Randall
DSCN8033,6,4,Playa Blanca,,arana,,,8,2022,ago-24,596.155,5,0,0,0,0,,Randall
DSCN8034,6,5,Playa Blanca,,arana,,,8,2022,ago-24,357.082,4,0,0,0,0,,Randall
DSCN8035,6,6,Playa Blanca,,arana,,,8,2022,ago-24,465.547,7,0,0,0,0,,Randall
DSCN8036,6,7,Playa Blanca,,arana,,,8,2022,ago-24,"1,221.050",11,0,0,0,0,,Randall
DSCN8038,78,1,Playa Blanca,,arana,,,8,2022,ago-24,436.105,5,0,0,0,0,,Randall
DSCN8040,78,2,Playa Blanca,,arana,,,8,2022,ago-24,400.686,4,0,1,0,0,,Randall
DSCN8041,78,3,Playa Blanca,,arana,,,8,2022,ago-24,473.421,6,0,0,0,0,,Randall
DSCN8042,78,4,Playa Blanca,,arana,,,8,2022,ago-24,277.816,4,0,0,0,0,,Randall
DSCN8043,78,5,Playa Blanca,,arana,,,8,2022,ago-24,506.145,4,0,0,0,0,,Randall
DSCN8044,78,6,Playa Blanca,,arana,,,8,2022,ago-24,594.534,7,0,0,0,0,"En realidad no se cuantos fragmentos hay, estan muy revueltos.",Randall
DSCN8045,78,7,Playa Blanca,,arana,,,8,2022,ago-24,"1,360.200",11,0,0,0,0,,Randall
DSCN8047,8,1,Playa Blanca,,arana,,,8,2022,ago-24,502.601,5,0,0,0,0,,Randall
DSCN8048,8,2,Playa Blanca,,arana,,,8,2022,ago-24,486.925,6,0,0,0,0,,Randall
DSCN8049,8,3,Playa Blanca,,arana,,,8,2022,ago-24,596.853,5,0,0,0,0,,Randall
DSCN8050,8,4,Playa Blanca,,arana,,,8,2022,ago-24,726.925,6,0,0,0,0,,Randall
DSCN8051,8,5,Playa Blanca,,arana,,,8,2022,ago-24,522.621,6,0,0,0,0,,Randall
DSCN8052,8,6,Playa Blanca,,arana,,,8,2022,ago-24,490.837,6,0,0,0,0,,Randall
DSCN8053,8,7,Playa Blanca,,arana,,,8,2022,ago-24,"1,325.750",13,0,0,0,0,,Randall
DSCN8071,9,1,Playa Blanca,,arana,,,8,2022,ago-24,434.187,5,0,0,0,0,Pez,Randall
DSCN8072,9,2,Playa Blanca,,arana,,,8,2022,ago-24,194.207,6,0,0,0,0,"Los fragmentos de la parte inferior están cubiertos de ""suelo""",Randall
DSCN8073,9,3,Playa Blanca,,arana,,,8,2022,ago-24,316.360,4,0,0,0,0,,Randall
DSCN8074,9,4,Playa Blanca,,arana,,,8,2022,ago-24,465.624,5,0,0,0,0,,Randall
DSCN8075,9,5,Playa Blanca,,arana,,,8,2022,ago-24,658.311,7,0,0,0,0,,Randall
DSCN8076,9,6,Playa Blanca,,arana,,,8,2022,ago-24,554.473,7,0,0,0,0,,Randall
DSCN8077,9,7,Playa Blanca,,arana,,,8,2022,ago-24,"1,522.790",14,0,0,0,0,,Randall
DSCN8063,10,1,Playa Blanca,,arana,,,8,2022,ago-24,315.661,5,0,0,0,0,,Randall
DSCN8064,10,2,Playa Blanca,,arana,,,8,2022,ago-24,419.174,6,0,0,0,0,,Randall
DSCN8065,10,3,Playa Blanca,,arana,,,8,2022,ago-24,177.756,2,0,0,2,0,,Randall
DSCN8066,10,4,Playa Blanca,,arana,,,8,2022,ago-24,370.376,5,0,0,0,0,,Randall
DSCN8067,10,5,Playa Blanca,,arana,,,8,2022,ago-24,434.652,5,0,0,1,0,,Randall
DSCN8068,10,6,Playa Blanca,,arana,,,8,2022,ago-24,430.167,5,0,0,0,0,,Randall
DSCN8069,10,7,Playa Blanca,,arana,,,8,2022,ago-24,"1,281.590",13,0,0,2,0,,Randall
DSCN9718,95,1,Playa Blanca,,arana,,,10,2022,oct-24,454.289,5,0,0,0,0,"Etiqueta.Foto repetida, se considero esta foto para el área",Andrea C.
DSCN9719,95,2,Playa Blanca,,arana,,,10,2022,oct-24,343.532,3,0,0,0,0,,Andrea C.
DSCN9720,95,3,Playa Blanca,,arana,,,10,2022,oct-24,329.266,0,0,0,0,0,,Andrea C.
DSCN9721,95,4,Playa Blanca,,arana,,,10,2022,oct-24,170.157,2,0,0,1,0,Dos corales se ven mejor en la siguiente foto,Andrea C.
DSCN9722,95,5,Playa Blanca,,arana,,,10,2022,oct-24,454.421,4,0,0,0,0,,Andrea C.
DSCN9723,95,6,Playa Blanca,,arana,,,10,2022,oct-24,215.200,3,0,0,2,0,,Andrea C.
DSCN9724,95,7,Playa Blanca,,arana,,,10,2022,oct-24,329.855,4,0,0,0,0,,Andrea C.
DSCN9734,96,1,Playa Blanca,,arana,,,10,2022,oct-24,270.320,3,0,0,2,0,Etiqueta,Andrea C.
DSCN9735,96,2,Playa Blanca,,arana,,,10,2022,oct-24,347.670,4,0,0,0,0,,Andrea C.
DSCN9736,96,3,Playa Blanca,,arana,,,10,2022,oct-24,430.537,4,0,1,0,0,,Andrea C.
DSCN9737,96,4,Playa Blanca,,arana,,,10,2022,oct-24,139.847,3,0,1,2,0,,Andrea C.
DSCN9738,96,5,Playa Blanca,,arana,,,10,2022,oct-24,364.702,4,0,0,0,0,,Andrea C.
DSCN9739,96,6,Playa Blanca,,arana,,,10,2022,oct-24,531.592,4,0,0,0,0,,Andrea C.
DSCN9740,96,7,Playa Blanca,,arana,,,10,2022,oct-24,418.293,6,0,2,0,0,,Andrea C.
DSCN9726,97,1,Playa Blanca,,arana,,,10,2022,oct-24,231.440,4,0,0,0,0,Etiqueta,Andrea C.
DSCN9727,97,2,Playa Blanca,,arana,,,10,2022,oct-24,216.576,3,0,0,0,0,,Andrea C.
DSCN9728,97,3,Playa Blanca,,arana,,,10,2022,oct-24,69.400,1,0,0,0,0,,Andrea C.
DSCN9729,97,4,Playa Blanca,,arana,,,10,2022,oct-24,282.774,5,0,0,0,0,,Andrea C.
DSCN9730,97,5,Playa Blanca,,arana,,,10,2022,oct-24,305.908,4,0,0,0,0,,Andrea C.
DSCN9731,97,6,Playa Blanca,,arana,,,10,2022,oct-24,158.424,3,0,0,2,0,,Andrea C.
DSCN9732,97,7,Playa Blanca,,arana,,,10,2022,oct-24,913.291,8,0,0,0,0,,Andrea C.
DSCN9708,98,1,Playa Blanca,,arana,,,10,2022,oct-24,167.018,4,0,0,0,0,Etiqueta,Andrea C.
DSCN9709,98,2,Playa Blanca,,arana,,,10,2022,oct-24,469.590,6,0,0,0,0,,Andrea C.
DSCN9710,98,3,Playa Blanca,,arana,,,10,2022,oct-24,363.653,4,0,0,0,0,,Andrea C.
DSCN9711,98,4,Playa Blanca,,arana,,,10,2022,oct-24,147.073,2,0,0,1,0,,Andrea C.
DSCN9712,98,5,Playa Blanca,,arana,,,10,2022,oct-24,395.253,3,0,0,0,0,Coral de la esquina inferior derecha esta cortado.,Andrea C.
DSCN9713,98,6,Playa Blanca,,arana,,,10,2022,oct-24,443.576,5,0,0,0,0,,Andrea C.
DSCN9714,98,7,Playa Blanca,,arana,,,10,2022,oct-24,689.836,3,0,0,1,0,,Andrea C.
DSCN9962,95,1,Playa Blanca,,arana,,,11,2022,nov-24,549.931,5,0,0,0,0,Etiqueta,Andrea C.
DSCN9963,95,2,Playa Blanca,,arana,,,11,2022,nov-24,203.588,3,0,0,1,0,,Andrea C.
DSCN9964,95,3,Playa Blanca,,arana,,,11,2022,nov-24,304.649,2,0,0,0,0,coral derecho de la barra de en medio fue considerado en la anterior cara,Andrea C.
DSCN9965,95,4,Playa Blanca,,arana,,,11,2022,nov-24,507.982,4,0,0,0,0,,Andrea C.
DSCN9966,95,5,Playa Blanca,,arana,,,11,2022,nov-24,408.659,3,0,0,0,0,,Andrea C.
DSCN9967,95,6,Playa Blanca,,arana,,,11,2022,nov-24,NA,NA,NA,NA,NA,NA,Todos los corales se tomeron en cuenta en la siguiente imagen.,Andrea C.
DSCN9968,95,7,Playa Blanca,,arana,,,11,2022,nov-24,499.818,0,0,0,0,0,,Andrea C.
DSCN9978,96,1,Playa Blanca,,arana,,,11,2022,nov-24,282.159,0,0,0,1,0,,Andrea C.
DSCN9979,96,2,Playa Blanca,,arana,,,11,2022,nov-24,505.442,4,0,0,0,0,,Andrea C.
DSCN9980,96,3,Playa Blanca,,arana,,,11,2022,nov-24,421.750,4,0,0,0,0,,Andrea C.
DSCN9981,96,4,Playa Blanca,,arana,,,11,2022,nov-24,154.919,4,0,0,1,0,,Andrea C.
DSCN9982,96,5,Playa Blanca,,arana,,,11,2022,nov-24,419.322,4,0,0,0,0,,Andrea C.
DSCN9983,96,6,Playa Blanca,,arana,,,11,2022,nov-24,335.832,4,0,0,0,0,,Andrea C.
DSCN9984,96,7,Playa Blanca,,arana,,,11,2022,nov-24,501.176,6,0,0,0,0,,Andrea C.
DSCN9970,97,1,Playa Blanca,,arana,,,11,2022,nov-24,291.407,4,0,0,0,0,,Andrea C.
DSCN9971,97,2,Playa Blanca,,arana,,,11,2022,nov-24,157.180,3,0,0,2,0,,Andrea C.
DSCN9972,97,3,Playa Blanca,,arana,,,11,2022,nov-24,380.959,4,0,1,0,0,,Andrea C.
DSCN9973,97,4,Playa Blanca,,arana,,,11,2022,nov-24,457.172,6,0,1,0,0,,Andrea C.
DSCN9974,97,5,Playa Blanca,,arana,,,11,2022,nov-24,63.394,1,0,0,0,0,,Andrea C.
DSCN9975,97,6,Playa Blanca,,arana,,,11,2022,nov-24,297.002,3,0,0,1,0,,Andrea C.
DSCN9976,97,7,Playa Blanca,,arana,,,11,2022,nov-24,740.586,7,0,0,0,0,,Andrea C.
DSCN9953,98,1,Playa Blanca,,arana,,,11,2022,nov-24,198.627,4,0,0,0,0,,Andrea C.
DSCN9954,98,2,Playa Blanca,,arana,,,11,2022,nov-24,269.024,3,0,0,0,0,,Andrea C.
DSCN9955,98,3,Playa Blanca,,arana,,,11,2022,nov-24,539.135,4,0,0,0,0,,Andrea C.
DSCN9956,98,4,Playa Blanca,,arana,,,11,2022,nov-24,171.141,3,0,0,0,0,,Andrea C.
DSCN9957,98,5,Playa Blanca,,arana,,,11,2022,nov-24,443.707,5,0,1,0,0,,Andrea C.
DSCN9958,98,6,Playa Blanca,,arana,,,11,2022,nov-24,542.680,5,0,0,1,0,,Andrea C.
DSCN9959,98,7,Playa Blanca,,arana,,,11,2022,nov-24,557.953,3,0,0,0,0,,Andrea C.
DSCN0589,95,1,Playa Blanca,,arana,,,12,2022,dic-24,643.082,6,0,0,0,0,0,Andrea C.
DSCN0590,95,2,Playa Blanca,,arana,,,12,2022,dic-24,NA,NA,NA,NA,NA,NA,NA,Andrea C.
DSCN0591,95,3,Playa Blanca,,arana,,,12,2022,dic-24,877.211,0,0,0,0,0,,Andrea C.
DSCN0592,95,4,Playa Blanca,,arana,,,12,2022,dic-24,326.422,4,0,0,1,0,,Andrea C.
DSCN0593,95,5,Playa Blanca,,arana,,,12,2022,dic-24,346.790,2,0,0,0,0,,Andrea C.
DSCN0594,95,6,Playa Blanca,,arana,,,12,2022,dic-24,230.576,2,0,0,0,0,,Andrea C.
DSCN0595,95,7,Playa Blanca,,arana,,,12,2022,dic-24,558.513,5,0,0,1,0,,Andrea C.
DSCN0573,96,1,Playa Blanca,,arana,,,12,2022,dic-24,375.243,3,0,0,1,0,,Andrea C.
DSCN0574,96,2,Playa Blanca,,arana,,,12,2022,dic-24,422.930,4,0,0,0,0,,Andrea C.
DSCN0575,96,3,Playa Blanca,,arana,,,12,2022,dic-24,469.637,4,0,0,0,0,,Andrea C.
DSCN0576,96,4,Playa Blanca,,arana,,,12,2022,dic-24,191.480,3,0,0,1,0,,Andrea C.
DSCN0577,96,5,Playa Blanca,,arana,,,12,2022,dic-24,395.919,4,0,0,0,0,,Andrea C.
DSCN0578,96,6,Playa Blanca,,arana,,,12,2022,dic-24,544.496,4,0,0,0,0,,Andrea C.
DSCN0579,96,7,Playa Blanca,,arana,,,12,2022,dic-24,437.356,5,0,0,1,0,,Andrea C.
DSCN0581,97,1,Playa Blanca,,arana,,,12,2022,dic-24,222.868,4,0,0,0,0,,Andrea C.
DSCN0582,97,2,Playa Blanca,,arana,,,12,2022,dic-24,338.982,3,0,0,1,0,,Andrea C.
DSCN0583,97,3,Playa Blanca,,arana,,,12,2022,dic-24,89.195,1,0,0,0,0,,Andrea C.
DSCN0584,97,4,Playa Blanca,,arana,,,12,2022,dic-24,529.444,6,0,0,0,0,,Andrea C.
DSCN0585,97,5,Playa Blanca,,arana,,,12,2022,dic-24,414.573,4,0,0,0,0,,Andrea C.
DSCN0586,97,6,Playa Blanca,,arana,,,12,2022,dic-24,218.136,0,0,0,1,0,,Andrea C.
DSCN0587,97,7,Playa Blanca,,arana,,,12,2022,dic-24,794.198,7,0,0,1,0,,Andrea C.
DSCN0597,98,1,Playa Blanca,,arana,,,12,2022,dic-24,319.001,5,0,0,0,0,,Andrea C.
DSCN0598,98,2,Playa Blanca,,arana,,,12,2022,dic-24,630.946,5,0,0,1,0,,Andrea C.
DSCN0599,98,3,Playa Blanca,,arana,,,12,2022,dic-24,541.556,4,0,0,2,0,,Andrea C.
DSCN0600,98,4,Playa Blanca,,arana,,,12,2022,dic-24,184.328,3,0,0,0,0,,Andrea C.
DSCN0601,98,5,Playa Blanca,,arana,,,12,2022,dic-24,638.425,4,0,0,0,0,,Andrea C.
DSCN0602,98,6,Playa Blanca,,arana,,,12,2022,dic-24,118.220,2,0,0,0,0,,Andrea C.
DSCN0603,98,7,Playa Blanca,,arana,,,12,2022,dic-24,533.777,3,0,0,1,0,,Andrea C.
DSCN9083,6,1,Playa Blanca,,arana,,,9,2022,sep-24,560.705,6,0,0,0,0,,Randall
DSCN9084,6,2,Playa Blanca,,arana,,,9,2022,sep-24,662.047,6,0,0,0,0,,Randall
DSCN9085,6,3,Playa Blanca,,arana,,,9,2022,sep-24,599.263,6,0,0,0,0,,Randall
DSCN9086,6,4,Playa Blanca,,arana,,,9,2022,sep-24,562.137,2,0,0,0,0,,Randall
DSCN9087,6,5,Playa Blanca,,arana,,,9,2022,sep-24,385.108,4,0,0,2,0,La imagen no se ve bien,Randall
DSCN9088,6,6,Playa Blanca,,arana,,,9,2022,sep-24,485.318,7,0,0,0,0,varios peces atravesados,Randall
DSCN9089,6,7,Playa Blanca,,arana,,,9,2022,sep-24,"1,248.950",11,0,0,0,0,,Randall
DSCN9074,7,1,Playa Blanca,,arana,,,9,2022,sep-24,422.134,5,0,0,0,0,,Randall
DSCN9075,7,2,Playa Blanca,,arana,,,9,2022,sep-24,403.011,4,0,0,0,0,,Randall
DSCN9077,7,3,Playa Blanca,,arana,,,9,2022,sep-24,456.620,6,0,0,0,0,,Randall
DSCN9078,7,4,Playa Blanca,,arana,,,9,2022,sep-24,257.448,3,0,0,0,0,,Randall
DSCN9079,7,5,Playa Blanca,,arana,,,9,2022,sep-24,340.081,3,0,0,0,0,,Randall
DSCN9080,7,6,Playa Blanca,,arana,,,9,2022,sep-24,532.819,5,0,2,0,0,pez atravesado,Randall
DSCN9081,7,7,Playa Blanca,,arana,,,9,2022,sep-24,"1,232.560",11,0,0,0,0,,Randall
DSCN9066,8,1,Playa Blanca,,arana,,,9,2022,sep-24,339.788,5,0,0,0,1,,Randall
DSCN9067,8,2,Playa Blanca,,arana,,,9,2022,sep-24,542.273,6,0,0,0,1,,Randall
DSCN9068,8,3,Playa Blanca,,arana,,,9,2022,sep-24,662.412,3,0,0,0,0,,Randall
DSCN9069,8,4,Playa Blanca,,arana,,,9,2022,sep-24,718.222,6,0,0,0,0,,Randall
DSCN9070,8,5,Playa Blanca,,arana,,,9,2022,sep-24,445.780,5,0,0,0,0,,Randall
DSCN9071,8,6,Playa Blanca,,arana,,,9,2022,sep-24,536.866,5,0,0,0,0,,Randall
DSCN9072,8,7,Playa Blanca,,arana,,,9,2022,sep-24,"1,298.450",14,0,0,0,0,,Randall
DSCN9037,9,1,Playa Blanca,,arana,,,9,2022,sep-24,422.162,5,0,2,0,0,,Randall
DSCN9038,9,2,Playa Blanca,,arana,,,9,2022,sep-24,223.592,6,0,1,0,0,mucho sedimento,Randall
DSCN9039,9,3,Playa Blanca,,arana,,,9,2022,sep-24,335.113,3,0,0,1,0,,Randall
DSCN9040,9,4,Playa Blanca,,arana,,,9,2022,sep-24,491.515,4,0,0,0,0,,Randall
DSCN9041,9,5,Playa Blanca,,arana,,,9,2022,sep-24,689.653,7,0,0,0,0,,Randall
DSCN9042,9,6,Playa Blanca,,arana,,,9,2022,sep-24,577.483,6,0,0,0,0,,Randall
DSCN9043,9,7,Playa Blanca,,arana,,,9,2022,sep-24,"1,464.480",15,0,0,1,0,,Randall
DSCN9049,10,1,Playa Blanca,,arana,,,9,2022,sep-24,328.821,5,0,0,1,0,,Randall
DSCN9050,10,2,Playa Blanca,,arana,,,9,2022,sep-24,402.932,5,0,0,0,0,,Randall
DSCN9051,10,3,Playa Blanca,,arana,,,9,2022,sep-24,169.093,2,0,0,2,0,,Randall
DSCN9052,10,4,Playa Blanca,,arana,,,9,2022,sep-24,341.604,4,0,0,0,0,,Randall
DSCN9053,10,5,Playa Blanca,,arana,,,9,2022,sep-24,433.094,5,0,0,1,0,,Randall
DSCN9054,10,6,Playa Blanca,,arana,,,9,2022,sep-24,430.859,5,0,0,0,0,,Randall
DSCN9055,10,7,Playa Blanca,,arana,,,9,2022,sep-24,"1,265.360",13,0,0,2,0,,Randall
DSCN9529,6,1,Playa Blanca,,arana,,,10,2022,oct-24,612.261,7,0,1,0,0,,Randall
DSCN9530,6,2,Playa Blanca,,arana,,,10,2022,oct-24,468.947,8,0,0,0,0,,Randall
DSCN9531,6,3,Playa Blanca,,arana,,,10,2022,oct-24,407.802,5,0,1,0,0,,Randall
DSCN9532,6,4,Playa Blanca,,arana,,,10,2022,oct-24,623.992,5,0,1,0,0,,Randall
DSCN9533,6,5,Playa Blanca,,arana,,,10,2022,oct-24,785.696,6,0,1,0,0,,Randall
DSCN9534,6,6,Playa Blanca,,arana,,,10,2022,oct-24,674.163,7,0,1,0,0,,Randall
DSCN9535,6,7,Playa Blanca,,arana,,,10,2022,oct-24,"1,391.300",10,0,0,0,0,,Randall
DSCN9638,7,1,Playa Blanca,,arana,,,10,2022,oct-24,481.606,5,0,0,0,0,,Randall
DSCN9640,7,2,Playa Blanca,,arana,,,10,2022,oct-24,582.941,6,0,2,0,0,,Randall
DSCN9641,7,3,Playa Blanca,,arana,,,10,2022,oct-24,414.005,3,0,0,1,0,,Randall
DSCN9642,7,4,Playa Blanca,,arana,,,10,2022,oct-24,319.021,3,0,0,0,0,,Randall
DSCN9643,7,5,Playa Blanca,,arana,,,10,2022,oct-24,476.041,6,0,0,0,0,,Randall
DSCN9644,7,6,Playa Blanca,,arana,,,10,2022,oct-24,423.979,3,0,0,0,0,Fotografía muy oscura,Randall
DSCN9645,7,7,Playa Blanca,,arana,,,10,2022,oct-24,"1,258.870",9,0,1,0,0,,Randall
DSCN9648,8,1,Playa Blanca,,arana,,,10,2022,oct-24,477.050,5,0,0,0,0,,Randall
DSCN9649,8,2,Playa Blanca,,arana,,,10,2022,oct-24,469.788,6,0,0,0,0,,Randall
DSCN9650,8,3,Playa Blanca,,arana,,,10,2022,oct-24,456.562,5,0,0,0,0,,Randall
DSCN9651,8,4,Playa Blanca,,arana,,,10,2022,oct-24,689.904,6,0,0,0,0,,Randall
DSCN9652,8,5,Playa Blanca,,arana,,,10,2022,oct-24,615.251,5,0,0,0,0,,Randall
DSCN9653,8,6,Playa Blanca,,arana,,,10,2022,oct-24,548.968,6,0,0,0,0,,Randall
DSCN9654,8,7,Playa Blanca,,arana,,,10,2022,oct-24,"1,489.420",13,0,0,1,0,,Randall
DSCN9537,9,1,Playa Blanca,,arana,,,10,2022,oct-24,530.887,5,0,1,0,0,,Randall
DSCN9538,9,2,Playa Blanca,,arana,,,10,2022,oct-24,619.099,5,0,0,0,0,,Randall
DSCN9539,9,3,Playa Blanca,,arana,,,10,2022,oct-24,676.717,7,0,0,0,0,,Randall
DSCN9540,9,4,Playa Blanca,,arana,,,10,2022,oct-24,538.265,5,0,0,0,0,,Randall
DSCN9541,9,5,Playa Blanca,,arana,,,10,2022,oct-24,287.483,4,0,0,1,0,,Randall
DSCN9542,9,6,Playa Blanca,,arana,,,10,2022,oct-24,242.463,6,0,2,0,0,cubiertos de sedimento,Randall
DSCN9543,9,7,Playa Blanca,,arana,,,10,2022,oct-24,"1,435.760",13,0,0,0,0,,Randall
DSCN9630,10,1,Playa Blanca,,arana,,,10,2022,oct-24,427.358,5,0,0,0,0,,Randall
DSCN9631,10,2,Playa Blanca,,arana,,,10,2022,oct-24,532.382,4,0,0,1,0,,Randall
DSCN9632,10,3,Playa Blanca,,arana,,,10,2022,oct-24,397.176,4,0,0,0,0,,Randall
DSCN9633,10,4,Playa Blanca,,arana,,,10,2022,oct-24,232.504,2,0,0,0,0,,Randall
DSCN9634,10,5,Playa Blanca,,arana,,,10,2022,oct-24,433.652,4,0,0,0,0,,Randall
DSCN9635,10,6,Playa Blanca,,arana,,,10,2022,oct-24,327.295,5,0,0,1,0,,Randall
DSCN9636,10,7,Playa Blanca,,arana,,,10,2022,oct-24,"1,407.830",13,0,0,2,0,,Randall
DSCN0147,6,1,Playa Blanca,,arana,,,11,2022,nov-24,773.701,6,0,0,0,0,,Randall
DSCN0148,6,2,Playa Blanca,,arana,,,11,2022,nov-24,705.237,5,0,0,0,0,,Randall
DSCN0149,6,3,Playa Blanca,,arana,,,11,2022,nov-24,730.610,6,0,0,0,0,,Randall
DSCN0150,6,4,Playa Blanca,,arana,,,11,2022,nov-24,711.969,5,0,0,0,0,,Randall
DSCN0151,6,5,Playa Blanca,,arana,,,11,2022,nov-24,541.474,5,0,0,1,0,,Randall
DSCN0152,6,6,Playa Blanca,,arana,,,11,2022,nov-24,571.094,7,0,0,0,0,,Randall
DSCN0154,6,7,Playa Blanca,,arana,,,11,2022,nov-24,"1,451.680",11,0,0,0,0,,Randall
DSCN0156,7,1,Playa Blanca,,arana,,,11,2022,nov-24,494.323,5,0,0,0,0,,Randall
DSCN0158,7,2,Playa Blanca,,arana,,,11,2022,nov-24,451.716,4,0,0,0,0,,Randall
DSCN0159,7,3,Playa Blanca,,arana,,,11,2022,nov-24,565.577,5,0,0,1,0,,Randall
DSCN0160,7,4,Playa Blanca,,arana,,,11,2022,nov-24,310.019,3,0,0,1,0,,Randall
DSCN0161,7,5,Playa Blanca,,arana,,,11,2022,nov-24,402.383,3,0,0,1,0,,Randall
DSCN0162,7,6,Playa Blanca,,arana,,,11,2022,nov-24,647.579,4,0,0,0,0,,Randall
DSCN0163,7,7,Playa Blanca,,arana,,,11,2022,nov-24,"1,419.630",11,0,0,0,0,,Randall
DSCN0165,8,1,Playa Blanca,,arana,,,11,2022,nov-24,477.758,5,0,0,0,0,,Randall
DSCN0166,8,2,Playa Blanca,,arana,,,11,2022,nov-24,565.035,6,0,0,0,0,,Randall
DSCN0167,8,3,Playa Blanca,,arana,,,11,2022,nov-24,621.218,6,1,0,0,0,,Randall
DSCN0168,8,4,Playa Blanca,,arana,,,11,2022,nov-24,884.536,7,0,0,0,0,,Randall
DSCN0169,8,5,Playa Blanca,,arana,,,11,2022,nov-24,500.008,5,0,0,0,0,,Randall
DSCN0170,8,6,Playa Blanca,,arana,,,11,2022,nov-24,529.561,6,0,0,0,0,,Randall
DSCN0172,8,7,Playa Blanca,,arana,,,11,2022,nov-24,"1,384.760",13,0,0,0,0,imagen cortada,Randall
DSCN0118,9,1,Playa Blanca,,arana,,,11,2022,nov-24,544.181,5,0,0,0,0,,Randall
DSCN0119,9,2,Playa Blanca,,arana,,,11,2022,nov-24,301.624,6,0,0,0,0,sedimento,Randall
DSCN0122,9,3,Playa Blanca,,arana,,,11,2022,nov-24,285.647,3,0,0,0,0,,Randall
DSCN0123,9,4,Playa Blanca,,arana,,,11,2022,nov-24,541.245,5,0,0,0,0,,Randall
DSCN0124,9,5,Playa Blanca,,arana,,,11,2022,nov-24,674.545,7,0,0,0,0,,Randall
DSCN0125,9,6,Playa Blanca,,arana,,,11,2022,nov-24,583.688,7,0,0,0,0,,Randall
DSCN0126,9,7,Playa Blanca,,arana,,,11,2022,nov-24,"1,646.270",12,0,0,0,0,,Randall
DSCN0109,10,1,Playa Blanca,,arana,,,11,2022,nov-24,513.841,4,0,0,1,0,,Randall
DSCN0110,10,2,Playa Blanca,,arana,,,11,2022,nov-24,435.720,5,0,0,0,0,,Randall
DSCN0111,10,3,Playa Blanca,,arana,,,11,2022,nov-24,379.360,4,0,0,2,0,,Randall
DSCN0112,10,4,Playa Blanca,,arana,,,11,2022,nov-24,509.301,4,0,0,0,0,pez atravesado,Randall
DSCN0113,10,5,Playa Blanca,,arana,,,11,2022,nov-24,197.974,2,0,0,0,0,pez atravesado,Randall
DSCN0114,10,6,Playa Blanca,,arana,,,11,2022,nov-24,463.283,5,0,0,0,0,,Randall
DSCN0115,10,7,Playa Blanca,,arana,,,11,2022,nov-24,"1,527.160",13,0,0,0,0,en realidad no se identifica bien cuantos fragmentos son,Randall
DSCN0421,6,1,Playa Blanca,,arana,,,12,2022,dic-24,709.549,6,0,0,0,0,no se ve bien,Randall
DSCN0422,6,2,Playa Blanca,,arana,,,12,2022,dic-24,527.749,8,0,1,0,0,,Randall
DSCN0424,6,3,Playa Blanca,,arana,,,12,2022,dic-24,453.349,6,0,0,0,0,,Randall
DSCN0425,6,4,Playa Blanca,,arana,,,12,2022,dic-24,715.013,6,0,0,0,0,,Randall
DSCN0426,6,5,Playa Blanca,,arana,,,12,2022,dic-24,769.496,6,0,0,0,0,,Randall
DSCN0427,6,6,Playa Blanca,,arana,,,12,2022,dic-24,694.750,7,0,0,0,0,,Randall
DSCN0428,6,7,Playa Blanca,,arana,,,12,2022,dic-24,"1,213.740",11,0,0,1,0,,Randall
DSCN0430,7,1,Playa Blanca,,arana,,,12,2022,dic-24,534.251,5,0,0,0,0,,Randall
DSCN0431,7,2,Playa Blanca,,arana,,,12,2022,dic-24,698.557,6,0,0,0,0,,Randall
DSCN0432,7,3,Playa Blanca,,arana,,,12,2022,dic-24,469.803,3,0,0,0,0,,Randall
DSCN0433,7,4,Playa Blanca,,arana,,,12,2022,dic-24,287.737,3,0,0,0,0,,Randall
DSCN0434,7,5,Playa Blanca,,arana,,,12,2022,dic-24,560.154,5,0,0,0,0,,Randall
DSCN0435,7,6,Playa Blanca,,arana,,,12,2022,dic-24,520.854,4,0,0,0,0,,Randall
DSCN0436,7,7,Playa Blanca,,arana,,,12,2022,dic-24,"1,328.420",10,0,0,0,0,2 peces,Randall
DSCN0439,8,1,Playa Blanca,,arana,,,12,2022,dic-24,465.417,6,0,0,0,0,,Randall
DSCN0440,8,2,Playa Blanca,,arana,,,12,2022,dic-24,470.569,5,0,0,0,0,,Randall
DSCN0441,8,3,Playa Blanca,,arana,,,12,2022,dic-24,407.873,6,0,0,0,0,1 fragmento en un lado,Randall
DSCN0442,8,4,Playa Blanca,,arana,,,12,2022,dic-24,768.453,6,0,0,0,0,,Randall
DSCN0443,8,5,Playa Blanca,,arana,,,12,2022,dic-24,644.599,5,0,0,0,0,,Randall
DSCN0444,8,6,Playa Blanca,,arana,,,12,2022,dic-24,562.490,6,0,0,0,0,,Randall
DSCN0445,8,7,Playa Blanca,,arana,,,12,2022,dic-24,"1,325.510",11,0,0,1,0,,Randall
DSCN0463,9,1,Playa Blanca,,arana,,,12,2022,dic-24,587.961,5,0,0,0,0,,Randall
DSCN0465,9,2,Playa Blanca,,arana,,,12,2022,dic-24,608.642,7,0,0,0,0,,Randall
DSCN0466,9,3,Playa Blanca,,arana,,,12,2022,dic-24,617.482,7,0,0,0,0,,Randall
DSCN0467,9,4,Playa Blanca,,arana,,,12,2022,dic-24,590.050,5,0,0,0,0,,Randall
DSCN0468,9,5,Playa Blanca,,arana,,,12,2022,dic-24,350.720,4,0,0,0,0,,Randall
DSCN0469,9,6,Playa Blanca,,arana,,,12,2022,dic-24,274.274,6,0,2,0,0,,Randall
DSCN0470,9,7,Playa Blanca,,arana,,,12,2022,dic-24,"1,369.580",14,0,0,0,0,,Randall
DSCN0455,10,1,Playa Blanca,,arana,,,12,2022,dic-24,575.942,5,0,0,1,0,,Randall
DSCN0456,10,2,Playa Blanca,,arana,,,12,2022,dic-24,398.736,5,0,0,0,0,,Randall
DSCN0457,10,3,Playa Blanca,,arana,,,12,2022,dic-24,218.328,2,0,0,1,0,,Randall
DSCN0458,10,4,Playa Blanca,,arana,,,12,2022,dic-24,494.311,5,0,0,0,0,,Randall
DSCN0459,10,5,Playa Blanca,,arana,,,12,2022,dic-24,396.960,5,0,0,0,0,,Randall
DSCN0460,10,6,Playa Blanca,,arana,,,12,2022,dic-24,505.259,5,0,0,0,0,,Randall
DSCN0461,10,7,Playa Blanca,,arana,,,12,2022,dic-24,"1,578.860",12,0,0,0,0,,Randall
DSCN3607,16,1,Playa Blanca,,arana,,,4,2023,abr-24,467.404,2,0,0,0,0,,Tania
DSCN3608,16,2,Playa Blanca,,arana,,,4,2023,abr-24,644.230,4,1,0,0,0,,Tania
DSCN3609,16,3,Playa Blanca,,arana,,,4,2023,abr-24,473.162,5,0,1,0,0,,Tania
DSCN3610,16,4,Playa Blanca,,arana,,,4,2023,abr-24,445.310,3,1,1,0,0,,Tania
DSCN3611,16,5,Playa Blanca,,arana,,,4,2023,abr-24,918.985,5,0,0,0,0,,Tania
DSCN3612,16,6,Playa Blanca,,arana,,,4,2023,abr-24,310.668,2,0,0,0,0,,Tania
DSCN3613,16,7,Playa Blanca,,arana,,,4,2023,abr-24,"1,418.150",6,0,0,0,0,No estoy segura con la cantidad de fragmentos por si podrían revisarlo,Tania
DSCN1310,95,1,Playa Blanca,,arana,,,1,2023,ene-24,506.728,5,0,0,0,0,,Andrea
DSCN1311,95,2,Playa Blanca,,arana,,,1,2023,ene-24,275.329,4,0,0,0,0,,Andrea
DSCN1312,95,3,Playa Blanca,,arana,,,1,2023,ene-24,113.508,4,0,0,0,0,,Andrea
DSCN1313,95,4,Playa Blanca,,arana,,,1,2023,ene-24,405.713,4,0,1,1,0,,Andrea
DSCN1314,95,5,Playa Blanca,,arana,,,1,2023,ene-24,483.377,3,0,0,1,0,,Andrea
DSCN1315,95,6,Playa Blanca,,arana,,,1,2023,ene-24,95.327,1,0,0,0,0,,Andrea
DSCN1316,95,7,Playa Blanca,,arana,,,1,2023,ene-24,414.026,5,0,0,1,0,,Andrea
DSCN1331,96,1,Playa Blanca,,arana,,,1,2023,ene-24,272.132,3,0,1,0,0,,Andrea
DSCN1332,96,2,Playa Blanca,,arana,,,1,2023,ene-24,388.045,4,0,0,0,0,,Andrea
DSCN1333,96,3,Playa Blanca,,arana,,,1,2023,ene-24,339.785,3,0,0,1,0,,Andrea
DSCN1334,96,4,Playa Blanca,,arana,,,1,2023,ene-24,177.115,3,0,0,0,0,,Andrea
DSCN1335,96,5,Playa Blanca,,arana,,,1,2023,ene-24,522.486,6,0,1,0,0,,Andrea
DSCN1336,96,6,Playa Blanca,,arana,,,1,2023,ene-24,354.533,4,0,0,0,0,,Andrea
DSCN1338,96,7,Playa Blanca,,arana,,,1,2023,ene-24,374.511,4,0,0,0,0,,Andrea
DSCN1318,97,1,Playa Blanca,,arana,,,1,2023,ene-24,253.575,4,0,0,0,0,,Andrea
DSCN1319,97,2,Playa Blanca,,arana,,,1,2023,ene-24,188.958,3,0,0,2,0,,Andrea
DSCN1320,97,3,Playa Blanca,,arana,,,1,2023,ene-24,408.861,4,0,0,0,0,,Andrea
DSCN1321,97,4,Playa Blanca,,arana,,,1,2023,ene-24,494.494,6,0,0,0,0,,Andrea
DSCN1322,97,5,Playa Blanca,,arana,,,1,2023,ene-24,50.475,1,0,0,0,0,,Andrea
DSCN1323,97,6,Playa Blanca,,arana,,,1,2023,ene-24,351.712,3,0,0,1,0,,Andrea
DSCN1324,97,7,Playa Blanca,,arana,,,1,2023,ene-24,892.700,7,0,0,1,0,,Andrea
DSCN1302,98,1,Playa Blanca,,arana,,,1,2023,ene-24,280.043,5,0,0,0,0,,Andrea
DSCN1303,98,2,Playa Blanca,,arana,,,1,2023,ene-24,238.208,3,0,0,0,0,,Andrea
DSCN1304,98,3,Playa Blanca,,arana,,,1,2023,ene-24,566.778,4,0,0,0,0,,Andrea
DSCN1305,98,4,Playa Blanca,,arana,,,1,2023,ene-24,133.135,2,0,0,0,0,,Andrea
DSCN1306,98,5,Playa Blanca,,arana,,,1,2023,ene-24,436.483,4,0,0,0,0,,Andrea
DSCN1307,98,6,Playa Blanca,,arana,,,1,2023,ene-24,508.322,5,0,0,1,0,,Andrea
DSCN1308,98,7,Playa Blanca,,arana,,,1,2023,ene-24,544.907,4,0,0,1,0,Varios corales fusionados,Andrea
DSCN4492,11,0,Playa Blanca,,arana,,,5,2023,may-24,NA,NA,NA,NA,NA,NA,ETIQUETA,Patricia
DSCN4493,11,1,Playa Blanca,,arana,,,5,2023,may-24,0.000,0,0,0,1,0,,Patricia
DSCN4494,11,2,Playa Blanca,,arana,,,5,2023,may-24,399.838,2,0,1,1,0,,Patricia
DSCN4495,11,3,Playa Blanca,,arana,,,5,2023,may-24,415.276,3,0,3,0,0,,Patricia
DSCN4496,11,4,Playa Blanca,,arana,,,5,2023,may-24,387.847,2,0,1,0,0,,Patricia
DSCN4497,11,5,Playa Blanca,,arana,,,5,2023,may-24,520.277,5,0,3,0,0,,Patricia
DSCN4498,11,6,Playa Blanca,,arana,,,5,2023,may-24,649.300,5,0,2,0,0,,Patricia
DSCN4499,11,7,Playa Blanca,,arana,,,5,2023,may-24,"1,294.800",6,0,0,2,0,,Patricia
DSCN4436,14,0,Playa Blanca,,arana,,,5,2023,may-24,NA,NA,NA,NA,NA,NA,ETIQUETA,Patricia
DSCN4437,14,1,Playa Blanca,,arana,,,5,2023,may-24,279.004,2,0,2,3,0,,Patricia
DSCN4438,14,2,Playa Blanca,,arana,,,5,2023,may-24,301.625,2,0,2,0,0,,Patricia
DSCN4439,14,3,Playa Blanca,,arana,,,5,2023,may-24,841.017,4,0,0,0,0,,Patricia
DSCN4440,14,4,Playa Blanca,,arana,,,5,2023,may-24,837.747,4,0,2,0,0,,Patricia
DSCN4441,14,5,Playa Blanca,,arana,,,5,2023,may-24,322.751,2,0,2,1,0,,Patricia
DSCN4442,14,6,Playa Blanca,,arana,,,5,2023,may-24,74.485,1,0,1,2,0,,Patricia
DSCN4443,14,7,Playa Blanca,,arana,,,5,2023,may-24,"1,607.550",8,0,0,0,0,,Patricia
DSCN4411,90,0,Playa Blanca,,arana,,,5,2023,may-24,NA,NA,NA,NA,NA,NA,ETIQUETA,Patricia
DSCN4412,90,1,Playa Blanca,,arana,,,5,2023,may-24,"2,464.450",7,0,3,0,0,,Patricia
DSCN4413,90,2,Playa Blanca,,arana,,,5,2023,may-24,836.767,2,0,1,0,0,,Patricia
DSCN4414,90,3,Playa Blanca,,arana,,,5,2023,may-24,897.910,3,1,1,0,0,,Patricia
DSCN4415,90,4,Playa Blanca,,arana,,,5,2023,may-24,0.000,0,0,0,0,0,DSCN4416 repetición de esta. descartada,Patricia
DSCN4417,90,5,Playa Blanca,,arana,,,5,2023,may-24,"1,593.930",5,0,2,1,0,,Patricia
DSCN4418,90,6,Playa Blanca,,arana,,,5,2023,may-24,"1,103.140",4,0,1,0,0,,Patricia
DSCN4419,90,7,Playa Blanca,,arana,,,5,2023,may-24,"2,364.180",7,0,0,0,0,,Patricia
DSCN4452,101,0,Playa Blanca,,arana,,,5,2023,may-24,NA,NA,NA,NA,NA,NA,ETIQUETA,Patricia
DSCN4453,101,1,Playa Blanca,,arana,,,5,2023,may-24,"2,850.370",4,0,1,0,0,,Patricia
DSCN4454,101,2,Playa Blanca,,arana,,,5,2023,may-24,764.296,3,0,2,0,0,,Patricia
DSCN4455,101,3,Playa Blanca,,arana,,,5,2023,may-24,"1,881.980",5,0,1,0,0,,Patricia
DSCN4456,101,4,Playa Blanca,,arana,,,5,2023,may-24,775.670,2,0,2,1,0,,Patricia
DSCN4457,101,5,Playa Blanca,,arana,,,5,2023,may-24,"1,013.240",4,0,0,0,0,,Patricia
DSCN4458,101,6,Playa Blanca,,arana,,,5,2023,may-24,"1,177.990",4,0,2,1,0,,Patricia
DSCN4459,101,7,Playa Blanca,,arana,,,5,2023,may-24,"3,506.860",8,0,0,0,0,,Patricia
DSCN4444,107,0,Playa Blanca,,arana,,,5,2023,may-24,NA,NA,NA,NA,NA,NA,ETIQUETA,Patricia
DSCN4445,107,1,Playa Blanca,,arana,,,5,2023,may-24,"1,974.450",4,0,0,0,0,,Patricia
DSCN4446,107,2,Playa Blanca,,arana,,,5,2023,may-24,"2,044.560",7,0,2,0,0,,Patricia
DSCN4447,107,3,Playa Blanca,,arana,,,5,2023,may-24,699.610,4,0,2,0,0,,Patricia
DSCN4448,107,4,Playa Blanca,,arana,,,5,2023,may-24,"1,357.000",5,0,0,0,0,,Patricia
DSCN4449,107,5,Playa Blanca,,arana,,,5,2023,may-24,"1,693.240",4,0,2,1,0,,Patricia
DSCN4450,107,6,Playa Blanca,,arana,,,5,2023,may-24,"1,070.440",2,0,0,0,0,,Patricia
DSCN4451,107,7,Playa Blanca,,arana,,,5,2023,may-24,"4,964.130",12,0,0,0,0,muy compactado,Patricia
DSCN1978,95,1,Playa Blanca,,arana,,,2,2023,feb-24,513.586,4,0,0,0,0,,Andrea
DSCN1979,95,2,Playa Blanca,,arana,,,2,2023,feb-24,366.358,3,0,0,0,0,,Andrea
DSCN1980,95,3,Playa Blanca,,arana,,,2,2023,feb-24,154.171,1,0,0,1,0,Imagen borrosa,Andrea
DSCN1981,95,4,Playa Blanca,,arana,,,2,2023,feb-24,561.132,4,0,0,0,0,Imagen con poca visibilidad,Andrea
DSCN1982,95,5,Playa Blanca,,arana,,,2,2023,feb-24,278.686,2,0,0,0,0,,Andrea
DSCN1983,95,6,Playa Blanca,,arana,,,2,2023,feb-24,NA,NA,NA,NA,NA,NA,los corales en este lado fueron ya considerados,Andrea
DSCN1984,95,7,Playa Blanca,,arana,,,2,2023,feb-24,439.573,8,0,0,1,0,,Andrea
DSCN1959,96,1,Playa Blanca,,arana,,,2,2023,feb-24,283.643,4,0,0,0,0,,Andrea
DSCN1960,96,2,Playa Blanca,,arana,,,2,2023,feb-24,399.410,3,0,0,0,0,Poca visibilidad,Andrea
DSCN1961,96,3,Playa Blanca,,arana,,,2,2023,feb-24,214.301,3,0,0,0,0,Poca visibilidad,Andrea
DSCN1962,96,4,Playa Blanca,,arana,,,2,2023,feb-24,535.423,5,0,1,0,0,,Andrea
DSCN1963,96,5,Playa Blanca,,arana,,,2,2023,feb-24,287.549,3,0,1,0,0,Poca visibilidad,Andrea
DSCN1964,96,6,Playa Blanca,,arana,,,2,2023,feb-24,252.487,3,0,0,1,0,,Andrea
DSCN1965,96,7,Playa Blanca,,arana,,,2,2023,feb-24,474.494,5,0,1,1,0,,Andrea
DSCN1969,97,1,Playa Blanca,,arana,,,2,2023,feb-24,245.562,3,0,0,0,0,,Andrea
DSCN1970,97,2,Playa Blanca,,arana,,,2,2023,feb-24,183.106,3,0,0,1,0,,Andrea
DSCN1971,97,3,Playa Blanca,,arana,,,2,2023,feb-24,433.037,4,0,0,0,0,,Andrea
DSCN1972,97,4,Playa Blanca,,arana,,,2,2023,feb-24,355.619,5,0,1,0,0,,Andrea
DSCN1973,97,5,Playa Blanca,,arana,,,2,2023,feb-24,61.013,1,0,0,0,0,Poca visibilidad,Andrea
DSCN1974,97,6,Playa Blanca,,arana,,,2,2023,feb-24,404.543,3,0,0,1,0,,Andrea
DSCN1975,97,7,Playa Blanca,,arana,,,2,2023,feb-24,"1,159.900",7,0,0,0,0,,Andrea
DSCN1986,98,1,Playa Blanca,,arana,,,2,2023,feb-24,234.971,4,0,1,0,0,,Andrea
DSCN1987,98,2,Playa Blanca,,arana,,,2,2023,feb-24,250.882,3,0,0,1,0,,Andrea
DSCN1988,98,3,Playa Blanca,,arana,,,2,2023,feb-24,671.867,5,0,0,0,0,,Andrea
DSCN1989,98,4,Playa Blanca,,arana,,,2,2023,feb-24,263.064,3,0,0,0,0,,Andrea
DSCN1990,98,5,Playa Blanca,,arana,,,2,2023,feb-24,439.831,4,0,0,0,0,,Andrea
DSCN1991,98,6,Playa Blanca,,arana,,,2,2023,feb-24,457.529,4,0,0,0,0,,Andrea
DSCN1992,98,7,Playa Blanca,,arana,,,2,2023,feb-24,591.454,4,0,0,1,0,,Andrea
DSCN4347,89,0,Playa Blanca,,arana,,,5,2023,may-24,NA,NA,NA,NA,NA,NA,ETIQUETA,Patricia
DSCN4348,89,1,Playa Blanca,,arana,,,5,2023,may-24,681.783,5,0,3,0,0,,Patricia
DSCN4349,89,2,Playa Blanca,,arana,,,5,2023,may-24,444.925,3,0,2,0,0,,Patricia
DSCN4350,89,3,Playa Blanca,,arana,,,5,2023,may-24,352.014,3,0,1,0,0,,Patricia
DSCN4351,89,4,Playa Blanca,,arana,,,5,2023,may-24,905.875,4,0,2,0,0,,Patricia
DSCN4352,89,5,Playa Blanca,,arana,,,5,2023,may-24,711.596,5,0,2,0,0,,Patricia
DSCN4353,89,6,Playa Blanca,,arana,,,5,2023,may-24,526.677,5,0,5,0,0,,Patricia
DSCN4354,89,7,Playa Blanca,,arana,,,5,2023,may-24,"1,499.150",7,0,3,0,0,dificil de medir cuanta m.parc,Patricia
DSCN4330,102,0,Playa Blanca,,arana,,,5,2023,may-24,NA,NA,NA,NA,NA,NA,ETIQUETA,Patricia
DSCN4331,102,1,Playa Blanca,,arana,,,5,2023,may-24,"1,028.910",6,0,3,1,0,,Patricia
DSCN4332,102,2,Playa Blanca,,arana,,,5,2023,may-24,453.447,4,0,2,0,0,,Patricia
DSCN4333,102,3,Playa Blanca,,arana,,,5,2023,may-24,619.110,3,0,2,1,0,,Patricia
DSCN4334,102,4,Playa Blanca,,arana,,,5,2023,may-24,211.359,2,0,1,0,0,,Patricia
DSCN4335,102,5,Playa Blanca,,arana,,,5,2023,may-24,719.419,4,0,2,0,0,,Patricia
DSCN4336,102,6,Playa Blanca,,arana,,,5,2023,may-24,940.587,5,0,4,0,0,,Patricia
DSCN4338,102,7,Playa Blanca,,arana,,,5,2023,may-24,869.696,6,0,0,0,0,foto cortada. 37 repetida y tambien cortada,Patricia
DSCN2474,95,1,Playa Blanca,,arana,,,3,2023,mar-24,562.180,5,0,0,0,0,,Andrea
DSCN2475,95,2,Playa Blanca,,arana,,,3,2023,mar-24,169.207,2,0,0,0,0,,Andrea
DSCN2476,95,3,Playa Blanca,,arana,,,3,2023,mar-24,224.759,2,0,0,0,0,,Andrea
DSCN2477,95,4,Playa Blanca,,arana,,,3,2023,mar-24,513.935,4,0,0,0,0,,Andrea
DSCN2479,95,5,Playa Blanca,,arana,,,3,2023,mar-24,292.853,2,0,0,0,0,,Andrea
DSCN2480,95,6,Playa Blanca,,arana,,,3,2023,mar-24,NA,NA,NA,NA,NA,NA,,Andrea
DSCN2481,95,7,Playa Blanca,,arana,,,3,2023,mar-24,708.558,7,0,0,0,0,,Andrea
DSCN2458,96,1,Playa Blanca,,arana,,,3,2023,mar-24,321.858,4,0,0,0,0,,Andrea
DSCN2459,96,2,Playa Blanca,,arana,,,3,2023,mar-24,459.832,4,0,0,0,0,,Andrea
DSCN2460,96,3,Playa Blanca,,arana,,,3,2023,mar-24,147.702,2,0,0,0,0,,Andrea
DSCN2461,96,4,Playa Blanca,,arana,,,3,2023,mar-24,514.444,5,0,0,0,0,,Andrea
DSCN2462,96,5,Playa Blanca,,arana,,,3,2023,mar-24,369.366,4,0,0,0,0,,Andrea
DSCN2463,96,6,Playa Blanca,,arana,,,3,2023,mar-24,243.403,2,0,0,0,0,,Andrea
DSCN2464,96,7,Playa Blanca,,arana,,,3,2023,mar-24,473.424,6,0,0,0,0,,Andrea
DSCN2466,97,1,Playa Blanca,,arana,,,3,2023,mar-24,276.219,3,0,0,0,0,,Andrea
DSCN2467,97,2,Playa Blanca,,arana,,,3,2023,mar-24,169.755,3,0,1,0,0,,Andrea
DSCN2468,97,3,Playa Blanca,,arana,,,3,2023,mar-24,442.671,4,0,0,0,0,,Andrea
DSCN2469,97,4,Playa Blanca,,arana,,,3,2023,mar-24,388.044,6,0,1,0,0,,Andrea
DSCN2470,97,5,Playa Blanca,,arana,,,3,2023,mar-24,57.000,1,0,0,0,0,,Andrea
DSCN2471,97,6,Playa Blanca,,arana,,,3,2023,mar-24,420.525,3,0,0,1,0,,Andrea
DSCN2472,97,7,Playa Blanca,,arana,,,3,2023,mar-24,"1,110.020",8,0,0,0,0,,Andrea
DSCN2483,98,1,Playa Blanca,,arana,,,3,2023,mar-24,257.074,4,0,0,0,0,,Andrea
DSCN2484,98,2,Playa Blanca,,arana,,,3,2023,mar-24,313.325,4,0,0,0,0,,Andrea
DSCN2485,98,3,Playa Blanca,,arana,,,3,2023,mar-24,708.456,5,0,0,0,0,,Andrea
DSCN2486,98,4,Playa Blanca,,arana,,,3,2023,mar-24,279.472,3,0,0,0,0,,Andrea
DSCN2487,98,5,Playa Blanca,,arana,,,3,2023,mar-24,621.207,5,0,1,0,0,,Andrea
DSCN2488,98,6,Playa Blanca,,arana,,,3,2023,mar-24,441.175,4,0,0,0,0,Poca visibilidad,Andrea
DSCN2489,98,7,Playa Blanca,,arana,,,3,2023,mar-24,706.398,4,0,0,0,0,,Andrea
DSCN1498,6,1,Playa Blanca,,arana,,,1,2023,ene-24,622.634,6,0,1,0,0,,Randall
DSCN1499,6,2,Playa Blanca,,arana,,,1,2023,ene-24,785.362,6,0,2,0,0,podrian ser 7,Randall
DSCN1500,6,3,Playa Blanca,,arana,,,1,2023,ene-24,808.648,6,0,0,0,0,,Randall
DSCN1501,6,4,Playa Blanca,,arana,,,1,2023,ene-24,674.309,5,0,0,0,0,,Randall
DSCN1502,6,5,Playa Blanca,,arana,,,1,2023,ene-24,466.215,5,0,0,1,0,no se ve bien el tubo superior,Randall
DSCN1503,6,6,Playa Blanca,,arana,,,1,2023,ene-24,469.425,8,0,0,0,0,la parte de abajo no se ve,Randall
DSCN1504,6,7,Playa Blanca,,arana,,,1,2023,ene-24,"1,613.700",10,0,0,0,0,,Randall
DSCN1506,7,1,Playa Blanca,,arana,,,1,2023,ene-24,544.427,5,0,0,0,0,,Randall
DSCN1507,7,2,Playa Blanca,,arana,,,1,2023,ene-24,470.145,3,0,0,1,0,,Randall
DSCN1508,7,3,Playa Blanca,,arana,,,1,2023,ene-24,598.612,5,0,0,1,0,,Randall
DSCN1509,7,4,Playa Blanca,,arana,,,1,2023,ene-24,332.842,3,0,0,0,0,,Randall
DSCN1510,7,5,Playa Blanca,,arana,,,1,2023,ene-24,448.612,3,0,0,0,0,,Randall
DSCN1511,7,6,Playa Blanca,,arana,,,1,2023,ene-24,714.866,7,0,0,0,0,Podrian ser 6.,Randall
DSCN1512,7,7,Playa Blanca,,arana,,,1,2023,ene-24,"1,510.880",9,0,0,0,0,,Randall
DSCN1514,8,1,Playa Blanca,,arana,,,1,2023,ene-24,407.506,5,0,0,0,0,,Randall
DSCN1515,8,2,Playa Blanca,,arana,,,1,2023,ene-24,486.017,6,0,0,0,0,,Randall
DSCN1516,8,3,Playa Blanca,,arana,,,1,2023,ene-24,507.340,4,0,0,0,0,,Randall
DSCN1517,8,4,Playa Blanca,,arana,,,1,2023,ene-24,774.236,6,0,0,0,0,,Randall
DSCN1518,8,5,Playa Blanca,,arana,,,1,2023,ene-24,443.479,5,0,0,0,0,,Randall
DSCN1519,8,6,Playa Blanca,,arana,,,1,2023,ene-24,590.824,5,0,0,0,0,podrian ser 6,Randall
DSCN1520,8,7,Playa Blanca,,arana,,,1,2023,ene-24,"1,201.290",11,0,0,0,0,,Randall
DSCN1473,9,1,Playa Blanca,,arana,,,1,2023,ene-24,419.948,4,0,0,0,0,se ve borroso,Randall
DSCN1474,9,2,Playa Blanca,,arana,,,1,2023,ene-24,202.460,5,0,2,1,0,dos cubiertos de sedimento,Randall
DSCN1475,9,3,Playa Blanca,,arana,,,1,2023,ene-24,307.178,4,0,1,0,0,,Randall
DSCN1476,9,4,Playa Blanca,,arana,,,1,2023,ene-24,597.846,4,0,1,0,0,,Randall
DSCN1477,9,5,Playa Blanca,,arana,,,1,2023,ene-24,782.015,7,0,0,0,0,,Randall
DSCN1478,9,6,Playa Blanca,,arana,,,1,2023,ene-24,642.399,6,0,0,0,0,,Randall
DSCN1479,9,7,Playa Blanca,,arana,,,1,2023,ene-24,"1,907.530",14,0,0,0,0,,Randall
DSCN1464,10,1,Playa Blanca,,arana,,,1,2023,ene-24,512.324,3,0,0,1,0,,Randall
DSCN1465,10,2,Playa Blanca,,arana,,,1,2023,ene-24,480.647,4,0,0,0,0,,Randall
DSCN1466,10,3,Playa Blanca,,arana,,,1,2023,ene-24,392.190,4,0,0,1,0,,Randall
DSCN1467,10,4,Playa Blanca,,arana,,,1,2023,ene-24,276.096,4,0,0,0,0,,Randall
DSCN1468,10,5,Playa Blanca,,arana,,,1,2023,ene-24,268.512,2,0,0,0,0,,Randall
DSCN1469,10,6,Playa Blanca,,arana,,,1,2023,ene-24,457.127,4,0,0,0,0,,Randall
DSCN1471,10,7,Playa Blanca,,arana,,,1,2023,ene-24,"1,718.560",13,0,0,0,0,,Randall
DSCN1808,6,1,Playa Blanca,,arana,,,2,2023,feb-24,628.727,6,0,0,0,0,,Randall
DSCN1809,6,2,Playa Blanca,,arana,,,2,2023,feb-24,603.790,6,0,0,0,0,,Randall
DSCN1810,6,3,Playa Blanca,,arana,,,2,2023,feb-24,858.548,5,0,0,1,0,se ve bastante blanco pero no por completo,Randall
DSCN1811,6,4,Playa Blanca,,arana,,,2,2023,feb-24,764.154,5,0,0,0,0,,Randall
DSCN1812,6,5,Playa Blanca,,arana,,,2,2023,feb-24,364.086,4,1,1,0,1,,Randall
DSCN1813,6,6,Playa Blanca,,arana,,,2,2023,feb-24,486.924,8,0,0,0,0,,Randall
DSCN1814,6,7,Playa Blanca,,arana,,,2,2023,feb-24,"1,462.430",10,0,0,0,0,,Randall
DSCN1815,7,1,Playa Blanca,,arana,,,2,2023,feb-24,586.526,5,0,0,0,0,,Randall
DSCN1816,7,2,Playa Blanca,,arana,,,2,2023,feb-24,487.956,4,0,0,0,0,,Randall
DSCN1817,7,3,Playa Blanca,,arana,,,2,2023,feb-24,595.111,5,0,0,0,0,,Randall
DSCN1818,7,4,Playa Blanca,,arana,,,2,2023,feb-24,342.612,3,0,0,0,0,,Randall
DSCN1819,7,5,Playa Blanca,,arana,,,2,2023,feb-24,465.357,3,0,0,0,3,"se ven claros, como blanqueandose. Aunque no parecen estarlo.",Randall
DSCN1820,7,6,Playa Blanca,,arana,,,2,2023,feb-24,684.324,5,0,0,0,3,"se ven claros, como blanqueandose. Aunque no parecen estarlo.",Randall
DSCN1821,7,7,Playa Blanca,,arana,,,2,2023,feb-24,"1,930.010",9,0,0,0,2,los fragmentos estan muy pegados. Es dificil saber cuantos son.,Randall
DSCN1823,8,1,Playa Blanca,,arana,,,2,2023,feb-24,476.919,5,0,0,0,1,,Randall
DSCN1824,8,2,Playa Blanca,,arana,,,2,2023,feb-24,579.023,6,0,0,0,1,,Randall
DSCN1825,8,3,Playa Blanca,,arana,,,2,2023,feb-24,602.005,5,0,0,0,4,,Randall
DSCN1826,8,4,Playa Blanca,,arana,,,2,2023,feb-24,801.435,6,0,0,0,3,,Randall
DSCN1827,8,5,Playa Blanca,,arana,,,2,2023,feb-24,521.925,5,0,0,0,4,,Randall
DSCN1828,8,6,Playa Blanca,,arana,,,2,2023,feb-24,644.264,6,0,0,0,0,,Randall
DSCN1829,8,7,Playa Blanca,,arana,,,2,2023,feb-24,"1,250.500",12,0,0,0,0,,Randall
DSCN1847,9,1,Playa Blanca,,arana,,,2,2023,feb-24,539.204,4,0,0,0,0,,Randall
DSCN1850,9,2,Playa Blanca,,arana,,,2,2023,feb-24,266.483,7,0,0,0,0,sedimento,Randall
DSCN1851,9,3,Playa Blanca,,arana,,,2,2023,feb-24,249.589,4,0,1,0,1,,Randall
DSCN1852,9,4,Playa Blanca,,arana,,,2,2023,feb-24,667.834,4,0,0,0,3,,Randall
DSCN1853,9,5,Playa Blanca,,arana,,,2,2023,feb-24,806.341,7,0,0,0,5,,Randall
DSCN1854,9,6,Playa Blanca,,arana,,,2,2023,feb-24,615.981,7,0,1,0,6,,Randall
DSCN1855,9,7,Playa Blanca,,arana,,,2,2023,feb-24,"1,937.420",12,0,0,0,1,la cantidad de fragmentos puede variar porque estan muy pegados,Randall
DSCN1839,10,1,Playa Blanca,,arana,,,2,2023,feb-24,622.365,3,0,0,1,0,el perdido probablemente es del mes anterior,Randall
DSCN1840,10,2,Playa Blanca,,arana,,,2,2023,feb-24,530.911,5,0,0,0,1,,Randall
DSCN1841,10,3,Playa Blanca,,arana,,,2,2023,feb-24,391.958,4,0,0,2,0,,Randall
DSCN1842,10,4,Playa Blanca,,arana,,,2,2023,feb-24,525.900,5,0,0,0,0,,Randall
DSCN1843,10,5,Playa Blanca,,arana,,,2,2023,feb-24,241.543,2,0,0,1,0,,Randall
DSCN1844,10,6,Playa Blanca,,arana,,,2,2023,feb-24,468.515,4,0,0,0,0,,Randall
DSCN1845,10,7,Playa Blanca,,arana,,,2,2023,feb-24,"1,536.460",13,0,0,0,0,fragmentos muy pegados. Dificil de contar.,Randall
DSCN2688,6,1,Playa Blanca,,arana,,,3,2023,mar-24,672.788,6,0,0,0,0,,Randall
DSCN2689,6,2,Playa Blanca,,arana,,,3,2023,mar-24,847.515,6,0,0,0,0,,Randall
DSCN2690,6,3,Playa Blanca,,arana,,,3,2023,mar-24,869.775,6,0,0,0,0,,Randall
DSCN2691,6,4,Playa Blanca,,arana,,,3,2023,mar-24,828.143,5,0,0,0,0,,Randall
DSCN2692,6,5,Playa Blanca,,arana,,,3,2023,mar-24,474.049,4,0,1,0,0,,Randall
DSCN2693,6,6,Playa Blanca,,arana,,,3,2023,mar-24,495.255,6,0,0,0,0,,Randall
DSCN2696,6,7,Playa Blanca,,arana,,,3,2023,mar-24,"1,771.220",11,0,0,1,0,,Randall
DSCN2679,7,1,Playa Blanca,,arana,,,3,2023,mar-24,542.097,5,0,0,0,0,,Randall
DSCN2680,7,2,Playa Blanca,,arana,,,3,2023,mar-24,545.337,4,0,0,0,0,,Randall
DSCN2681,7,3,Playa Blanca,,arana,,,3,2023,mar-24,626.865,5,0,0,0,0,,Randall
DSCN2683,7,4,Playa Blanca,,arana,,,3,2023,mar-24,481.532,3,0,0,0,0,,Randall
DSCN2684,7,5,Playa Blanca,,arana,,,3,2023,mar-24,530.782,3,0,0,1,0,,Randall
DSCN2685,7,6,Playa Blanca,,arana,,,3,2023,mar-24,831.038,5,0,0,0,0,,Randall
DSCN2686,7,7,Playa Blanca,,arana,,,3,2023,mar-24,"1,571.620",8,0,0,0,0,los fragmentos estan muy pegados. Es dificil saber cuantos son.,Randall
DSCN2671,8,1,Playa Blanca,,arana,,,3,2023,mar-24,533.837,5,0,0,0,0,,Randall
DSCN2672,8,2,Playa Blanca,,arana,,,3,2023,mar-24,537.543,6,0,0,0,0,,Randall
DSCN2673,8,3,Playa Blanca,,arana,,,3,2023,mar-24,550.272,5,0,1,0,0,,Randall
DSCN2674,8,4,Playa Blanca,,arana,,,3,2023,mar-24,666.979,6,0,0,0,0,,Randall
DSCN2675,8,5,Playa Blanca,,arana,,,3,2023,mar-24,440.359,5,1,0,0,0,,Randall
DSCN2676,8,6,Playa Blanca,,arana,,,3,2023,mar-24,636.389,6,0,0,0,0,,Randall
DSCN2677,8,7,Playa Blanca,,arana,,,3,2023,mar-24,"1,498.410",12,0,0,0,0,,Randall
DSCN2647,9,1,Playa Blanca,,arana,,,3,2023,mar-24,495.768,4,0,1,0,0,,Randall
DSCN2648,9,2,Playa Blanca,,arana,,,3,2023,mar-24,146.081,7,4,2,0,0,,Randall
DSCN2649,9,3,Playa Blanca,,arana,,,3,2023,mar-24,267.561,2,1,1,0,0,,Randall
DSCN2650,9,4,Playa Blanca,,arana,,,3,2023,mar-24,605.957,4,0,1,0,0,,Randall
DSCN2651,9,5,Playa Blanca,,arana,,,3,2023,mar-24,811.776,7,0,0,0,0,,Randall
DSCN2652,9,6,Playa Blanca,,arana,,,3,2023,mar-24,709.579,7,0,2,0,0,,Randall
DSCN2653,9,7,Playa Blanca,,arana,,,3,2023,mar-24,"1,910.730",12,0,0,0,0,la cantidad de fragmentos puede variar porque estan muy pegados,Randall
DSCN2655,10,1,Playa Blanca,,arana,,,3,2023,mar-24,656.460,3,0,1,0,0,,Randall
DSCN2656,10,2,Playa Blanca,,arana,,,3,2023,mar-24,476.928,5,0,2,0,0,,Randall
DSCN2657,10,3,Playa Blanca,,arana,,,3,2023,mar-24,507.896,4,0,0,2,0,,Randall
DSCN2658,10,4,Playa Blanca,,arana,,,3,2023,mar-24,486.060,4,1,0,0,0,,Randall
DSCN2659,10,5,Playa Blanca,,arana,,,3,2023,mar-24,284.034,2,0,0,0,0,,Randall
DSCN2660,10,6,Playa Blanca,,arana,,,3,2023,mar-24,479.702,4,0,0,0,0,,Randall
DSCN2661,10,7,Playa Blanca,,arana,,,3,2023,mar-24,"1,824.850",13,0,0,0,0,fragmentos muy pegados. Dificil de contar.,Randall
DSCN3706,6,1,Playa Blanca,,arana,,,4,2023,abr-24,577.648,6,0,0,0,0,,Randall
DSCN3708,6,2,Playa Blanca,,arana,,,4,2023,abr-24,703.174,6,0,0,0,0,,Randall
DSCN3709,6,3,Playa Blanca,,arana,,,4,2023,abr-24,864.054,6,0,1,0,0,,Randall
DSCN3710,6,4,Playa Blanca,,arana,,,4,2023,abr-24,862.745,6,0,0,0,0,el numero de fragmentos puede ser diferente.,Randall
DSCN3711,6,5,Playa Blanca,,arana,,,4,2023,abr-24,420.418,4,0,0,0,0,,Randall
DSCN3712,6,6,Playa Blanca,,arana,,,4,2023,abr-24,529.662,8,0,0,0,0,el numero de fragmentos puede ser diferente.,Randall
DSCN3713,6,7,Playa Blanca,,arana,,,4,2023,abr-24,"1,718.810",11,0,0,0,0,,Randall
DSCN3698,7,1,Playa Blanca,,arana,,,4,2023,abr-24,590.296,5,0,0,0,0,,Randall
DSCN3699,7,2,Playa Blanca,,arana,,,4,2023,abr-24,522.065,4,0,0,0,0,,Randall
DSCN3700,7,3,Playa Blanca,,arana,,,4,2023,abr-24,664.199,5,0,0,0,0,,Randall
DSCN3701,7,4,Playa Blanca,,arana,,,4,2023,abr-24,417.313,3,0,0,0,0,,Randall
DSCN3702,7,5,Playa Blanca,,arana,,,4,2023,abr-24,572.960,3,0,0,0,0,,Randall
DSCN3703,7,6,Playa Blanca,,arana,,,4,2023,abr-24,573.987,5,0,0,0,0,,Randall
DSCN3704,7,7,Playa Blanca,,arana,,,4,2023,abr-24,"1,640.230",8,0,0,0,0,los fragmentos estan muy pegados. Es dificil saber cuantos son.,Randall
DSCN3690,8,1,Playa Blanca,,arana,,,4,2023,abr-24,529.048,5,0,0,0,0,,Randall
DSCN3691,8,2,Playa Blanca,,arana,,,4,2023,abr-24,684.512,6,0,0,0,0,,Randall
DSCN3692,8,3,Playa Blanca,,arana,,,4,2023,abr-24,593.426,5,0,0,0,0,,Randall
DSCN3693,8,4,Playa Blanca,,arana,,,4,2023,abr-24,848.268,6,0,0,0,0,,Randall
DSCN3695,8,5,Playa Blanca,,arana,,,4,2023,abr-24,484.991,5,1,0,0,0,,Randall
DSCN3696,8,6,Playa Blanca,,arana,,,4,2023,abr-24,656.246,6,0,0,0,0,,Randall
NA,8,7,Playa Blanca,,arana,,,4,2023,abr-24,NA,NA,NA,NA,NA,NA,no hay imagen,Randall
DSCN3666,9,1,Playa Blanca,,arana,,,4,2023,abr-24,414.908,4,0,1,0,0,,Randall
DSCN3667,9,2,Playa Blanca,,arana,,,4,2023,abr-24,132.395,5,0,1,0,0,el fragmento esta practicamente muerto,Randall
DSCN3668,9,3,Playa Blanca,,arana,,,4,2023,abr-24,270.687,4,0,2,0,0,fragmentos casi muertos.,Randall
DSCN3669,9,4,Playa Blanca,,arana,,,4,2023,abr-24,565.320,4,0,0,0,0,,Randall
DSCN3670,9,5,Playa Blanca,,arana,,,4,2023,abr-24,759.071,6,0,0,0,0,,Randall
DSCN3671,9,6,Playa Blanca,,arana,,,4,2023,abr-24,671.506,6,0,1,0,0,,Randall
DSCN3672,9,7,Playa Blanca,,arana,,,4,2023,abr-24,"2,030.940",12,0,0,0,0,la cantidad de fragmentos puede variar porque estan muy pegados,Randall
DSCN3674,10,1,Playa Blanca,,arana,,,4,2023,abr-24,658.024,3,0,1,0,0,,Randall
DSCN3675,10,2,Playa Blanca,,arana,,,4,2023,abr-24,492.910,5,0,2,0,0,uno casi muerto,Randall
DSCN3676,10,3,Playa Blanca,,arana,,,4,2023,abr-24,486.573,4,0,0,0,0,,Randall
DSCN3677,10,4,Playa Blanca,,arana,,,4,2023,abr-24,531.019,4,0,1,0,0,,Randall
DSCN3678,10,5,Playa Blanca,,arana,,,4,2023,abr-24,286.546,2,0,0,0,0,,Randall
DSCN3679,10,6,Playa Blanca,,arana,,,4,2023,abr-24,523.244,4,0,0,0,0,,Randall
DSCN3680,10,7,Playa Blanca,,arana,,,4,2023,abr-24,"1,739.450",13,0,0,0,0,fragmentos muy pegados. Dificil de contar.,Randall
DSCN3493,95,1,Playa Blanca,,arana,,,4,2023,abr-24,596.035,5,0,0,0,0,,Andrea
DSCN3494,95,2,Playa Blanca,,arana,,,4,2023,abr-24,143.384,2,0,0,0,0,,Andrea
DSCN3495,95,3,Playa Blanca,,arana,,,4,2023,abr-24,443.578,3,0,1,0,0,,Andrea
DSCN3496,95,4,Playa Blanca,,arana,,,4,2023,abr-24,525.358,4,0,0,0,0,,Andrea
DSCN3497,95,5,Playa Blanca,,arana,,,4,2023,abr-24,820.049,4,0,0,1,0,,Andrea
DSCN3498,95,6,Playa Blanca,,arana,,,4,2023,abr-24,NA,NA,NA,NA,NA,NA,,Andrea
DSCN3499,95,7,Playa Blanca,,arana,,,4,2023,abr-24,703.477,6,0,0,1,0,,Andrea
DSCN3501,96,1,Playa Blanca,,arana,,,4,2023,abr-24,304.311,4,0,0,0,0,,Andrea
DSCN3502,96,2,Playa Blanca,,arana,,,4,2023,abr-24,452.086,4,0,0,0,0,,Andrea
DSCN3503,96,3,Playa Blanca,,arana,,,4,2023,abr-24,261.367,3,0,0,0,0,,Andrea
DSCN3504,96,4,Playa Blanca,,arana,,,4,2023,abr-24,723.151,6,0,0,0,0,,Andrea
DSCN3505,96,5,Playa Blanca,,arana,,,4,2023,abr-24,427.368,4,0,0,1,0,,Andrea
DSCN3506,96,6,Playa Blanca,,arana,,,4,2023,abr-24,265.273,2,0,0,0,0,,Andrea
DSCN3507,96,7,Playa Blanca,,arana,,,4,2023,abr-24,511.865,5,0,0,0,0,,Andrea
DSCN3483,97,1,Playa Blanca,,arana,,,4,2023,abr-24,275.877,3,0,1,0,0,,Andrea
DSCN3484,97,2,Playa Blanca,,arana,,,4,2023,abr-24,189.967,3,0,0,1,0,,Andrea
DSCN3485,97,3,Playa Blanca,,arana,,,4,2023,abr-24,507.250,4,0,0,0,0,,Andrea
DSCN3486,97,4,Playa Blanca,,arana,,,4,2023,abr-24,537.182,6,0,0,0,0,,Andrea
DSCN3487,97,5,Playa Blanca,,arana,,,4,2023,abr-24,NA,NA,NA,NA,NA,NA,,Andrea
DSCN3488,97,6,Playa Blanca,,arana,,,4,2023,abr-24,478.892,3,0,0,0,0,,Andrea
DSCN3489,97,7,Playa Blanca,,arana,,,4,2023,abr-24,793.852,7,0,0,1,0,,Andrea
DSCN3509,98,1,Playa Blanca,,arana,,,4,2023,abr-24,373.194,5,0,1,0,0,,Andrea
DSCN3510,98,2,Playa Blanca,,arana,,,4,2023,abr-24,291.199,3,0,0,0,0,,Andrea
DSCN3511,98,3,Playa Blanca,,arana,,,4,2023,abr-24,753.738,5,0,0,0,0,,Andrea
DSCN3512,98,4,Playa Blanca,,arana,,,4,2023,abr-24,210.292,2,0,0,0,0,,Andrea
DSCN3513,98,5,Playa Blanca,,arana,,,4,2023,abr-24,523.580,4,0,2,0,0,,Andrea
DSCN3514,98,6,Playa Blanca,,arana,,,4,2023,abr-24,565.171,5,0,0,0,0,,Andrea
DSCN3515,98,7,Playa Blanca,,arana,,,4,2023,abr-24,608.779,4,0,0,0,0,,Andrea
DSCN1864,163,1,Playa Blanca,,arana,,,2,2023,feb-24,292.090,5,0,0,0,0,,Shantall
DSCN1865,163,6,Playa Blanca,,arana,,,2,2023,feb-24,107.200,2,0,0,0,0,,Shantall
DSCN1866,163,5,Playa Blanca,,arana,,,2,2023,feb-24,122.110,3,0,0,0,0,,Shantall
DSCN1867,163,4,Playa Blanca,,arana,,,2,2023,feb-24,115.140,4,0,0,0,0,,Shantall
DSCN1868,163,3,Playa Blanca,,arana,,,2,2023,feb-24,123.210,3,0,1,0,0,,Shantall
DSCN1869,163,2,Playa Blanca,,arana,,,2,2023,feb-24,161.617,3,0,0,0,0,,Shantall
DSCN1870,163,7,Playa Blanca,,arana,,,2,2023,feb-24,377.150,7,0,2,1,0,,Shantall
DSCN1927,164,1,Playa Blanca,,arana,,,2,2023,feb-24,378.130,6,0,0,0,0,,Shantall
DSCN1928,164,6,Playa Blanca,,arana,,,2,2023,feb-24,439.420,3,0,0,0,0,,Shantall
DSCN1929,164,5,Playa Blanca,,arana,,,2,2023,feb-24,176.750,4,0,0,0,0,,Shantall
DSCN1930,164,4,Playa Blanca,,arana,,,2,2023,feb-24,85.660,2,0,0,0,0,,Shantall
DSCN1931,164,3,Playa Blanca,,arana,,,2,2023,feb-24,123.900,3,0,0,0,0,,Shantall
DSCN1932,164,2,Playa Blanca,,arana,,,2,2023,feb-24,192.020,5,0,0,0,0,,Shantall
DSCN1933,164,7,Playa Blanca,,arana,,,2,2023,feb-24,336.140,5,0,0,2,0,,Shantall
DSCN1800,165,1,Playa Blanca,,arana,,,2,2023,feb-24,165.410,3,0,1,0,0,,Shantall
DSCN1801,165,6,Playa Blanca,,arana,,,2,2023,feb-24,373.120,2,0,0,1,0,,Shantall
DSCN1802,165,5,Playa Blanca,,arana,,,2,2023,feb-24,433.550,4,0,1,0,0,,Shantall
DSCN1803,165,4,Playa Blanca,,arana,,,2,2023,feb-24,95.080,1,0,0,2,0,,Shantall
DSCN1804,165,3,Playa Blanca,,arana,,,2,2023,feb-24,122.500,3,0,0,0,0,,Shantall
DSCN1805,165,2,Playa Blanca,,arana,,,2,2023,feb-24,304.760,4,0,0,0,0,,Shantall
DSCN1806,165,7,Playa Blanca,,arana,,,2,2023,feb-24,429.630,9,0,0,0,0,,Shantall
DSCN1857,166,1,Playa Blanca,,arana,,,2,2023,feb-24,403.990,3,0,0,0,0,,Shantall
DSCN1858,166,6,Playa Blanca,,arana,,,2,2023,feb-24,390.740,4,0,0,0,0,,Shantall
DSCN1859,166,5,Playa Blanca,,arana,,,2,2023,feb-24,86.360,3,0,1,0,0,,Shantall
DSCN1860,166,4,Playa Blanca,,arana,,,2,2023,feb-24,372.920,4,0,0,1,0,,Shantall
DSCN1861,166,3,Playa Blanca,,arana,,,2,2023,feb-24,422.220,4,0,2,0,0,,Shantall
DSCN1862,166,2,Playa Blanca,,arana,,,2,2023,feb-24,95.590,2,0,0,0,0,,Shantall
DSCN1863,166,7,Playa Blanca,,arana,,,2,2023,feb-24,423.940,6,0,0,0,0,,Shantall
DSCN1898,103,0,Playa Blanca,,arana,,,3,2023,feb-24,NA,NA,NA,NA,NA,NA,foto de etiqueta,David
DSCN1899,103,1,Playa Blanca,,arana,,,3,2023,feb-24,922.688,6,0,0,0,0,,David
DSCN1900,103,2,Playa Blanca,,arana,,,3,2023,feb-24,580.704,4,0,0,0,0,,David
DSCN1901,103,3,Playa Blanca,,arana,,,3,2023,feb-24,"1,008.640",5,0,0,0,0,,David
DSCN1905,103,4,Playa Blanca,,arana,,,3,2023,feb-24,147.506,1,0,0,0,0,,David
DSCN1906,103,5,Playa Blanca,,arana,,,3,2023,feb-24,338.067,4,0,0,0,0,,David
DSCN1907,103,6,Playa Blanca,,arana,,,3,2023,feb-24,627.893,5,0,0,0,0,,David
DSCN1908,103,7,Playa Blanca,,arana,,,3,2023,feb-24,"1,407.880",10,0,0,0,0,,David
DSCN1934,18,0,Playa Blanca,,arana,,,3,2023,feb-24,NA,NA,NA,NA,NA,NA,foto de etiqueta,David
DSCN1935,18,1,Playa Blanca,,arana,,,3,2023,feb-24,729.543,7,0,0,0,4,,David
DSCN1936,18,2,Playa Blanca,,arana,,,3,2023,feb-24,614.144,6,0,0,0,0,mala visibilidad,David
DSCN1937,18,3,Playa Blanca,,arana,,,3,2023,feb-24,627.003,7,0,0,0,1,mala visibilidad,David
DSCN1938,18,4,Playa Blanca,,arana,,,3,2023,feb-24,NA,NA,NA,NA,NA,NA,foto repetida,David
DSCN1939,18,5,Playa Blanca,,arana,,,3,2023,feb-24,749.721,7,0,1,0,3,,David
DSCN1940,18,6,Playa Blanca,,arana,,,3,2023,feb-24,837.715,8,0,0,0,0,,David
DSCN1941,18,7,Playa Blanca,,arana,,,3,2023,feb-24,"1,057.410",10,0,0,0,1,,David
DSCN1942,18,8,Playa Blanca,,arana,,,3,2023,feb-24,"2,454.050",14,0,0,0,3,,David
DSCN1943,104,0,Playa Blanca,,arana,,,3,2023,feb-24,NA,NA,NA,NA,NA,NA,foto de etiqueta,David
DSCN1944,104,1,Playa Blanca,,arana,,,3,2023,feb-24,715.176,6,0,0,0,0,mala visibilidad,David
DSCN1945,104,2,Playa Blanca,,arana,,,3,2023,feb-24,307.858,3,0,1,0,0,,David
DSCN1946,104,3,Playa Blanca,,arana,,,3,2023,feb-24,808.580,6,0,1,0,0,,David
DSCN1947,104,4,Playa Blanca,,arana,,,3,2023,feb-24,385.406,4,0,0,1,0,,David
DSCN1948,104,5,Playa Blanca,,arana,,,3,2023,feb-24,292.461,6,0,4,0,0,,David
DSCN1949,104,6,Playa Blanca,,arana,,,3,2023,feb-24,353.545,4,0,0,0,0,,David
DSCN1950,104,7,Playa Blanca,,arana,,,3,2023,feb-24,"2,507.440",16,0,0,0,0,,David
DSCN2011,173,0,Playa Blanca,,arana,,,3,2023,feb-24,NA,NA,NA,NA,NA,NA,foto de etiqueta,David
DSCN2012,173,1,Playa Blanca,,arana,,,3,2023,feb-24,547.401,5,0,0,0,0,,David
DSCN2013,173,2,Playa Blanca,,arana,,,3,2023,feb-24,282.527,3,0,0,0,0,mala visibilidad,David
DSCN2014,173,3,Playa Blanca,,arana,,,3,2023,feb-24,763.078,6,0,0,0,0,mala visibilidad,David
DSCN2015,173,4,Playa Blanca,,arana,,,3,2023,feb-24,645.685,5,0,0,0,0,,David
DSCN2016,173,5,Playa Blanca,,arana,,,3,2023,feb-24,619.004,6,0,0,0,0,,David
DSCN2017,173,6,Playa Blanca,,arana,,,3,2023,feb-24,894.923,6,0,0,0,0,,David
DSCN2018,173,7,Playa Blanca,,arana,,,3,2023,feb-24,"1,891.100",17,0,0,0,0,,David
DSCN2003,109,0,Playa Blanca,,arana,,,3,2023,feb-24,NA,NA,NA,NA,NA,NA,foto de etiqueta,David
DSCN2004,109,1,Playa Blanca,,arana,,,3,2023,feb-24,190.584,2,0,0,1,0,mala visibilidad,David
DSCN2005,109,2,Playa Blanca,,arana,,,3,2023,feb-24,155.257,2,0,0,1,0,,David
DSCN2006,109,3,Playa Blanca,,arana,,,3,2023,feb-24,454.150,3,0,0,1,0,,David
DSCN2007,109,4,Playa Blanca,,arana,,,3,2023,feb-24,872.796,5,0,0,0,0,,David
DSCN2008,109,5,Playa Blanca,,arana,,,3,2023,feb-24,554.489,4,0,0,0,0,,David
DSCN2009,109,6,Playa Blanca,,arana,,,3,2023,feb-24,661.234,6,0,1,0,0,,David
DSCN2010,109,7,Playa Blanca,,arana,,,3,2023,feb-24,"2,449.330",16,0,0,0,0,,David
DSCN1951,20,0,Playa Blanca,,arana,,,3,2023,feb-24,NA,NA,NA,NA,NA,NA,foto de etiqueta,David
DSCN1952,20,1,Playa Blanca,,arana,,,3,2023,feb-24,441.718,6,0,0,0,0,,David
DSCN1953,20,2,Playa Blanca,,arana,,,3,2023,feb-24,434.197,4,0,0,0,0,,David
DSCN1954,20,3,Playa Blanca,,arana,,,3,2023,feb-24,505.934,6,0,0,0,0,,David
DSCN1955,20,4,Playa Blanca,,arana,,,3,2023,feb-24,751.401,6,0,0,0,1,,David
DSCN1956,20,5,Playa Blanca,,arana,,,3,2023,feb-24,741.447,6,0,0,0,0,,David
DSCN1957,20,6,Playa Blanca,,arana,,,3,2023,feb-24,713.931,7,0,0,0,1,,David
DSCN1958,20,7,Playa Blanca,,arana,,,3,2023,feb-24,"1,518.160",13,0,0,0,0,,David
DSCN2631,163,1,Playa Blanca,,arana,,,3,2023,mar-24,354.390,5,0,0,0,0,,Shantall
DSCN2632,163,6,Playa Blanca,,arana,,,3,2023,mar-24,125.060,3,0,0,0,0,,Shantall
DSCN2633,163,5,Playa Blanca,,arana,,,3,2023,mar-24,153.060,3,0,0,0,0,,Shantall
DSCN2634,163,4,Playa Blanca,,arana,,,3,2023,mar-24,131.011,4,0,0,0,0,,Shantall
DSCN2635,163,3,Playa Blanca,,arana,,,3,2023,mar-24,109.910,2,0,0,1,0,,Shantall
DSCN2636,163,2,Playa Blanca,,arana,,,3,2023,mar-24,206.160,3,0,0,0,0,,Shantall
DSCN2637,163,7,Playa Blanca,,arana,,,3,2023,mar-24,417.850,6,0,0,1,0,,Shantall
DSCN2573,164,1,Playa Blanca,,arana,,,3,2023,mar-24,271.890,5,0,0,1,0,,Shantall
DSCN2574,164,6,Playa Blanca,,arana,,,3,2023,mar-24,448.050,3,0,0,0,0,,Shantall
DSCN2575,164,5,Playa Blanca,,arana,,,3,2023,mar-24,94.650,2,0,0,2,0,,Shantall
DSCN2576,164,4,Playa Blanca,,arana,,,3,2023,mar-24,96.130,2,0,0,0,0,,Shantall
DSCN2577,164,3,Playa Blanca,,arana,,,3,2023,mar-24,75.750,2,0,0,1,0,,Shantall
DSCN2578,164,2,Playa Blanca,,arana,,,3,2023,mar-24,172.740,3,0,0,2,0,,Shantall
DSCN2579,164,7,Playa Blanca,,arana,,,3,2023,mar-24,356.260,5,0,0,0,0,,Shantall
DSCN2698,165,1,Playa Blanca,,arana,,,3,2023,mar-24,207.810,3,0,0,0,0,,Shantall
DSCN2699,165,6,Playa Blanca,,arana,,,3,2023,mar-24,362.810,2,0,1,0,0,,Shantall
DSCN2700,165,5,Playa Blanca,,arana,,,3,2023,mar-24,453.080,4,0,0,0,0,,Shantall
DSCN2701,165,4,Playa Blanca,,arana,,,3,2023,mar-24,131.160,2,0,0,0,0,,Shantall
DSCN2702,165,3,Playa Blanca,,arana,,,3,2023,mar-24,105.090,3,0,1,0,0,,Shantall
DSCN2703,165,2,Playa Blanca,,arana,,,3,2023,mar-24,316.540,4,0,0,0,0,,Shantall
DSCN2704,165,7,Playa Blanca,,arana,,,3,2023,mar-24,465.080,9,0,0,0,0,,Shantall
DSCN2639,166,1,Playa Blanca,,arana,,,3,2023,mar-24,474.940,3,0,0,0,0,,Shantall
DSCN2640,166,6,Playa Blanca,,arana,,,3,2023,mar-24,404.630,4,0,0,0,0,,Shantall
DSCN2641,166,5,Playa Blanca,,arana,,,3,2023,mar-24,56.350,2,0,0,1,0,,Shantall
DSCN2642,166,4,Playa Blanca,,arana,,,3,2023,mar-24,333.360,5,0,1,0,0,,Shantall
DSCN2643,166,3,Playa Blanca,,arana,,,3,2023,mar-24,429.320,4,0,1,0,0,,Shantall
DSCN2644,166,2,Playa Blanca,,arana,,,3,2023,mar-24,109.650,2,0,0,0,0,,Shantall
DSCN2645,166,7,Playa Blanca,,arana,,,3,2023,mar-24,453.560,6,0,0,0,0,,Shantall
DSCN2596,103,0,Playa Blanca,,arana,,,3,2023,mar-24,NA,NA,NA,NA,NA,NA,foto de etiqueta,David
DSCN2597,103,1,Playa Blanca,,arana,,,3,2023,mar-24,"1,077.880",6,0,0,0,0,,David
DSCN2598,103,2,Playa Blanca,,arana,,,3,2023,mar-24,273.237,2,0,0,1,0,,David
DSCN2599,103,3,Playa Blanca,,arana,,,3,2023,mar-24,863.734,6,0,0,0,0,,David
DSCN2600,103,4,Playa Blanca,,arana,,,3,2023,mar-24,191.121,1,0,0,1,0,,David
DSCN2601,103,5,Playa Blanca,,arana,,,3,2023,mar-24,261.852,3,0,0,1,0,,David
DSCN2602,103,6,Playa Blanca,,arana,,,3,2023,mar-24,453.492,4,0,0,0,0,,David
DSCN2604,103,7,Playa Blanca,,arana,,,3,2023,mar-24,"1,504.780",11,0,0,0,0,,David
DSCN2564,18,0,Playa Blanca,,arana,,,3,2023,mar-24,NA,NA,NA,NA,NA,NA,foto de etiqueta,David
DSCN2565,18,1,Playa Blanca,,arana,,,3,2023,mar-24,670.441,6,0,0,0,0,,David
DSCN2566,18,2,Playa Blanca,,arana,,,3,2023,mar-24,787.741,5,0,0,0,0,,David
DSCN2567,18,3,Playa Blanca,,arana,,,3,2023,mar-24,829.195,7,0,0,0,0,,David
DSCN2568,18,4,Playa Blanca,,arana,,,3,2023,mar-24,691.478,7,0,0,0,0,mala visibilidad,David
DSCN2569,18,5,Playa Blanca,,arana,,,3,2023,mar-24,681.291,8,0,0,0,0,mala visibilidad,David
DSCN2570,18,6,Playa Blanca,,arana,,,3,2023,mar-24,"1,106.890",10,0,0,0,0,,David
DSCN2571,18,7,Playa Blanca,,arana,,,3,2023,mar-24,"2,400.860",15,0,0,0,0,,David
DSCN2550,104,0,Playa Blanca,,arana,,,3,2023,mar-24,NA,NA,NA,NA,NA,NA,foto de etiqueta,David
DSCN2556,104,1,Playa Blanca,,arana,,,3,2023,mar-24,NA,NA,NA,NA,NA,NA,foto de etiqueta repetida,David
DSCN2557,104,2,Playa Blanca,,arana,,,3,2023,mar-24,811.151,6,0,1,0,0,,David
DSCN2558,104,3,Playa Blanca,,arana,,,3,2023,mar-24,336.110,3,0,0,0,0,,David
DSCN2559,104,4,Playa Blanca,,arana,,,3,2023,mar-24,943.405,6,0,0,0,0,,David
DSCN2560,104,5,Playa Blanca,,arana,,,3,2023,mar-24,474.946,4,0,0,0,0,,David
DSCN2561,104,6,Playa Blanca,,arana,,,3,2023,mar-24,354.587,6,0,4,0,0,,David
DSCN2562,104,7,Playa Blanca,,arana,,,3,2023,mar-24,407.812,4,0,0,0,0,,David
DSCN2563,104,8,Playa Blanca,,arana,,,3,2023,mar-24,"2,068.960",14,0,0,0,0,,David
DSCN2516,173,0,Playa Blanca,,arana,,,3,2023,mar-24,NA,NA,NA,NA,NA,NA,foto de etiqueta,David
DSCN2517,173,1,Playa Blanca,,arana,,,3,2023,mar-24,567.051,6,0,0,0,0,,David
DSCN2518,173,2,Playa Blanca,,arana,,,3,2023,mar-24,339.283,3,0,0,0,0,,David
DSCN2519,173,3,Playa Blanca,,arana,,,3,2023,mar-24,704.447,8,0,0,0,0,,David
DSCN2520,173,4,Playa Blanca,,arana,,,3,2023,mar-24,630.035,5,0,0,0,0,,David
DSCN2521,173,5,Playa Blanca,,arana,,,3,2023,mar-24,589.643,6,0,0,0,0,,David
DSCN2522,173,6,Playa Blanca,,arana,,,3,2023,mar-24,"1,015.360",8,0,0,0,0,,David
DSCN2523,173,7,Playa Blanca,,arana,,,3,2023,mar-24,"1,903.930",17,0,0,0,0,,David
DSCN2524,109,0,Playa Blanca,,arana,,,3,2023,mar-24,NA,NA,NA,NA,NA,NA,foto de etiqueta,David
DSCN2525,109,1,Playa Blanca,,arana,,,3,2023,mar-24,313.000,4,0,0,1,0,,David
DSCN2526,109,2,Playa Blanca,,arana,,,3,2023,mar-24,109.817,1,0,0,0,0,,David
DSCN2527,109,3,Playa Blanca,,arana,,,3,2023,mar-24,490.772,3,0,0,0,0,,David
DSCN2528,109,4,Playa Blanca,,arana,,,3,2023,mar-24,881.121,6,0,0,0,0,,David
DSCN2529,109,5,Playa Blanca,,arana,,,3,2023,mar-24,596.400,5,0,0,0,0,,David
DSCN2530,109,6,Playa Blanca,,arana,,,3,2023,mar-24,853.584,6,0,0,0,0,,David
DSCN2531,109,7,Playa Blanca,,arana,,,3,2023,mar-24,"2,152.850",18,0,0,0,0,,David
DSCN2540,20,0,Playa Blanca,,arana,,,3,2023,mar-24,NA,NA,NA,NA,NA,NA,foto de etiqueta,David
DSCN2541,20,1,Playa Blanca,,arana,,,3,2023,mar-24,645.447,6,0,0,0,0,,David
DSCN2542,20,2,Playa Blanca,,arana,,,3,2023,mar-24,349.119,3,0,0,0,0,,David
DSCN2543,20,3,Playa Blanca,,arana,,,3,2023,mar-24,602.615,5,0,0,0,0,,David
DSCN2544,20,4,Playa Blanca,,arana,,,3,2023,mar-24,702.404,5,0,3,0,0,,David
DSCN2545,20,5,Playa Blanca,,arana,,,3,2023,mar-24,734.309,6,0,0,0,0,,David
DSCN2546,20,6,Playa Blanca,,arana,,,3,2023,mar-24,"1,071.040",6,0,0,0,0,,David
DSCN2549,20,7,Playa Blanca,,arana,,,3,2023,mar-24,"1,768.670",13,0,0,0,0,,David
DSCN5586,11,0,Playa Blanca,,arana,,,6,2023,jun-24,NA,NA,NA,NA,NA,NA,ETIQUETA,Patricia
DSCN5587,11,1,Playa Blanca,,arana,,,6,2023,jun-24,0.000,0,0,0,0,0,la tira de plastico no esta o no se ve?,Patricia
DSCN5588,11,2,Playa Blanca,,arana,,,6,2023,jun-24,429.351,2,0,1,1,0,fotos tomadas de un angulo diferente al de las anteriores,Patricia
DSCN5589,11,3,Playa Blanca,,arana,,,6,2023,jun-24,616.480,3,0,3,0,0,,Patricia
DSCN5590,11,4,Playa Blanca,,arana,,,6,2023,jun-24,477.518,2,0,1,1,0,,Patricia
DSCN5592,11,5,Playa Blanca,,arana,,,6,2023,jun-24,691.473,5,0,2,0,0,,Patricia
DSCN5593,11,6,Playa Blanca,,arana,,,6,2023,jun-24,712.051,5,0,2,0,0,,Patricia
DSCN5594,11,7,Playa Blanca,,arana,,,6,2023,jun-24,"1,358.010",6,0,1,0,0,,Patricia
DSCN5578,14,0,Playa Blanca,,arana,,,6,2023,jun-24,NA,NA,NA,NA,NA,NA,ETIQUETA,Patricia
DSCN5579,14,1,Playa Blanca,,arana,,,6,2023,jun-24,291.732,2,0,1,2,0,angulo de las fotos de junio tomadas diferente al resto de meses. posible afectacion area un poquito mas grande en junio 2023?,Patricia
DSCN5580,14,2,Playa Blanca,,arana,,,6,2023,jun-24,382.112,2,0,1,0,0,,Patricia
DSCN5581,14,3,Playa Blanca,,arana,,,6,2023,jun-24,909.787,5,0,2,0,0,,Patricia
DSCN5582,14,4,Playa Blanca,,arana,,,6,2023,jun-24,894.772,4,0,3,0,0,,Patricia
DSCN5583,14,5,Playa Blanca,,arana,,,6,2023,jun-24,353.935,2,0,1,1,0,,Patricia
DSCN5584,14,6,Playa Blanca,,arana,,,6,2023,jun-24,93.464,1,0,1,0,0,,Patricia
DSCN5585,14,7,Playa Blanca,,arana,,,6,2023,jun-24,"1,623.010",8,0,0,0,0,"las barras ya casi no se ven, dificil de medir",Patricia
DSCN5544,90,0,Playa Blanca,,arana,,,6,2023,jun-24,NA,NA,NA,NA,NA,NA,ETIQUETA,Patricia
DSCN5545,90,1,Playa Blanca,,arana,,,6,2023,jun-24,"3,281.610",7,0,4,0,0,,Patricia
DSCN5546,90,2,Playa Blanca,,arana,,,6,2023,jun-24,"1,258.860",3,0,2,0,0,,Patricia
DSCN5547,90,3,Playa Blanca,,arana,,,6,2023,jun-24,"1,856.440",3,0,1,0,0,,Patricia
DSCN5548,90,4,Playa Blanca,,arana,,,6,2023,jun-24,0.000,0,0,0,1,0,,Patricia
DSCN5549,90,5,Playa Blanca,,arana,,,6,2023,jun-24,"2,743.630",4,0,1,1,0,,Patricia
DSCN5550,90,6,Playa Blanca,,arana,,,6,2023,jun-24,"2,734.900",5,0,2,0,1,,Patricia
DSCN5551,90,7,Playa Blanca,,arana,,,6,2023,jun-24,"2,712.160",7,0,0,1,0,,Patricia
DSCN5535,101,0,Playa Blanca,,arana,,,6,2023,jun-24,NA,NA,NA,NA,NA,NA,ETIQUETA,Patricia
DSCN5536,101,1,Playa Blanca,,arana,,,6,2023,jun-24,"1,261.360",3,0,2,1,0,,Patricia
DSCN5537,101,2,Playa Blanca,,arana,,,6,2023,jun-24,"2,881.090",4,0,2,0,0,,Patricia
DSCN5538,101,3,Playa Blanca,,arana,,,6,2023,jun-24,"1,366.340",2,0,2,2,0,,Patricia
DSCN5539,101,4,Playa Blanca,,arana,,,6,2023,jun-24,"2,128.520",4,0,2,0,0,,Patricia
DSCN5540,101,5,Playa Blanca,,arana,,,6,2023,jun-24,"1,624.600",3,0,3,0,0,,Patricia
DSCN554-,101,6,Playa Blanca,,arana,,,6,2023,jun-24,NA,NA,NA,NA,NA,NA,No hay imagen,Patricia
DSCN5543,101,7,Playa Blanca,,arana,,,6,2023,jun-24,"4,908.400",8,0,1,0,0,,Patricia
DSCN5629,107,0,Playa Blanca,,arana,,,6,2023,jun-24,NA,NA,NA,NA,NA,NA,ETIQUETA,Patricia
DSCN5630,107,1,Playa Blanca,,arana,,,6,2023,jun-24,"2,851.890",5,0,0,0,0,,Patricia
DSCN5631,107,2,Playa Blanca,,arana,,,6,2023,jun-24,"2,416.960",6,0,2,0,0,,Patricia
DSCN5632,107,3,Playa Blanca,,arana,,,6,2023,jun-24,"1,510.560",6,0,4,0,0,,Patricia
DSCN5633,107,4,Playa Blanca,,arana,,,6,2023,jun-24,"2,418.470",6,0,0,1,0,,Patricia
DSCN5634,107,5,Playa Blanca,,arana,,,6,2023,jun-24,"1,895.330",3,0,2,1,0,,Patricia
DSCN5635,107,6,Playa Blanca,,arana,,,6,2023,jun-24,"1,735.540",3,0,0,0,0,,Patricia
DSCN5636,107,7,Playa Blanca,,arana,,,6,2023,jun-24,"6,154.880",12,0,0,0,0,muchisimo casi ni se ven las barras ificil de medir,Patricia
DSCN8722,11,0,Playa Blanca,,arana,,,7,2023,jul-24,NA,NA,NA,NA,NA,NA,ETIQUETA,Patricia
DSCN8723,11,1,Playa Blanca,,arana,,,7,2023,jul-24,0.000,0,0,0,1,0,,Patricia
DSCN8724,11,2,Playa Blanca,,arana,,,7,2023,jul-24,392.881,2,0,1,1,0,,Patricia
DSCN8725,11,3,Playa Blanca,,arana,,,7,2023,jul-24,497.194,3,0,3,0,0,,Patricia
DSCN8726,11,4,Playa Blanca,,arana,,,7,2023,jul-24,472.767,2,0,1,1,0,,Patricia
DSCN8727,11,5,Playa Blanca,,arana,,,7,2023,jul-24,612.218,5,0,2,0,0,pez en el coral de arriba,Patricia
DSCN8728,11,6,Playa Blanca,,arana,,,7,2023,jul-24,661.805,5,0,3,0,0,,Patricia
DSCN8729,11,7,Playa Blanca,,arana,,,7,2023,jul-24,"1,355.180",6,0,0,0,0,,Patricia
DSCN8664,14,0,Playa Blanca,,arana,,,7,2023,jul-24,NA,NA,NA,NA,NA,NA,ETIQUETA,Patricia
DSCN8665,14,1,Playa Blanca,,arana,,,7,2023,jul-24,303.751,2,0,1,2,0,,Patricia
DSCN8666,14,2,Playa Blanca,,arana,,,7,2023,jul-24,286.007,2,0,1,1,0,,Patricia
DSCN8667,14,3,Playa Blanca,,arana,,,7,2023,jul-24,833.571,5,0,1,0,0,,Patricia
DSCN8668,14,4,Playa Blanca,,arana,,,7,2023,jul-24,797.259,4,0,2,0,0,,Patricia
DSCN8669,14,5,Playa Blanca,,arana,,,7,2023,jul-24,133.179,2,0,1,2,0,mucha mortalidad parcial en el coral,Patricia
DSCN8670,14,6,Playa Blanca,,arana,,,7,2023,jul-24,71.974,1,0,1,0,0,,Patricia
DSCN8671,14,7,Playa Blanca,,arana,,,7,2023,jul-24,"1,603.830",8,0,0,0,0,,Patricia
DSCN3651,163,1,Playa Blanca,,arana,,,4,2023,abr-24,335.230,4,0,0,1,0,,Shantall
DSCN3656,163,2,Playa Blanca,,arana,,,4,2023,abr-24,189.840,3,0,1,0,0,,Shantall
DSCN3655,163,3,Playa Blanca,,arana,,,4,2023,abr-24,98.830,2,0,1,0,0,,Shantall
DSCN3654,163,4,Playa Blanca,,arana,,,4,2023,abr-24,123.530,4,0,0,0,0,1 no se ve entero,Shantall
DSCN3653,163,5,Playa Blanca,,arana,,,4,2023,abr-24,155.860,3,0,0,0,0,,Shantall
DSCN3652,163,6,Playa Blanca,,arana,,,4,2023,abr-24,71.210,3,0,1,0,0,,Shantall
DSCN3657,163,7,Playa Blanca,,arana,,,4,2023,abr-24,571.230,7,0,0,0,0,,Shantall
DSCN3591,164,1,Playa Blanca,,arana,,,4,2023,abr-24,405.315,6,0,0,0,0,,Shantall
DSCN3596,164,2,Playa Blanca,,arana,,,4,2023,abr-24,184.320,3,0,0,0,0,,Shantall
DSCN3595,164,3,Playa Blanca,,arana,,,4,2023,abr-24,113.580,2,0,0,0,0,,Shantall
DSCN3594,164,4,Playa Blanca,,arana,,,4,2023,abr-24,126.689,2,0,0,0,0,,Shantall
DSCN3593,164,5,Playa Blanca,,arana,,,4,2023,abr-24,173.320,3,0,1,0,0,,Shantall
DSCN3592,164,6,Playa Blanca,,arana,,,4,2023,abr-24,486.660,3,0,0,0,0,,Shantall
DSCN3597,164,7,Playa Blanca,,arana,,,4,2023,abr-24,402.830,6,0,0,0,0,,Shantall
DSCN3715,165,1,Playa Blanca,,arana,,,4,2023,abr-24,197.192,3,0,1,0,0,,Shantall
DSCN3720,165,2,Playa Blanca,,arana,,,4,2023,abr-24,108.470,2,0,0,2,0,,Shantall
DSCN3719,165,3,Playa Blanca,,arana,,,4,2023,abr-24,3.450,1,0,1,2,0,,Shantall
DSCN3718,165,4,Playa Blanca,,arana,,,4,2023,abr-24,121.506,1,0,0,1,0,,Shantall
DSCN3717,165,5,Playa Blanca,,arana,,,4,2023,abr-24,456.270,4,0,0,0,0,,Shantall
DSCN3716,165,6,Playa Blanca,,arana,,,4,2023,abr-24,363.010,2,0,0,0,0,,Shantall
DSCN3721,165,7,Playa Blanca,,arana,,,4,2023,abr-24,429.390,9,0,0,0,1,,Shantall
DSCN3659,166,1,Playa Blanca,,arana,,,4,2023,abr-24,483.110,3,0,0,0,0,,Shantall
DSCN3664,166,2,Playa Blanca,,arana,,,4,2023,abr-24,113.630,2,0,0,0,0,,Shantall
DSCN3663,166,3,Playa Blanca,,arana,,,4,2023,abr-24,407.590,3,0,0,1,0,,Shantall
DSCN3662,166,4,Playa Blanca,,arana,,,4,2023,abr-24,358.795,5,0,0,0,0,,Shantall
DSCN3661,166,5,Playa Blanca,,arana,,,4,2023,abr-24,69.390,2,0,0,0,0,,Shantall
DSCN3660,166,6,Playa Blanca,,arana,,,4,2023,abr-24,406.207,4,0,0,0,0,,Shantall
DSCN3665,166,7,Playa Blanca,,arana,,,4,2023,abr-24,438.410,5,0,0,1,0,,Shantall
DSCN3614,103,0,Playa Blanca,,arana,,,4,2023,abr-24,NA,NA,NA,NA,NA,NA,foto de etiqueta,David
DSCN3615,103,1,Playa Blanca,,arana,,,4,2023,abr-24,973.085,6,0,0,0,0,,David
DSCN3616,103,2,Playa Blanca,,arana,,,4,2023,abr-24,420.016,4,0,0,1,0,,David
DSCN3617,103,3,Playa Blanca,,arana,,,4,2023,abr-24,753.732,5,0,0,0,0,,David
DSCN3618,103,4,Playa Blanca,,arana,,,4,2023,abr-24,307.756,2,0,0,0,0,,David
DSCN3619,103,5,Playa Blanca,,arana,,,4,2023,abr-24,318.042,4,0,0,1,0,,David
DSCN3620,103,6,Playa Blanca,,arana,,,4,2023,abr-24,652.598,5,0,0,0,0,,David
DSCN3621,103,7,Playa Blanca,,arana,,,4,2023,abr-24,"1,213.780",10,0,0,0,0,,David
DSCN3582,18,0,Playa Blanca,,arana,,,4,2023,abr-24,NA,NA,NA,NA,NA,NA,foto de etiqueta,David
DSCN3583,18,1,Playa Blanca,,arana,,,4,2023,abr-24,811.719,7,0,1,0,0,,David
DSCN3584,18,2,Playa Blanca,,arana,,,4,2023,abr-24,760.424,8,0,0,0,0,,David
DSCN3585,18,3,Playa Blanca,,arana,,,4,2023,abr-24,822.778,7,0,0,0,0,,David
DSCN3586,18,4,Playa Blanca,,arana,,,4,2023,abr-24,746.070,6,0,0,0,0,,David
DSCN3587,18,5,Playa Blanca,,arana,,,4,2023,abr-24,"1,349.890",12,0,0,0,0,,David
DSCN3588,18,6,Playa Blanca,,arana,,,4,2023,abr-24,779.249,7,0,0,0,0,,David
DSCN3589,18,7,Playa Blanca,,arana,,,4,2023,abr-24,"1,858.620",15,0,0,0,0,,David
DSCN3574,104,0,Playa Blanca,,arana,,,4,2023,abr-24,NA,NA,NA,NA,NA,NA,foto de etiqueta,David
DSCN3575,104,1,Playa Blanca,,arana,,,4,2023,abr-24,"1,020.180",6,0,1,0,0,,David
DSCN3576,104,2,Playa Blanca,,arana,,,4,2023,abr-24,370.175,3,0,0,0,0,,David
DSCN3577,104,3,Playa Blanca,,arana,,,4,2023,abr-24,"1,029.700",6,0,0,0,0,,David
DSCN3578,104,4,Playa Blanca,,arana,,,4,2023,abr-24,545.978,4,0,0,1,0,,David
DSCN3579,104,5,Playa Blanca,,arana,,,4,2023,abr-24,304.808,5,0,3,0,0,,David
DSCN3580,104,6,Playa Blanca,,arana,,,4,2023,abr-24,365.244,4,0,0,0,0,,David
DSCN3581,104,7,Playa Blanca,,arana,,,4,2023,abr-24,"2,023.860",17,0,0,0,0,,David
DSCN3540,173,0,Playa Blanca,,arana,,,4,2023,abr-24,NA,NA,NA,NA,NA,NA,foto de etiqueta,David
DSCN3541,173,1,Playa Blanca,,arana,,,4,2023,abr-24,687.083,6,0,0,0,0,,David
DSCN3542,173,2,Playa Blanca,,arana,,,4,2023,abr-24,463.994,4,0,0,1,0,,David
DSCN3543,173,3,Playa Blanca,,arana,,,4,2023,abr-24,730.842,6,0,0,0,0,,David
DSCN3544,173,4,Playa Blanca,,arana,,,4,2023,abr-24,645.592,5,0,0,0,0,,David
DSCN3545,173,5,Playa Blanca,,arana,,,4,2023,abr-24,643.737,6,0,0,0,0,,David
DSCN3546,173,6,Playa Blanca,,arana,,,4,2023,abr-24,989.030,6,0,0,0,0,,David
DSCN3547,173,7,Playa Blanca,,arana,,,4,2023,abr-24,"2,340.240",18,0,0,0,0,,David
DSCN3548,109,0,Playa Blanca,,arana,,,4,2023,abr-24,NA,NA,NA,NA,NA,NA,foto de etiqueta,David
DSCN3549,109,1,Playa Blanca,,arana,,,4,2023,abr-24,335.239,4,0,0,0,0,,David
DSCN3550,109,2,Playa Blanca,,arana,,,4,2023,abr-24,143.378,3,0,0,1,0,,David
DSCN3551,109,3,Playa Blanca,,arana,,,4,2023,abr-24,493.128,3,0,0,0,0,,David
DSCN3552,109,4,Playa Blanca,,arana,,,4,2023,abr-24,932.144,7,0,0,0,0,,David
DSCN3553,109,5,Playa Blanca,,arana,,,4,2023,abr-24,656.051,5,0,0,0,0,,David
DSCN3554,109,6,Playa Blanca,,arana,,,4,2023,abr-24,958.219,6,0,0,0,0,,David
DSCN3555,109,7,Playa Blanca,,arana,,,4,2023,abr-24,"2,236.030",29,0,0,0,0,,David
DSCN3556,109,8,Playa Blanca,,arana,,,4,2023,abr-24,NA,NA,NA,NA,NA,NA,foto repetida,David
DSCN3565,20,0,Playa Blanca,,arana,,,4,2023,abr-24,NA,NA,NA,NA,NA,NA,foto de etiqueta,David
DSCN3566,20,1,Playa Blanca,,arana,,,4,2023,abr-24,732.398,6,0,0,0,0,,David
DSCN3567,20,2,Playa Blanca,,arana,,,4,2023,abr-24,470.749,5,0,0,0,0,,David
DSCN3568,20,3,Playa Blanca,,arana,,,4,2023,abr-24,633.832,5,0,0,0,0,,David
DSCN3569,20,4,Playa Blanca,,arana,,,4,2023,abr-24,588.335,4,0,0,0,0,,David
DSCN3570,20,5,Playa Blanca,,arana,,,4,2023,abr-24,849.209,7,0,0,0,0,,David
DSCN3571,20,6,Playa Blanca,,arana,,,4,2023,abr-24,823.706,5,0,0,0,0,,David
DSCN3572,20,7,Playa Blanca,,arana,,,4,2023,abr-24,"1,683.350",14,0,0,0,0,,David
DSCN4421,84,1,Playa Blanca,,arana,,,5,2023,may-24,554.577,2,0,0,0,0,,Tania
DSCN4422,84,2,Playa Blanca,,arana,,,5,2023,may-24,737.806,4,0,0,0,0,,Tania
DSCN4423,84,3,Playa Blanca,,arana,,,5,2023,may-24,289.732,2,0,1,1,0,,Tania
DSCN4424,84,4,Playa Blanca,,arana,,,5,2023,may-24,345.581,2,1,0,0,0,,Tania
DSCN4425,84,5,Playa Blanca,,arana,,,5,2023,may-24,424.723,3,0,0,0,0,,Tania
DSCN4426,84,6,Playa Blanca,,arana,,,5,2023,may-24,94.491,1,0,0,0,0,,Tania
DSCN4427,84,7,Playa Blanca,,arana,,,5,2023,may-24,"1,416.300",6,0,0,0,0,,Tania
DSCN5621,84,1,Playa Blanca,,arana,,,6,2023,jun-24,467.404,5,0,0,0,0,"Hay un fragmento muy grande, yo diria que son 4 colonias pero no estoy segura",Tania
DSCN5622,84,2,Playa Blanca,,arana,,,6,2023,jun-24,644.230,4,0,0,0,0,,Tania
DSCN5623,84,3,Playa Blanca,,arana,,,6,2023,jun-24,473.162,2,1,0,0,0,,Tania
DSCN5624,84,4,Playa Blanca,,arana,,,6,2023,jun-24,445.310,2,0,0,3,0,,Tania
DSCN5625,84,5,Playa Blanca,,arana,,,6,2023,jun-24,918.985,5,0,0,0,0,,Tania
DSCN5626,84,6,Playa Blanca,,arana,,,6,2023,jun-24,310.668,1,0,0,0,0,,Tania
DSCN5627,84,7,Playa Blanca,,arana,,,6,2023,jun-24,"1,418.150",6,0,0,0,0,"Revisar la cantidad de fragmentos, se me hizo un poco complicado sacarlos, necesita una segunda opinión",Tania
DSCN8649,84,1,Playa Blanca,,arana,,,7,2023,jul-24,731.812,3,0,0,0,0,,Tania
DSCN8650,84,2,Playa Blanca,,arana,,,7,2023,jul-24,800.434,4,0,0,0,0,,Tania
DSCN8651,84,3,Playa Blanca,,arana,,,7,2023,jul-24,322.646,3,0,1,0,0,,Tania
DSCN8652,84,4,Playa Blanca,,arana,,,7,2023,jul-24,378.729,2,0,0,2,0,,Tania
DSCN8653,84,5,Playa Blanca,,arana,,,7,2023,jul-24,522.440,3,0,0,0,0,,Tania
DSCN8654,84,6,Playa Blanca,,arana,,,7,2023,jul-24,84.882,1,0,0,0,0,,Tania
DSCN8655,84,7,Playa Blanca,,arana,,,7,2023,jul-24,"1,724.560",7,0,0,0,0,"Revisar esa cantidad de fragmentos, no estoy segura de cuantas son",Tania
DSCN9670,84,1,Playa Blanca,,arana,,,8,2023,ago-24,547.835,6,0,0,0,0,,Tania
DSCN9671,84,2,Playa Blanca,,arana,,,8,2023,ago-24,714.815,6,0,1,0,1,,Tania
DSCN9672,84,3,Playa Blanca,,arana,,,8,2023,ago-24,434.046,5,0,1,0,0,,Tania
DSCN9673,84,4,Playa Blanca,,arana,,,8,2023,ago-24,610.862,4,1,0,2,0,,Tania
DSCN9674,84,5,Playa Blanca,,arana,,,8,2023,ago-24,435.721,5,0,0,0,0,,Tania
DSCN9675,84,6,Playa Blanca,,arana,,,8,2023,ago-24,245.152,5,0,0,0,0,,Tania
DSCN9676,84,7,Playa Blanca,,arana,,,8,2023,ago-24,"2,839.480",7,0,0,0,0,"Revisar esa cantidad de fragmentos, no estoy segura de cuantas son",Tania
DSCN4428,103,0,Playa Blanca,,arana,,,5,2023,may-24,NA,NA,NA,NA,NA,NA,foto de etiqueta,David
DSCN4429,103,1,Playa Blanca,,arana,,,5,2023,may-24,998.573,6,0,0,0,0,,David
DSCN4430,103,2,Playa Blanca,,arana,,,5,2023,may-24,267.619,2,0,0,0,0,,David
DSCN4431,103,3,Playa Blanca,,arana,,,5,2023,may-24,943.328,6,0,0,0,0,,David
DSCN4432,103,4,Playa Blanca,,arana,,,5,2023,may-24,200.249,1,0,0,1,0,,David
DSCN4433,103,5,Playa Blanca,,arana,,,5,2023,may-24,361.639,4,0,0,1,0,,David
DSCN4434,103,6,Playa Blanca,,arana,,,5,2023,may-24,568.123,4,0,0,0,0,,David
DSCN4435,103,7,Playa Blanca,,arana,,,5,2023,may-24,"1,305.310",11,0,0,0,0,,David
DSCN4395,18,0,Playa Blanca,,arana,,,5,2023,may-24,NA,NA,NA,NA,NA,NA,foto de etiqueta,David
DSCN4396,18,1,Playa Blanca,,arana,,,5,2023,may-24,818.171,6,0,1,0,0,,David
DSCN4397,18,2,Playa Blanca,,arana,,,5,2023,may-24,983.249,9,0,0,0,0,,David
DSCN4398,18,3,Playa Blanca,,arana,,,5,2023,may-24,"1,030.550",9,0,0,0,0,,David
DSCN4399,18,4,Playa Blanca,,arana,,,5,2023,may-24,840.037,7,0,0,0,0,,David
DSCN4400,18,5,Playa Blanca,,arana,,,5,2023,may-24,"1,267.780",10,0,0,0,0,,David
DSCN4401,18,6,Playa Blanca,,arana,,,5,2023,may-24,881.236,7,0,0,0,0,,David
DSCN4402,18,7,Playa Blanca,,arana,,,5,2023,may-24,"2,101.390",13,0,0,0,0,,David
DSCN4387,104,0,Playa Blanca,,arana,,,5,2023,may-24,NA,NA,NA,NA,NA,NA,foto de etiqueta,David
DSCN4388,104,1,Playa Blanca,,arana,,,5,2023,may-24,"1,171.600",6,0,0,0,0,,David
DSCN4389,104,2,Playa Blanca,,arana,,,5,2023,may-24,401.969,4,0,0,0,0,,David
DSCN4390,104,3,Playa Blanca,,arana,,,5,2023,may-24,986.477,6,0,0,0,0,,David
DSCN4391,104,4,Playa Blanca,,arana,,,5,2023,may-24,532.072,4,0,0,0,0,,David
DSCN4392,104,5,Playa Blanca,,arana,,,5,2023,may-24,331.595,6,0,4,0,0,,David
DSCN4393,104,6,Playa Blanca,,arana,,,5,2023,may-24,406.090,4,0,0,0,0,,David
DSCN4394,104,7,Playa Blanca,,arana,,,5,2023,may-24,"1,875.910",18,0,0,0,0,,David
DSCN4355,173,0,Playa Blanca,,arana,,,5,2023,may-24,NA,NA,NA,NA,NA,NA,foto de etiqueta,David
DSCN4356,173,1,Playa Blanca,,arana,,,5,2023,may-24,687.742,6,0,0,0,0,,David
DSCN4357,173,2,Playa Blanca,,arana,,,5,2023,may-24,330.108,3,0,0,0,0,,David
DSCN4358,173,3,Playa Blanca,,arana,,,5,2023,may-24,808.632,6,0,0,0,0,,David
DSCN4359,173,4,Playa Blanca,,arana,,,5,2023,may-24,645.195,5,0,0,0,0,,David
DSCN4360,173,5,Playa Blanca,,arana,,,5,2023,may-24,716.794,6,0,0,0,0,,David
DSCN4361,173,6,Playa Blanca,,arana,,,5,2023,may-24,928.145,5,0,0,0,0,,David
DSCN4362,173,7,Playa Blanca,,arana,,,5,2023,may-24,"2,508.920",17,0,0,0,0,,David
DSCN4363,109,0,Playa Blanca,,arana,,,5,2023,may-24,NA,NA,NA,NA,NA,NA,foto de etiqueta,David
DSCN4364,109,1,Playa Blanca,,arana,,,5,2023,may-24,375.029,3,0,0,0,0,,David
DSCN4365,109,2,Playa Blanca,,arana,,,5,2023,may-24,66.587,2,0,0,1,0,,David
DSCN4366,109,3,Playa Blanca,,arana,,,5,2023,may-24,577.310,3,0,0,0,0,,David
DSCN4367,109,4,Playa Blanca,,arana,,,5,2023,may-24,"1,034.600",6,0,0,0,0,,David
DSCN4368,109,5,Playa Blanca,,arana,,,5,2023,may-24,624.751,4,0,0,0,0,,David
DSCN4369,109,6,Playa Blanca,,arana,,,5,2023,may-24,"1,048.670",6,0,0,0,0,,David
DSCN4370,109,7,Playa Blanca,,arana,,,5,2023,may-24,"2,075.060",16,0,0,0,0,,David
DSCN4379,20,0,Playa Blanca,,arana,,,5,2023,may-24,NA,NA,NA,NA,NA,NA,foto de etiqueta,David
DSCN4380,20,1,Playa Blanca,,arana,,,5,2023,may-24,510.590,6,0,0,0,0,,David
DSCN4381,20,2,Playa Blanca,,arana,,,5,2023,may-24,331.873,3,0,0,0,0,,David
DSCN4382,20,3,Playa Blanca,,arana,,,5,2023,may-24,654.053,6,0,0,0,0,,David
DSCN4383,20,4,Playa Blanca,,arana,,,5,2023,may-24,646.742,5,0,0,0,0,,David
DSCN4384,20,5,Playa Blanca,,arana,,,5,2023,may-24,905.919,6,0,0,0,0,,David
DSCN4385,20,6,Playa Blanca,,arana,,,5,2023,may-24,"1,021.140",5,0,0,0,0,,David
DSCN4386,20,7,Playa Blanca,,arana,,,5,2023,may-24,"2,105.650",13,0,0,0,0,,David
DSCN4461,163,1,Playa Blanca,,arana,,,5,2023,may-24,353.820,5,0,0,0,0,,Shantall
DSCN4462,163,6,Playa Blanca,,arana,,,5,2023,may-24,71.960,2,0,1,0,0,,Shantall
DSCN4463,163,5,Playa Blanca,,arana,,,5,2023,may-24,173.280,3,0,0,0,0,,Shantall
DSCN4464,163,4,Playa Blanca,,arana,,,5,2023,may-24,144.310,4,0,0,0,0,,Shantall
DSCN4465,163,3,Playa Blanca,,arana,,,5,2023,may-24,127.120,2,0,0,0,0,,Shantall
DSCN4466,163,2,Playa Blanca,,arana,,,5,2023,may-24,196.170,3,0,0,0,0,,Shantall
DSCN4467,163,7,Playa Blanca,,arana,,,5,2023,may-24,412.515,5,0,0,2,0,,Shantall
DSCN4404,164,1,Playa Blanca,,arana,,,5,2023,may-24,372.791,5,0,0,1,0,,Shantall
DSCN4405,164,6,Playa Blanca,,arana,,,5,2023,may-24,538.326,3,0,0,0,0,,Shantall
DSCN4406,164,5,Playa Blanca,,arana,,,5,2023,may-24,204.600,3,0,1,0,0,,Shantall
DSCN4407,164,4,Playa Blanca,,arana,,,5,2023,may-24,130.889,2,0,0,0,0,,Shantall
DSCN4408,164,3,Playa Blanca,,arana,,,5,2023,may-24,120.530,2,0,0,0,0,,Shantall
DSCN4409,164,2,Playa Blanca,,arana,,,5,2023,may-24,229.600,3,0,0,0,0,,Shantall
DSCN4410,164,7,Playa Blanca,,arana,,,5,2023,may-24,464.120,6,0,0,0,0,,Shantall
DSCN4526,165,1,Playa Blanca,,arana,,,5,2023,may-24,178.120,3,0,1,0,0,,Shantall
DSCN4527,165,6,Playa Blanca,,arana,,,5,2023,may-24,396.025,2,0,0,0,0,,Shantall
DSCN4528,165,5,Playa Blanca,,arana,,,5,2023,may-24,460.740,4,0,0,0,0,,Shantall
DSCN4529,165,4,Playa Blanca,,arana,,,5,2023,may-24,122.055,1,0,0,0,0,,Shantall
DSCN4530,165,3,Playa Blanca,,arana,,,5,2023,may-24,0.000,1,1,0,0,0,,Shantall
DSCN4531,165,2,Playa Blanca,,arana,,,5,2023,may-24,411.290,4,0,0,0,0,,Shantall
DSCN4532,165,7,Playa Blanca,,arana,,,5,2023,may-24,555.810,7,0,0,0,0,,Shantall
DSCN4469,166,1,Playa Blanca,,arana,,,5,2023,may-24,456.815,3,0,0,1,0,,Shantall
DSCN4470,166,6,Playa Blanca,,arana,,,5,2023,may-24,422.223,4,0,0,0,0,,Shantall
DSCN4471,166,5,Playa Blanca,,arana,,,5,2023,may-24,73.266,2,0,0,0,0,,Shantall
DSCN4472,166,4,Playa Blanca,,arana,,,5,2023,may-24,377.089,5,0,0,0,0,,Shantall
DSCN4473,166,3,Playa Blanca,,arana,,,5,2023,may-24,435.617,5,0,0,0,0,,Shantall
DSCN4474,166,2,Playa Blanca,,arana,,,5,2023,may-24,137.119,2,0,0,0,0,,Shantall
DSCN4475,166,7,Playa Blanca,,arana,,,5,2023,may-24,523.660,6,0,0,0,0,,Shantall
DSCN5502,163,1,Playa Blanca,,arana,,,6,2023,jun-24,429.127,5,0,0,0,0,,Shantall
DSCN5503,163,6,Playa Blanca,,arana,,,6,2023,jun-24,31.220,2,0,2,0,0,,Shantall
DSCN5504,163,5,Playa Blanca,,arana,,,6,2023,jun-24,206.662,3,0,0,0,0,,Shantall
DSCN5505,163,4,Playa Blanca,,arana,,,6,2023,jun-24,NA,4,0,0,0,0,la foto sale cortada no se puede poner la escala,Shantall
DSCN5506,163,3,Playa Blanca,,arana,,,6,2023,jun-24,135.514,2,0,1,0,0,,Shantall
DSCN5507,163,2,Playa Blanca,,arana,,,6,2023,jun-24,243.229,3,0,0,0,0,,Shantall
DSCN5508,163,7,Playa Blanca,,arana,,,6,2023,jun-24,469.912,5,0,0,0,2,,Shantall
DSCN5485,164,1,Playa Blanca,,arana,,,6,2023,jun-24,471.970,5,0,1,0,0,,Shantall
DSCN5486,164,6,Playa Blanca,,arana,,,6,2023,jun-24,603.628,3,0,0,0,0,,Shantall
DSCN5487,164,5,Playa Blanca,,arana,,,6,2023,jun-24,162.152,3,0,1,0,0,,Shantall
DSCN5488,164,4,Playa Blanca,,arana,,,6,2023,jun-24,145.317,2,0,0,0,0,,Shantall
DSCN5489,164,3,Playa Blanca,,arana,,,6,2023,jun-24,124.390,2,0,0,0,0,,Shantall
DSCN5490,164,2,Playa Blanca,,arana,,,6,2023,jun-24,306.290,4,0,0,0,0,,Shantall
DSCN5491,164,7,Playa Blanca,,arana,,,6,2023,jun-24,372.920,5,0,0,1,0,,Shantall
DSCN5494,165,1,Playa Blanca,,arana,,,6,2023,jun-24,215.027,3,0,0,0,0,,Shantall
DSCN5495,165,6,Playa Blanca,,arana,,,6,2023,jun-24,454.460,2,0,0,0,0,,Shantall
DSCN5496,165,5,Playa Blanca,,arana,,,6,2023,jun-24,480.916,4,0,0,0,0,,Shantall
DSCN5497,165,4,Playa Blanca,,arana,,,6,2023,jun-24,164.920,1,0,0,0,0,,Shantall
DSCN5498,165,3,Playa Blanca,,arana,,,6,2023,jun-24,86.030,2,0,0,1,1,,Shantall
DSCN5499,165,2,Playa Blanca,,arana,,,6,2023,jun-24,370.405,4,0,0,0,1,,Shantall
DSCN5500,165,7,Playa Blanca,,arana,,,6,2023,jun-24,592.097,7,0,0,0,1,hay 3 en 1,Shantall
DSCN5511,166,1,Playa Blanca,,arana,,,6,2023,jun-24,463.103,3,0,0,0,0,,Shantall
DSCN5512,166,6,Playa Blanca,,arana,,,6,2023,jun-24,463.930,4,0,0,0,1,,Shantall
DSCN5513,166,5,Playa Blanca,,arana,,,6,2023,jun-24,85.190,2,0,0,0,0,,Shantall
DSCN5514,166,4,Playa Blanca,,arana,,,6,2023,jun-24,513.840,5,0,0,0,0,,Shantall
DSCN5515,166,3,Playa Blanca,,arana,,,6,2023,jun-24,515.150,5,0,0,0,0,,Shantall
DSCN5516,166,2,Playa Blanca,,arana,,,6,2023,jun-24,147.830,2,0,0,0,0,,Shantall
DSCN5517,166,7,Playa Blanca,,arana,,,6,2023,jun-24,532.920,6,0,0,0,0,,Shantall
DSCN5570,103,0,Playa Blanca,,arana,,,6,2023,jun-24,NA,NA,NA,NA,NA,NA,foto de etiqueta,David
DSCN5571,103,1,Playa Blanca,,arana,,,6,2023,jun-24,"1,250.390",6,0,0,0,0,,David
DSCN5572,103,2,Playa Blanca,,arana,,,6,2023,jun-24,288.675,2,0,0,1,0,,David
DSCN5573,103,3,Playa Blanca,,arana,,,6,2023,jun-24,967.879,5,0,0,1,0,,David
DSCN5574,103,4,Playa Blanca,,arana,,,6,2023,jun-24,224.001,1,0,0,1,0,,David
DSCN5575,103,5,Playa Blanca,,arana,,,6,2023,jun-24,393.163,4,0,0,0,0,,David
DSCN5576,103,6,Playa Blanca,,arana,,,6,2023,jun-24,715.851,4,0,0,0,0,,David
DSCN5577,103,7,Playa Blanca,,arana,,,6,2023,jun-24,"1,695.240",11,0,0,0,0,,David
NA,18,0,Playa Blanca,,arana,,,6,2023,jun-24,NA,NA,NA,NA,NA,NA,foto de etiqueta,David
NA,18,1,Playa Blanca,,arana,,,6,2023,jun-24,NA,NA,NA,NA,NA,NA,no hay archivos,David
NA,18,2,Playa Blanca,,arana,,,6,2023,jun-24,NA,NA,NA,NA,NA,NA,no hay archivos,David
NA,18,3,Playa Blanca,,arana,,,6,2023,jun-24,NA,NA,NA,NA,NA,NA,no hay archivos,David
NA,18,4,Playa Blanca,,arana,,,6,2023,jun-24,NA,NA,NA,NA,NA,NA,no hay archivos,David
NA,18,5,Playa Blanca,,arana,,,6,2023,jun-24,NA,NA,NA,NA,NA,NA,no hay archivos,David
NA,18,6,Playa Blanca,,arana,,,6,2023,jun-24,NA,NA,NA,NA,NA,NA,no hay archivos,David
NA,18,7,Playa Blanca,,arana,,,6,2023,jun-24,NA,NA,NA,NA,NA,NA,no hay archivos,David
DSCN5467,104,0,Playa Blanca,,arana,,,6,2023,jun-24,NA,NA,NA,NA,NA,NA,foto de etiqueta,David
DSCN5468,104,1,Playa Blanca,,arana,,,6,2023,jun-24,"1,032.450",5,0,0,0,0,,David
DSCN5469,104,2,Playa Blanca,,arana,,,6,2023,jun-24,408.352,4,0,0,0,0,,David
DSCN5470,104,3,Playa Blanca,,arana,,,6,2023,jun-24,"1,226.510",8,0,0,0,0,,David
DSCN5471,104,4,Playa Blanca,,arana,,,6,2023,jun-24,626.622,4,0,0,0,0,,David
DSCN5472,104,5,Playa Blanca,,arana,,,6,2023,jun-24,353.025,6,0,2,0,0,,David
DSCN5473,104,6,Playa Blanca,,arana,,,6,2023,jun-24,403.911,3,0,0,0,0,,David
DSCN5474,104,7,Playa Blanca,,arana,,,6,2023,jun-24,"2,205.670",18,0,0,0,0,,David
DSCN5553,173,0,Playa Blanca,,arana,,,6,2023,jun-24,NA,NA,NA,NA,NA,NA,foto de etiqueta,David
DSCN5554,173,1,Playa Blanca,,arana,,,6,2023,jun-24,748.999,6,0,0,0,0,,David
DSCN5555,173,2,Playa Blanca,,arana,,,6,2023,jun-24,391.351,3,0,0,0,0,,David
DSCN5556,173,3,Playa Blanca,,arana,,,6,2023,jun-24,779.619,7,0,0,0,0,,David
DSCN5557,173,4,Playa Blanca,,arana,,,6,2023,jun-24,698.877,5,0,0,0,0,,David
DSCN5558,173,5,Playa Blanca,,arana,,,6,2023,jun-24,796.844,6,0,0,0,0,,David
DSCN5559,173,6,Playa Blanca,,arana,,,6,2023,jun-24,"1,036.750",6,0,0,0,0,,David
DSCN5561,173,7,Playa Blanca,,arana,,,6,2023,jun-24,"2,543.860",20,0,0,0,0,,David
DSCN5637,109,0,Playa Blanca,,arana,,,6,2023,jun-24,NA,NA,NA,NA,NA,NA,foto de etiqueta,David
DSCN5638,109,1,Playa Blanca,,arana,,,6,2023,jun-24,305.813,3,0,0,1,0,,David
DSCN5639,109,2,Playa Blanca,,arana,,,6,2023,jun-24,131.834,1,0,0,0,0,,David
DSCN5640,109,3,Playa Blanca,,arana,,,6,2023,jun-24,518.381,5,0,1,0,0,,David
DSCN5641,109,4,Playa Blanca,,arana,,,6,2023,jun-24,"1,177.350",6,0,0,0,0,,David
DSCN5642,109,5,Playa Blanca,,arana,,,6,2023,jun-24,773.718,4,0,0,0,0,,David
DSCN5643,109,6,Playa Blanca,,arana,,,6,2023,jun-24,"1,045.280",7,0,0,0,0,,David
DSCN5644,109,7,Playa Blanca,,arana,,,6,2023,jun-24,"2,084.660",20,0,0,0,0,,David
DSCN5562,20,0,Playa Blanca,,arana,,,6,2023,jun-24,NA,NA,NA,NA,NA,NA,foto de etiqueta,David
DSCN5563,20,1,Playa Blanca,,arana,,,6,2023,jun-24,536.173,5,0,0,0,3,,David
DSCN5564,20,2,Playa Blanca,,arana,,,6,2023,jun-24,527.949,3,0,0,0,0,,David
DSCN5565,20,3,Playa Blanca,,arana,,,6,2023,jun-24,619.240,5,0,0,0,0,,David
DSCN5566,20,4,Playa Blanca,,arana,,,6,2023,jun-24,719.036,5,0,0,1,1,,David
DSCN5567,20,5,Playa Blanca,,arana,,,6,2023,jun-24,795.073,7,0,0,0,0,,David
DSCN5568,20,6,Playa Blanca,,arana,,,6,2023,jun-24,896.643,4,0,0,0,0,,David
DSCN5569,20,7,Playa Blanca,,arana,,,6,2023,jun-24,"2,041.710",14,0,0,1,1,,David
DSCN8656,103,0,Playa Blanca,,arana,,,7,2023,jul-24,NA,NA,NA,NA,NA,NA,foto de etiqueta,David
DSCN8657,103,1,Playa Blanca,,arana,,,7,2023,jul-24,946.708,6,0,0,0,0,,David
DSCN8658,103,2,Playa Blanca,,arana,,,7,2023,jul-24,279.589,2,0,0,0,0,,David
DSCN8659,103,3,Playa Blanca,,arana,,,7,2023,jul-24,899.834,5,0,0,0,0,,David
DSCN8660,103,4,Playa Blanca,,arana,,,7,2023,jul-24,212.805,1,0,0,2,0,,David
DSCN8661,103,5,Playa Blanca,,arana,,,7,2023,jul-24,363.904,4,0,0,0,0,,David
DSCN8662,103,6,Playa Blanca,,arana,,,7,2023,jul-24,624.779,4,0,0,0,0,,David
DSCN8663,103,7,Playa Blanca,,arana,,,7,2023,jul-24,"1,361.720",10,0,0,0,0,,David
DSCN8622,18,0,Playa Blanca,,arana,,,7,2023,jul-24,NA,NA,NA,NA,NA,NA,foto de etiqueta,David
DSCN8623,18,1,Playa Blanca,,arana,,,7,2023,jul-24,888.110,7,0,0,0,0,,David
DSCN8624,18,2,Playa Blanca,,arana,,,7,2023,jul-24,941.109,9,0,0,0,1,,David
DSCN8625,18,3,Playa Blanca,,arana,,,7,2023,jul-24,570.230,7,0,0,0,1,,David
DSCN8626,18,4,Playa Blanca,,arana,,,7,2023,jul-24,923.269,7,0,0,0,2,,David
DSCN8627,18,5,Playa Blanca,,arana,,,7,2023,jul-24,939.167,9,0,0,0,1,,David
DSCN8628,18,6,Playa Blanca,,arana,,,7,2023,jul-24,846.297,7,0,0,0,1,,David
DSCN8629,18,7,Playa Blanca,,arana,,,7,2023,jul-24,"2,098.400",17,0,0,0,7,,David
DSCN8614,104,0,Playa Blanca,,arana,,,7,2023,jul-24,NA,NA,NA,NA,NA,NA,foto de etiqueta,David
DSCN8615,104,1,Playa Blanca,,arana,,,7,2023,jul-24,820.522,5,0,0,0,0,,David
DSCN8616,104,2,Playa Blanca,,arana,,,7,2023,jul-24,317.909,3,0,0,0,0,,David
DSCN8617,104,3,Playa Blanca,,arana,,,7,2023,jul-24,"1,015.540",7,0,0,0,0,,David
DSCN8618,104,4,Playa Blanca,,arana,,,7,2023,jul-24,478.634,4,0,0,0,0,,David
DSCN8619,104,5,Playa Blanca,,arana,,,7,2023,jul-24,436.181,6,0,0,0,0,,David
DSCN8620,104,6,Playa Blanca,,arana,,,7,2023,jul-24,367.687,4,0,0,0,0,,David
DSCN8621,104,7,Playa Blanca,,arana,,,7,2023,jul-24,"2,524.610",21,0,0,0,0,,David
DSCN8581,173,0,Playa Blanca,,arana,,,7,2023,jul-24,NA,NA,NA,NA,NA,NA,foto de etiqueta,David
DSCN8582,173,1,Playa Blanca,,arana,,,7,2023,jul-24,680.706,6,0,0,0,0,,David
DSCN8583,173,2,Playa Blanca,,arana,,,7,2023,jul-24,330.740,3,0,0,1,0,,David
DSCN8584,173,3,Playa Blanca,,arana,,,7,2023,jul-24,700.163,6,0,0,0,0,,David
DSCN8585,173,4,Playa Blanca,,arana,,,7,2023,jul-24,623.010,5,0,0,0,0,,David
DSCN8586,173,5,Playa Blanca,,arana,,,7,2023,jul-24,797.656,6,0,0,0,0,,David
DSCN8587,173,6,Playa Blanca,,arana,,,7,2023,jul-24,921.844,6,0,0,0,0,,David
DSCN8588,173,7,Playa Blanca,,arana,,,7,2023,jul-24,"2,477.380",18,0,0,0,0,,David
DSCN9612,109,0,Playa Blanca,,arana,,,7,2023,jul-24,NA,NA,NA,NA,NA,NA,foto de etiqueta,David
DSCN9613,109,1,Playa Blanca,,arana,,,7,2023,jul-24,379.417,3,0,0,0,0,,David
DSCN9614,109,2,Playa Blanca,,arana,,,7,2023,jul-24,95.931,1,0,0,2,0,,David
DSCN9615,109,3,Playa Blanca,,arana,,,7,2023,jul-24,492.202,3,0,0,0,0,,David
DSCN9616,109,4,Playa Blanca,,arana,,,7,2023,jul-24,853.276,6,0,0,0,0,,David
DSCN9617,109,5,Playa Blanca,,arana,,,7,2023,jul-24,758.568,4,0,0,0,0,,David
DSCN9618,109,6,Playa Blanca,,arana,,,7,2023,jul-24,869.452,6,0,0,0,0,,David
DSCN9619,109,7,Playa Blanca,,arana,,,7,2023,jul-24,"2,233.380",15,0,0,0,0,,David
DSCN9628,20,0,Playa Blanca,,arana,,,7,2023,jul-24,NA,NA,NA,NA,NA,NA,foto de etiqueta,David
DSCN9629,20,1,Playa Blanca,,arana,,,7,2023,jul-24,599.790,7,0,0,3,0,,David
DSCN9630,20,2,Playa Blanca,,arana,,,7,2023,jul-24,350.910,3,0,0,0,0,,David
DSCN9631,20,3,Playa Blanca,,arana,,,7,2023,jul-24,619.468,5,0,0,0,0,,David
DSCN9632,20,4,Playa Blanca,,arana,,,7,2023,jul-24,637.831,6,0,0,1,1,,David
DSCN9633,20,5,Playa Blanca,,arana,,,7,2023,jul-24,645.424,5,0,0,0,0,,David
DSCN9634,20,6,Playa Blanca,,arana,,,7,2023,jul-24,927.779,6,0,0,0,0,,David
DSCN9635,20,7,Playa Blanca,,arana,,,7,2023,jul-24,"1,795.160",13,0,0,0,4,,David
DSCN9677,103,0,Playa Blanca,,arana,,,8,2023,ago-24,NA,NA,NA,NA,NA,NA,foto de etiqueta,David
DSCN9678,103,1,Playa Blanca,,arana,,,8,2023,ago-24,"1,074.120",6,0,0,0,0,,David
DSCN9679,103,2,Playa Blanca,,arana,,,8,2023,ago-24,365.436,6,0,0,0,0,,David
DSCN9680,103,3,Playa Blanca,,arana,,,8,2023,ago-24,891.050,4,0,0,1,0,,David
DSCN9681,103,4,Playa Blanca,,arana,,,8,2023,ago-24,351.591,2,0,0,0,0,,David
DSCN9682,103,5,Playa Blanca,,arana,,,8,2023,ago-24,363.069,4,0,0,1,0,,David
DSCN9683,103,6,Playa Blanca,,arana,,,8,2023,ago-24,637.905,4,0,0,0,0,,David
DSCN9684,103,7,Playa Blanca,,arana,,,8,2023,ago-24,"1,378.240",9,0,0,0,0,,David
DSCN9644,18,0,Playa Blanca,,arana,,,8,2023,ago-24,NA,NA,NA,NA,NA,NA,foto de etiqueta,David
DSCN9645,18,1,Playa Blanca,,arana,,,8,2023,ago-24,997.637,5,0,0,0,0,,David
DSCN9646,18,2,Playa Blanca,,arana,,,8,2023,ago-24,814.086,7,0,0,0,0,,David
DSCN9647,18,3,Playa Blanca,,arana,,,8,2023,ago-24,907.179,8,0,0,0,0,,David
DSCN9648,18,4,Playa Blanca,,arana,,,8,2023,ago-24,913.515,7,0,0,0,0,,David
DSCN9649,18,5,Playa Blanca,,arana,,,8,2023,ago-24,"1,337.150",9,0,0,0,0,,David
DSCN9650,18,6,Playa Blanca,,arana,,,8,2023,ago-24,991.402,7,0,0,0,0,,David
DSCN9651,18,7,Playa Blanca,,arana,,,8,2023,ago-24,"2,415.930",19,0,0,0,4,,David
DSCN9636,104,0,Playa Blanca,,arana,,,8,2023,ago-24,NA,NA,NA,NA,NA,NA,foto de etiqueta,David
DSCN9637,104,1,Playa Blanca,,arana,,,8,2023,ago-24,"1,020.990",5,0,0,0,0,,David
DSCN9638,104,2,Playa Blanca,,arana,,,8,2023,ago-24,344.563,3,0,0,1,0,,David
DSCN9639,104,3,Playa Blanca,,arana,,,8,2023,ago-24,"1,160.340",6,0,0,0,0,,David
DSCN9640,104,4,Playa Blanca,,arana,,,8,2023,ago-24,591.444,4,0,0,0,0,,David
DSCN9641,104,5,Playa Blanca,,arana,,,8,2023,ago-24,363.912,4,0,0,1,0,,David
DSCN9642,104,6,Playa Blanca,,arana,,,8,2023,ago-24,507.617,5,0,0,0,0,,David
DSCN9643,104,7,Playa Blanca,,arana,,,8,2023,ago-24,"2,618.770",21,0,0,0,0,,David
DSCN9604,173,0,Playa Blanca,,arana,,,8,2023,ago-24,NA,NA,NA,NA,NA,NA,foto de etiqueta,David
DSCN9605,173,1,Playa Blanca,,arana,,,8,2023,ago-24,640.550,6,0,0,0,0,,David
DSCN9606,173,2,Playa Blanca,,arana,,,8,2023,ago-24,388.923,3,0,0,0,0,,David
DSCN9607,173,3,Playa Blanca,,arana,,,8,2023,ago-24,670.188,6,0,0,0,0,,David
DSCN9608,173,4,Playa Blanca,,arana,,,8,2023,ago-24,642.265,5,0,0,0,0,,David
DSCN9609,173,5,Playa Blanca,,arana,,,8,2023,ago-24,724.463,6,0,0,1,0,,David
DSCN9610,173,6,Playa Blanca,,arana,,,8,2023,ago-24,"1,081.820",7,0,0,0,0,,David
DSCN9611,173,7,Playa Blanca,,arana,,,8,2023,ago-24,"2,319.050",21,0,0,0,0,,David
DSCN9612,109,0,Playa Blanca,,arana,,,8,2023,ago-24,NA,NA,NA,NA,NA,NA,foto de etiqueta,David
DSCN9613,109,1,Playa Blanca,,arana,,,8,2023,ago-24,342.660,3,0,0,0,0,,David
DSCN9614,109,2,Playa Blanca,,arana,,,8,2023,ago-24,154.189,3,0,2,0,0,,David
DSCN9615,109,3,Playa Blanca,,arana,,,8,2023,ago-24,528.336,3,0,0,0,0,,David
DSCN9616,109,4,Playa Blanca,,arana,,,8,2023,ago-24,919.701,6,0,0,0,0,,David
DSCN9617,109,5,Playa Blanca,,arana,,,8,2023,ago-24,714.619,4,0,0,0,0,,David
DSCN9618,109,6,Playa Blanca,,arana,,,8,2023,ago-24,863.299,6,0,0,0,0,,David
DSCN9619,109,7,Playa Blanca,,arana,,,8,2023,ago-24,"2,152.890",19,0,0,0,0,,David
DSCN9628,20,0,Playa Blanca,,arana,,,8,2023,ago-24,NA,NA,NA,NA,NA,NA,foto de etiqueta,David
DSCN9629,20,1,Playa Blanca,,arana,,,8,2023,ago-24,749.036,8,0,0,0,0,,David
DSCN9630,20,2,Playa Blanca,,arana,,,8,2023,ago-24,554.356,4,0,0,0,0,,David
DSCN9631,20,3,Playa Blanca,,arana,,,8,2023,ago-24,674.701,6,0,0,1,0,,David
DSCN9632,20,4,Playa Blanca,,arana,,,8,2023,ago-24,807.283,6,0,0,0,1,,David
DSCN9633,20,5,Playa Blanca,,arana,,,8,2023,ago-24,775.083,5,0,0,0,0,,David
DSCN9634,20,6,Playa Blanca,,arana,,,8,2023,ago-24,959.599,6,0,0,0,1,,David
DSCN9635,20,7,Playa Blanca,,arana,,,8,2023,ago-24,"1,515.830",12,0,0,0,0,,David
P9235534,103,0,Playa Blanca,,arana,,,9,2023,sep-24,NA,NA,NA,NA,NA,NA,foto de etiqueta,David
P9235535,103,1,Playa Blanca,,arana,,,9,2023,sep-24,"1,203.360",6,0,0,0,1,,David
P9235536,103,2,Playa Blanca,,arana,,,9,2023,sep-24,598.970,8,0,0,0,0,,David
P9235537,103,3,Playa Blanca,,arana,,,9,2023,sep-24,898.321,5,0,0,0,0,,David
P9235538,103,4,Playa Blanca,,arana,,,9,2023,sep-24,214.319,1,0,0,0,0,,David
P9235539,103,5,Playa Blanca,,arana,,,9,2023,sep-24,408.153,5,0,0,0,0,,David
P9235540,103,6,Playa Blanca,,arana,,,9,2023,sep-24,602.612,4,0,0,0,1,,David
P9235542,103,7,Playa Blanca,,arana,,,9,2023,sep-24,"1,345.240",9,0,0,0,8,,David
P9235368,18,0,Playa Blanca,,arana,,,9,2023,sep-24,NA,NA,NA,NA,NA,NA,foto de etiqueta,David
P9235369,18,1,Playa Blanca,,arana,,,9,2023,sep-24,945.553,6,0,1,0,1,,David
P9235370,18,2,Playa Blanca,,arana,,,9,2023,sep-24,871.759,7,0,0,0,0,,David
P9235371,18,3,Playa Blanca,,arana,,,9,2023,sep-24,893.863,8,0,0,0,0,,David
P9235372,18,4,Playa Blanca,,arana,,,9,2023,sep-24,858.971,7,0,0,0,0,,David
P9235373,18,5,Playa Blanca,,arana,,,9,2023,sep-24,"1,395.660",9,0,0,0,3,,David
P9235374,18,6,Playa Blanca,,arana,,,9,2023,sep-24,840.654,7,0,0,0,2,,David
P9235375,18,7,Playa Blanca,,arana,,,9,2023,sep-24,"1,967.620",13,0,0,0,6,foto borrosa,David
P9235463,104,0,Playa Blanca,,arana,,,9,2023,sep-24,NA,NA,NA,NA,NA,NA,foto de etiqueta,David
P9235464,104,1,Playa Blanca,,arana,,,9,2023,sep-24,929.699,6,0,0,0,0,,David
P9235466,104,2,Playa Blanca,,arana,,,9,2023,sep-24,340.850,4,0,0,1,0,,David
P9235467,104,3,Playa Blanca,,arana,,,9,2023,sep-24,"1,019.320",6,0,0,0,0,,David
P9235468,104,4,Playa Blanca,,arana,,,9,2023,sep-24,476.326,5,0,0,0,0,,David
P9235469,104,5,Playa Blanca,,arana,,,9,2023,sep-24,369.205,5,0,0,0,0,,David
P9235470,104,6,Playa Blanca,,arana,,,9,2023,sep-24,438.655,5,0,0,0,0,,David
P9235471,104,7,Playa Blanca,,arana,,,9,2023,sep-24,"2,632.760",20,0,0,0,0,,David
P9235360,173,0,Playa Blanca,,arana,,,9,2023,sep-24,NA,NA,NA,NA,NA,NA,foto de etiqueta,David
P9235361,173,1,Playa Blanca,,arana,,,9,2023,sep-24,706.286,5,0,0,0,2,,David
P9235362,173,2,Playa Blanca,,arana,,,9,2023,sep-24,333.813,3,0,0,0,0,,David
P9235363,173,3,Playa Blanca,,arana,,,9,2023,sep-24,680.306,7,0,0,0,0,,David
P9235364,173,4,Playa Blanca,,arana,,,9,2023,sep-24,625.370,5,0,0,0,0,,David
P9235365,173,5,Playa Blanca,,arana,,,9,2023,sep-24,703.229,6,0,0,0,0,,David
P9235366,173,6,Playa Blanca,,arana,,,9,2023,sep-24,"1,006.150",6,0,0,0,0,,David
P9235367,173,7,Playa Blanca,,arana,,,9,2023,sep-24,"2,244.110",14,0,0,0,2,,David
P9235455,109,0,Playa Blanca,,arana,,,9,2023,sep-24,NA,NA,NA,NA,NA,NA,foto de etiqueta,David
P9235456,109,1,Playa Blanca,,arana,,,9,2023,sep-24,353.111,3,0,0,1,0,,David
P9235457,109,2,Playa Blanca,,arana,,,9,2023,sep-24,65.074,2,0,0,1,0,,David
P9235458,109,3,Playa Blanca,,arana,,,9,2023,sep-24,354.379,3,0,0,0,0,,David
P9235459,109,4,Playa Blanca,,arana,,,9,2023,sep-24,975.492,5,0,0,0,0,,David
P9235460,109,5,Playa Blanca,,arana,,,9,2023,sep-24,614.178,5,0,0,0,0,,David
P9235461,109,6,Playa Blanca,,arana,,,9,2023,sep-24,826.038,7,0,0,0,0,,David
P9235462,109,7,Playa Blanca,,arana,,,9,2023,sep-24,"2,241.110",18,0,0,0,0,,David
NA,20,0,Playa Blanca,,arana,,,9,2023,sep-24,NA,NA,NA,NA,NA,NA,foto de etiqueta,David
NA,20,1,Playa Blanca,,arana,,,9,2023,sep-24,NA,NA,NA,NA,NA,NA,no esta 20/161 en las fotos,David
NA,20,2,Playa Blanca,,arana,,,9,2023,sep-24,NA,NA,NA,NA,NA,NA,no esta 20/161 en las fotos,David
NA,20,3,Playa Blanca,,arana,,,9,2023,sep-24,NA,NA,NA,NA,NA,NA,no esta 20/161 en las fotos,David
NA,20,4,Playa Blanca,,arana,,,9,2023,sep-24,NA,NA,NA,NA,NA,NA,no esta 20/161 en las fotos,David
NA,20,5,Playa Blanca,,arana,,,9,2023,sep-24,NA,NA,NA,NA,NA,NA,no esta 20/161 en las fotos,David
NA,20,6,Playa Blanca,,arana,,,9,2023,sep-24,NA,NA,NA,NA,NA,NA,no esta 20/161 en las fotos,David
NA,20,7,Playa Blanca,,arana,,,9,2023,sep-24,NA,NA,NA,NA,NA,NA,no esta 20/161 en las fotos,David
DSCN4511,7,3,Playa Blanca,,arana,,,5,2023,may-24,756.142,5,0,0,0,0,,Randall
DSCN4512,7,4,Playa Blanca,,arana,,,5,2023,may-24,290.845,2,0,0,1,0,,Randall
DSCN4513,7,5,Playa Blanca,,arana,,,5,2023,may-24,576.310,3,0,0,1,0,,Randall
DSCN4514,7,6,Playa Blanca,,arana,,,5,2023,may-24,575.085,5,0,0,1,0,,Randall
DSCN4515,7,7,Playa Blanca,,arana,,,5,2023,may-24,"1,633.780",8,0,2,0,0,hay una mancha de coral muerto pero no es una colonia especifica. Todos los fragmentos estan fusionados por lo que es dificil de contar cuantos son.,Randall
DSCN4501,8,1,Playa Blanca,,arana,,,5,2023,may-24,489.057,5,0,0,0,0,,Randall
DSCN4502,8,2,Playa Blanca,,arana,,,5,2023,may-24,578.843,6,0,0,0,0,,Randall
DSCN4503,8,3,Playa Blanca,,arana,,,5,2023,may-24,593.113,5,0,1,0,0,,Randall
DSCN4504,8,4,Playa Blanca,,arana,,,5,2023,may-24,818.712,6,0,0,0,0,,Randall
DSCN4505,8,5,Playa Blanca,,arana,,,5,2023,may-24,535.016,5,0,0,0,0,,Randall
DSCN4506,8,6,Playa Blanca,,arana,,,5,2023,may-24,639.558,6,0,0,0,0,,Randall
DSCN4507,8,7,Playa Blanca,,arana,,,5,2023,may-24,"1,515.160",12,0,0,0,0,,Randall
DSCN4477,9,1,Playa Blanca,,arana,,,5,2023,may-24,451.040,4,0,1,0,0,esta casi muerto,Randall
DSCN4478,9,2,Playa Blanca,,arana,,,5,2023,may-24,139.518,5,0,3,0,0,,Randall
DSCN4479,9,3,Playa Blanca,,arana,,,5,2023,may-24,262.604,4,1,1,0,0,,Randall
DSCN4480,9,4,Playa Blanca,,arana,,,5,2023,may-24,635.783,4,0,1,0,0,,Randall
DSCN4481,9,5,Playa Blanca,,arana,,,5,2023,may-24,703.659,6,0,1,0,0,,Randall
DSCN4482,9,6,Playa Blanca,,arana,,,5,2023,may-24,604.599,6,0,1,0,0,creo que conte algo que no era,Randall
DSCN4483,9,7,Playa Blanca,,arana,,,5,2023,may-24,"1,841.270",12,0,0,0,0,Imposible de contar bien los fragmentos. La escala tambien costo identificarla.,Randall
DSCN4485,10,1,Playa Blanca,,arana,,,5,2023,may-24,618.156,3,0,1,0,0,,Randall
DSCN4486,10,2,Playa Blanca,,arana,,,5,2023,may-24,469.793,5,0,1,0,0,,Randall
DSCN4487,10,3,Playa Blanca,,arana,,,5,2023,may-24,471.749,4,0,1,0,0,,Randall
DSCN4488,10,4,Playa Blanca,,arana,,,5,2023,may-24,520.144,4,0,1,0,0,,Randall
DSCN4489,10,5,Playa Blanca,,arana,,,5,2023,may-24,245.332,2,0,0,0,0,,Randall
DSCN4490,10,6,Playa Blanca,,arana,,,5,2023,may-24,563.054,4,0,0,0,0,,Randall
DSCN4491,10,7,Playa Blanca,,arana,,,5,2023,may-24,"1,733.190",13,0,0,0,0,Imposible de contar bien los fragmentos.,Randall
DSCN5519,6,1,Playa Blanca,,arana,,,6,2023,jun-24,792.798,5,0,0,0,0,el angulo de la imagen no es bueno,Randall
DSCN5520,6,2,Playa Blanca,,arana,,,6,2023,jun-24,793.352,6,0,0,0,0,,Randall
DSCN5521,6,3,Playa Blanca,,arana,,,6,2023,jun-24,962.356,5,0,1,0,0,,Randall
DSCN5522,6,4,Playa Blanca,,arana,,,6,2023,jun-24,994.882,5,0,0,0,0,,Randall
DSCN5523,6,5,Playa Blanca,,arana,,,6,2023,jun-24,523.198,6,0,0,0,0,"el angulo de la imagen no es bueno, no se ve bien la escala",Randall
DSCN5524,6,6,Playa Blanca,,arana,,,6,2023,jun-24,609.932,6,0,0,0,0,,Randall
DSCN5525,6,7,Playa Blanca,,arana,,,6,2023,jun-24,"1,634.180",9,0,0,0,0,,Randall
DSCN5613,7,1,Playa Blanca,,arana,,,6,2023,jun-24,683.255,5,0,0,0,0,,Randall
DSCN5614,7,2,Playa Blanca,,arana,,,6,2023,jun-24,732.017,4,0,0,0,0,el angulo de la imagen no es bueno,Randall
DSCN5615,7,3,Playa Blanca,,arana,,,6,2023,jun-24,720.791,5,0,0,0,0,,Randall
DSCN5616,7,4,Playa Blanca,,arana,,,6,2023,jun-24,323.064,2,0,0,0,0,,Randall
DSCN5617,7,5,Playa Blanca,,arana,,,6,2023,jun-24,616.479,3,0,0,0,0,,Randall
DSCN5618,7,6,Playa Blanca,,arana,,,6,2023,jun-24,753.290,5,0,0,0,1,,Randall
DSCN5619,7,7,Playa Blanca,,arana,,,6,2023,jun-24,"1,503.930",8,1,1,0,1,,Randall
DSCN5596,8,1,Playa Blanca,,arana,,,6,2023,jun-24,564.515,5,0,0,0,0,,Randall
DSCN5597,8,2,Playa Blanca,,arana,,,6,2023,jun-24,637.716,6,0,0,0,0,el angulo de la imagen no es bueno,Randall
DSCN5598,8,3,Playa Blanca,,arana,,,6,2023,jun-24,725.543,5,0,1,0,0,el angulo de la imagen no es bueno,Randall
DSCN5599,8,4,Playa Blanca,,arana,,,6,2023,jun-24,"1,041.790",6,0,0,0,0,,Randall
DSCN5600,8,5,Playa Blanca,,arana,,,6,2023,jun-24,682.297,5,0,1,0,0,,Randall
DSCN5601,8,6,Playa Blanca,,arana,,,6,2023,jun-24,724.099,6,0,0,0,0,,Randall
DSCN5602,8,7,Playa Blanca,,arana,,,6,2023,jun-24,"1,375.990",12,0,0,0,0,dificil contar fragmentos,Randall
DSCN5527,9,1,Playa Blanca,,arana,,,6,2023,jun-24,493.336,4,0,1,0,0,esta casi muerto,Randall
DSCN5528,9,2,Playa Blanca,,arana,,,6,2023,jun-24,160.533,5,0,5,0,0,,Randall
DSCN5529,9,3,Playa Blanca,,arana,,,6,2023,jun-24,314.283,4,0,2,0,0,no se ve bien la escala,Randall
DSCN5530,9,4,Playa Blanca,,arana,,,6,2023,jun-24,736.730,4,0,1,0,0,,Randall
DSCN5531,9,5,Playa Blanca,,arana,,,6,2023,jun-24,780.381,6,0,1,0,1,el blanquedo puede no estarlo.,Randall
DSCN5532,9,6,Playa Blanca,,arana,,,6,2023,jun-24,671.235,5,0,0,0,0,,Randall
DSCN5534,9,7,Playa Blanca,,arana,,,6,2023,jun-24,"1,669.600",12,0,0,0,0,imposible distinguir los fragmentos de arriba con otros que esten grandes abajo o contarlos,Randall
DSCN5604,10,1,Playa Blanca,,arana,,,6,2023,jun-24,670.411,3,0,1,0,0,,Randall
DSCN5605,10,2,Playa Blanca,,arana,,,6,2023,jun-24,540.209,5,0,1,0,0,,Randall
DSCN5606,10,3,Playa Blanca,,arana,,,6,2023,jun-24,460.673,4,0,1,1,0,"la imagen esta cortada un poco, el angulo tampoco es bueno",Randall
DSCN5607,10,4,Playa Blanca,,arana,,,6,2023,jun-24,715.092,4,0,0,0,0,,Randall
DSCN5608,10,5,Playa Blanca,,arana,,,6,2023,jun-24,320.989,2,0,0,0,1,"el fragmento blanqueado es leve, con color pero muy claro. Podria no serlo.",Randall
DSCN5609,10,6,Playa Blanca,,arana,,,6,2023,jun-24,623.707,4,0,0,0,2,,Randall
DSCN5610,10,7,Playa Blanca,,arana,,,6,2023,jun-24,"2,141.490",13,0,0,0,0,la escala probablemente no sea la mas adecuada,Randall
DSCN8749,6,1,Playa Blanca,,arana,,,7,2023,jul-24,942.050,5,0,0,0,0,,Randall
DSCN8750,6,2,Playa Blanca,,arana,,,7,2023,jul-24,805.050,5,0,0,0,0,,Randall
DSCN8751,6,3,Playa Blanca,,arana,,,7,2023,jul-24,925.095,5,0,0,0,0,,Randall
DSCN8752,6,4,Playa Blanca,,arana,,,7,2023,jul-24,904.779,5,0,0,0,0,,Randall
DSCN8753,6,5,Playa Blanca,,arana,,,7,2023,jul-24,451.523,6,0,2,0,0,no se ve bien la escala,Randall
DSCN8754,6,6,Playa Blanca,,arana,,,7,2023,jul-24,651.655,6,0,0,0,0,,Randall
DSCN8755,6,7,Playa Blanca,,arana,,,7,2023,jul-24,"2,159.780",9,0,0,0,2,,Randall
DSCN8739,7,1,Playa Blanca,,arana,,,7,2023,jul-24,614.474,5,0,0,0,0,,Randall
DSCN8740,7,2,Playa Blanca,,arana,,,7,2023,jul-24,578.879,4,0,0,0,1,,Randall
DSCN8741,7,3,Playa Blanca,,arana,,,7,2023,jul-24,631.886,5,0,0,0,0,,Randall
DSCN8742,7,4,Playa Blanca,,arana,,,7,2023,jul-24,368.979,2,0,0,0,1,,Randall
DSCN8743,7,5,Playa Blanca,,arana,,,7,2023,jul-24,585.528,3,0,0,1,0,,Randall
DSCN8744,7,6,Playa Blanca,,arana,,,7,2023,jul-24,626.558,5,0,0,1,1,,Randall
DSCN8746,7,7,Playa Blanca,,arana,,,7,2023,jul-24,"1,748.490",8,1,1,0,1,,Randall
DSCN8731,8,1,Playa Blanca,,arana,,,7,2023,jul-24,592.466,5,0,0,0,0,,Randall
DSCN8732,8,2,Playa Blanca,,arana,,,7,2023,jul-24,591.024,6,0,0,0,1,,Randall
DSCN8733,8,3,Playa Blanca,,arana,,,7,2023,jul-24,640.042,5,0,0,0,0,,Randall
DSCN8734,8,4,Playa Blanca,,arana,,,7,2023,jul-24,949.248,6,0,0,0,1,,Randall
DSCN8735,8,5,Playa Blanca,,arana,,,7,2023,jul-24,580.094,5,0,1,0,0,,Randall
DSCN8736,8,6,Playa Blanca,,arana,,,7,2023,jul-24,678.607,6,0,0,0,3,,Randall
DSCN8737,8,7,Playa Blanca,,arana,,,7,2023,jul-24,"1,917.720",12,0,0,0,1,imposible obtener una escala adecuada,Randall
DSCN8707,9,1,Playa Blanca,,arana,,,7,2023,jul-24,420.073,4,1,0,0,0,,Randall
DSCN8708,9,2,Playa Blanca,,arana,,,7,2023,jul-24,142.373,5,0,2,1,0,podria haber uno muerto,Randall
DSCN8709,9,3,Playa Blanca,,arana,,,7,2023,jul-24,329.444,4,0,2,0,0,imposible obtener una escala adecuada,Randall
DSCN8710,9,4,Playa Blanca,,arana,,,7,2023,jul-24,633.679,4,0,1,0,0,,Randall
DSCN8711,9,5,Playa Blanca,,arana,,,7,2023,jul-24,677.635,6,0,0,0,1,,Randall
DSCN8712,9,6,Playa Blanca,,arana,,,7,2023,jul-24,651.994,5,0,0,0,0,,Randall
DSCN8713,9,7,Playa Blanca,,arana,,,7,2023,jul-24,"1,846.960",12,0,3,0,4,hay unas areas pequenas con otros bichos,Randall
DSCN8715,10,1,Playa Blanca,,arana,,,7,2023,jul-24,639.949,3,0,0,0,0,,Randall
DSCN8716,10,2,Playa Blanca,,arana,,,7,2023,jul-24,477.072,5,0,2,0,0,,Randall
DSCN8717,10,3,Playa Blanca,,arana,,,7,2023,jul-24,485.920,4,0,1,1,0,,Randall
DSCN8718,10,4,Playa Blanca,,arana,,,7,2023,jul-24,592.069,4,0,1,0,0,,Randall
DSCN8719,10,5,Playa Blanca,,arana,,,7,2023,jul-24,309.925,2,0,0,0,1,,Randall
DSCN8720,10,6,Playa Blanca,,arana,,,7,2023,jul-24,577.162,4,0,0,0,1,,Randall
DSCN8721,10,7,Playa Blanca,,arana,,,7,2023,jul-24,"1,669.500",13,0,0,0,0,,Randall
DSCN9769,6,1,Playa Blanca,,arana,,,8,2023,ago-24,788.355,5,0,0,0,0,,Randall
DSCN9770,6,2,Playa Blanca,,arana,,,8,2023,ago-24,735.212,5,0,0,0,1,dificil ver escala,Randall
DSCN9771,6,3,Playa Blanca,,arana,,,8,2023,ago-24,854.621,5,0,0,0,0,,Randall
DSCN9772,6,4,Playa Blanca,,arana,,,8,2023,ago-24,975.958,5,0,0,0,0,,Randall
DSCN9773,6,5,Playa Blanca,,arana,,,8,2023,ago-24,443.313,6,0,3,0,0,,Randall
DSCN9774,6,6,Playa Blanca,,arana,,,8,2023,ago-24,657.007,6,0,1,0,0,,Randall
DSCN9775,6,7,Playa Blanca,,arana,,,8,2023,ago-24,"1,781.510",9,0,0,0,3,el blanqueamiento esta empezando,Randall
DSCN9777,7,1,Playa Blanca,,arana,,,8,2023,ago-24,658.933,5,0,0,0,1,el fragmento blanqueado es una punta.,Randall
DSCN9778,7,2,Playa Blanca,,arana,,,8,2023,ago-24,607.467,4,0,0,0,1,,Randall
DSCN9779,7,3,Playa Blanca,,arana,,,8,2023,ago-24,661.667,5,0,1,0,0,la escala no se ve bien,Randall
DSCN9780,7,4,Playa Blanca,,arana,,,8,2023,ago-24,446.860,2,0,0,0,0,angulo,Randall
DSCN9781,7,5,Playa Blanca,,arana,,,8,2023,ago-24,570.241,3,0,0,1,0,,Randall
DSCN9782,7,6,Playa Blanca,,arana,,,8,2023,ago-24,538.590,5,0,1,1,1,,Randall
DSCN9783,7,7,Playa Blanca,,arana,,,8,2023,ago-24,"1,394.340",8,1,2,0,5,"solo un fragmento esta totalmente blanco, los otros son porciones",Randall
DSCN9785,8,1,Playa Blanca,,arana,,,8,2023,ago-24,578.828,5,0,1,0,0,,Randall
DSCN9786,8,2,Playa Blanca,,arana,,,8,2023,ago-24,614.329,6,0,0,0,2,,Randall
DSCN9787,8,3,Playa Blanca,,arana,,,8,2023,ago-24,760.584,5,0,1,0,0,,Randall
DSCN9788,8,4,Playa Blanca,,arana,,,8,2023,ago-24,"1,036.710",6,0,0,0,1,,Randall
DSCN9789,8,5,Playa Blanca,,arana,,,8,2023,ago-24,521.090,5,0,0,0,0,,Randall
DSCN9790,8,6,Playa Blanca,,arana,,,8,2023,ago-24,731.912,6,0,1,0,2,,Randall
DSCN9791,8,7,Playa Blanca,,arana,,,8,2023,ago-24,"1,829.960",12,0,3,0,2,es dificl distinguir la escala asi como los limites de los fragmentos,Randall
DSCN9745,9,1,Playa Blanca,,arana,,,8,2023,ago-24,523.717,3,0,0,1,0,,Randall
DSCN9746,9,2,Playa Blanca,,arana,,,8,2023,ago-24,174.582,5,0,3,1,0,,Randall
DSCN9747,9,3,Playa Blanca,,arana,,,8,2023,ago-24,323.752,4,0,2,0,0,,Randall
DSCN9748,9,4,Playa Blanca,,arana,,,8,2023,ago-24,633.726,4,0,2,0,0,,Randall
DSCN9749,9,5,Playa Blanca,,arana,,,8,2023,ago-24,792.458,6,0,1,0,1,la parte muerta es pequena,Randall
DSCN9750,9,6,Playa Blanca,,arana,,,8,2023,ago-24,661.333,5,0,1,0,0,la parte muerta es pequena,Randall
DSCN9751,9,7,Playa Blanca,,arana,,,8,2023,ago-24,"2,477.440",12,0,5,0,4,imposible obtener una escala adecuada o diferenciar limites entre fragmentos. Es posible que se haya sobreestimado,Randall
DSCN9736,10,1,Playa Blanca,,arana,,,8,2023,ago-24,637.505,3,0,2,0,0,,Randall
DSCN9737,10,2,Playa Blanca,,arana,,,8,2023,ago-24,528.411,5,0,3,0,0,,Randall
DSCN9738,10,3,Playa Blanca,,arana,,,8,2023,ago-24,455.743,4,0,1,1,0,,Randall
DSCN9739,10,4,Playa Blanca,,arana,,,8,2023,ago-24,627.300,4,0,1,0,0,,Randall
DSCN9740,10,5,Playa Blanca,,arana,,,8,2023,ago-24,297.319,2,0,0,0,1,,Randall
DSCN9741,10,6,Playa Blanca,,arana,,,8,2023,ago-24,604.882,4,0,0,1,1,,Randall
DSCN9742,10,7,Playa Blanca,,arana,,,8,2023,ago-24,"1,851.320",13,0,1,0,1,la parte muerta es pequena,Randall
P9235473,84,1,Playa Blanca,,arana,,,9,2023,set-23,465.756,6,0,0,0,0,,Tania
P9235474,84,2,Playa Blanca,,arana,,,9,2023,set-23,558.518,6,0,0,0,2,,Tania
P9235475,84,3,Playa Blanca,,arana,,,9,2023,set-23,315.099,4,1,0,1,0,,Tania
P9235476,84,4,Playa Blanca,,arana,,,9,2023,set-23,265.030,3,0,0,1,1,,Tania
P9235477,84,5,Playa Blanca,,arana,,,9,2023,set-23,385.737,5,0,0,0,2,,Tania
P9235478,84,6,Playa Blanca,,arana,,,9,2023,set-23,63.642,2,0,0,0,0,,Tania
P9235479,84,7,Playa Blanca,,arana,,,9,2023,set-23,"1,258.020",6,0,0,0,0,,Tania
PA210709,84,1,Playa Blanca,,arana,,,10,2023,oct-24,305.633,4,0,2,0,4,,Tania
PA210710,84,2,Playa Blanca,,arana,,,10,2023,oct-24,360.171,6,1,0,0,5,,Tania
PA210711,84,3,Playa Blanca,,arana,,,10,2023,oct-24,291.670,4,1,1,0,3,,Tania
PA210712,84,4,Playa Blanca,,arana,,,10,2023,oct-24,255.825,3,0,2,0,3,,Tania
PA210713,84,5,Playa Blanca,,arana,,,10,2023,oct-24,315.351,4,0,2,0,4,,Tania
PA210714,84,6,Playa Blanca,,arana,,,10,2023,oct-24,95.674,3,0,0,0,3,,Tania
PA210715,84,7,Playa Blanca,,arana,,,10,2023,oct-24,"1,142.080",6,0,0,0,6,"No pude sacar la cantidad de fragmentos con claridad, entonces mantuve la misma cantidad del mes anterior, por si pueden revisarlo",Tania
DSCN1988,84,1,Playa Blanca,,arana,,,11,2023,nov-24,91.649,4,1,2,0,1,,Tania
DSCN1989,84,2,Playa Blanca,,arana,,,11,2023,nov-24,151.860,5,1,3,0,4,,Tania
DSCN1990,84,3,Playa Blanca,,arana,,,11,2023,nov-24,167.276,5,2,2,0,3,,Tania
DSCN1991,84,4,Playa Blanca,,arana,,,11,2023,nov-24,35.583,3,1,0,0,2,,Tania
DSCN1992,84,5,Playa Blanca,,arana,,,11,2023,nov-24,203.524,5,0,2,0,5,,Tania
DSCN1993,84,6,Playa Blanca,,arana,,,11,2023,nov-24,39.583,2,1,0,0,2,,Tania
DSCN1994,84,7,Playa Blanca,,arana,,,11,2023,nov-24,312.268,6,4,0,0,2,"No pude sacar la cantidad de fragmentos con claridad, entonces mantuve la misma cantidad del mes anterior, por si pueden revisarlo",Tania
DSCN1190,163,1,Playa Blanca,,arana,,,7,2023,jul-24,363.590,5,0,1,0,0,,Shantall
DSCN1191,163,6,Playa Blanca,,arana,,,7,2023,jul-24,18.980,2,1,1,0,0,,Shantall
DSCN1192,163,5,Playa Blanca,,arana,,,7,2023,jul-24,156.790,2,0,0,1,0,,Shantall
DSCN1193,163,4,Playa Blanca,,arana,,,7,2023,jul-24,137.390,4,0,1,0,0,,Shantall
DSCN1194,163,3,Playa Blanca,,arana,,,7,2023,jul-24,129.820,2,0,1,0,0,,Shantall
DSCN1195,163,2,Playa Blanca,,arana,,,7,2023,jul-24,202.720,3,0,1,0,0,,Shantall
DSCN1182,164,1,Playa Blanca,,arana,,,7,2023,jul-24,421.639,5,0,1,0,0,,Shantall
DSCN1183,164,6,Playa Blanca,,arana,,,7,2023,jul-24,577.370,3,0,0,0,0,,Shantall
DSCN1184,164,5,Playa Blanca,,arana,,,7,2023,jul-24,200.660,3,0,0,0,0,,Shantall
DSCN1185,164,4,Playa Blanca,,arana,,,7,2023,jul-24,127.980,2,0,1,0,0,,Shantall
DSCN1186,164,3,Playa Blanca,,arana,,,7,2023,jul-24,126.300,2,0,0,0,0,,Shantall
DSCN1187,164,2,Playa Blanca,,arana,,,7,2023,jul-24,320.430,4,0,0,0,0,,Shantall
DSCN1274,165,1,Playa Blanca,,arana,,,7,2023,jul-24,204.790,3,0,1,0,0,,Shantall
DSCN1275,165,6,Playa Blanca,,arana,,,7,2023,jul-24,419.460,2,0,0,0,0,hay corales arriba y dificulta poner la escala bien,Shantall
DSCN1276,165,5,Playa Blanca,,arana,,,7,2023,jul-24,498.301,4,0,0,0,0,,Shantall
DSCN1277,165,4,Playa Blanca,,arana,,,7,2023,jul-24,101.790,1,0,1,0,0,,Shantall
DSCN1278,165,3,Playa Blanca,,arana,,,7,2023,jul-24,73.920,2,1,1,0,0,,Shantall
DSCN1279,165,2,Playa Blanca,,arana,,,7,2023,jul-24,323.490,4,1,0,0,0,,Shantall
DSCN1282,166,1,Playa Blanca,,arana,,,7,2023,jul-24,415.680,3,0,1,0,0,,Shantall
DSCN1282,166,6,Playa Blanca,,arana,,,7,2023,jul-24,321.370,4,1,0,0,0,,Shantall
DSCN1282,166,5,Playa Blanca,,arana,,,7,2023,jul-24,117.110,3,0,0,0,0,,Shantall
DSCN1282,166,4,Playa Blanca,,arana,,,7,2023,jul-24,365.820,5,0,1,0,1,,Shantall
DSCN1282,166,3,Playa Blanca,,arana,,,7,2023,jul-24,401.590,5,0,1,0,0,,Shantall
DSCN1282,166,2,Playa Blanca,,arana,,,7,2023,jul-24,113.420,2,0,1,0,0,,Shantall
DSCN9653,164,1,Playa Blanca,,arana,,,8,2023,23-Aug,440.410,5,0,1,0,0,,Shantall
DSCN9654,164,6,Playa Blanca,,arana,,,8,2023,23-Aug,672.240,4,0,0,0,0,,Shantall
DSCN9655,164,5,Playa Blanca,,arana,,,8,2023,23-Aug,250.240,3,0,0,0,0,,Shantall
DSCN9656,164,4,Playa Blanca,,arana,,,8,2023,23-Aug,131.590,2,0,0,0,0,,Shantall
DSCN9657,164,3,Playa Blanca,,arana,,,8,2023,23-Aug,132.630,2,0,0,0,0,,Shantall
DSCN9659,164,2,Playa Blanca,,arana,,,8,2023,23-Aug,265.790,3,0,0,1,0,,Shantall
DSCN9761,165,1,Playa Blanca,,arana,,,8,2023,23-Aug,205.580,3,0,1,0,0,,Shantall
DSCN9762,165,6,Playa Blanca,,arana,,,8,2023,23-Aug,444.400,2,0,0,0,0,hay corales arriba y dificulta poner la escala bien,Shantall
DSCN9763,165,5,Playa Blanca,,arana,,,8,2023,23-Aug,530.320,4,0,0,0,0,,Shantall
DSCN9764,165,4,Playa Blanca,,arana,,,8,2023,23-Aug,115.840,2,0,1,0,1,se añade 1,Shantall
DSCN9765,165,3,Playa Blanca,,arana,,,8,2023,23-Aug,35.740,3,2,1,0,0,se añadio uno,Shantall
DSCN9766,165,2,Playa Blanca,,arana,,,8,2023,23-Aug,311.630,3,0,2,0,0,,Shantall
DSCN9753,166,1,Playa Blanca,,arana,,,8,2023,23-Aug,313.610,4,0,1,0,0,hay uno extra,Shantall
DSCN9754,166,6,Playa Blanca,,arana,,,8,2023,23-Aug,350.710,3,0,0,0,0,,Shantall
DSCN9755,166,5,Playa Blanca,,arana,,,8,2023,23-Aug,173.970,5,0,0,0,0,SE AÑADIERON DOS NUEVOS,Shantall
DSCN9756,166,4,Playa Blanca,,arana,,,8,2023,23-Aug,340.650,5,0,1,0,0,,Shantall
DSCN9757,166,3,Playa Blanca,,arana,,,8,2023,23-Aug,417.040,5,0,1,0,0,,Shantall
DSCN9758,166,2,Playa Blanca,,arana,,,8,2023,23-Aug,121.890,3,0,0,0,1,uno nuevo,Shantall
P9235432,163,1,Playa Blanca,,arana,,,9,2023,sep-24,322.170,5,0,2,0,0,,Shantall
P9235433,163,6,Playa Blanca,,arana,,,9,2023,sep-24,53.930,4,0,2,0,2,,Shantall
P9235434,163,5,Playa Blanca,,arana,,,9,2023,sep-24,198.630,3,0,0,0,0,,Shantall
P9235435,163,4,Playa Blanca,,arana,,,9,2023,sep-24,101.960,3,0,0,1,0,,Shantall
P9235436,163,3,Playa Blanca,,arana,,,9,2023,sep-24,119.770,2,0,2,0,0,,Shantall
P9235437,163,2,Playa Blanca,,arana,,,9,2023,sep-24,76.060,3,0,2,0,1,,Shantall
P9235440,164,1,Playa Blanca,,arana,,,9,2023,sep-24,421.370,5,0,2,0,0,,Shantall
P9235441,164,6,Playa Blanca,,arana,,,9,2023,sep-24,505.480,3,0,0,0,0,,Shantall
P9235442,164,5,Playa Blanca,,arana,,,9,2023,sep-24,113.800,3,0,1,0,0,,Shantall
P9235443,164,4,Playa Blanca,,arana,,,9,2023,sep-24,134.450,2,0,0,0,0,,Shantall
P9235444,164,3,Playa Blanca,,arana,,,9,2023,sep-24,146.670,2,0,0,0,0,,Shantall
P9235445,164,2,Playa Blanca,,arana,,,9,2023,sep-24,255.620,3,0,1,0,0,,Shantall
P9235415,165,1,Playa Blanca,,arana,,,9,2023,sep-24,225.340,3,0,0,0,0,la etiqueta la corrieron de lado ahora la cara 2 de octubre es la cara 1 de septiembre,Shantall
P9235416,165,6,Playa Blanca,,arana,,,9,2023,sep-24,415.640,2,0,0,0,0,hay corales arriba y dificulta poner la escala bien,Shantall
P9235417,165,5,Playa Blanca,,arana,,,9,2023,sep-24,535.500,4,0,0,0,0,,Shantall
P9235418,165,4,Playa Blanca,,arana,,,9,2023,sep-24,0.000,1,1,0,0,1,,Shantall
P9235419,165,3,Playa Blanca,,arana,,,9,2023,sep-24,78.230,2,0,0,0,0,se añadio uno,Shantall
P9235420,165,2,Playa Blanca,,arana,,,9,2023,sep-24,286.460,3,0,2,0,0,,Shantall
P9235423,166,1,Playa Blanca,,arana,,,9,2023,sep-24,344.490,4,0,0,0,1,,Shantall
P9235424,166,6,Playa Blanca,,arana,,,9,2023,sep-24,213.420,2,0,0,1,0,,Shantall
P9235425,166,5,Playa Blanca,,arana,,,9,2023,sep-24,127.270,5,1,0,0,0,,Shantall
P9235426,166,4,Playa Blanca,,arana,,,9,2023,sep-24,248.570,5,1,0,0,1,,Shantall
P9235427,166,3,Playa Blanca,,arana,,,9,2023,sep-24,293.290,5,0,1,0,3,,Shantall
P9235428,166,2,Playa Blanca,,arana,,,9,2023,sep-24,116.480,3,0,1,0,0,,Shantall
PA210749,163,1,Playa Blanca,,arana,,,10,2023,oct-24,25.850,5,1,0,0,3,,Shantall
PA210750,163,6,Playa Blanca,,arana,,,10,2023,oct-24,26.310,4,1,0,0,2,,Shantall
PA210751,163,5,Playa Blanca,,arana,,,10,2023,oct-24,68.320,3,0,0,0,1,,Shantall
PA210752,163,4,Playa Blanca,,arana,,,10,2023,oct-24,42.420,3,1,0,0,1,,Shantall
PA210753,163,3,Playa Blanca,,arana,,,10,2023,oct-24,29.280,2,1,0,0,1,,Shantall
PA210754,163,2,Playa Blanca,,arana,,,10,2023,oct-24,31.560,3,1,0,0,1,,Shantall
PA210693,164,1,Playa Blanca,,arana,,,10,2023,oct-24,174.590,5,0,0,0,3,,Shantall
PA210694,164,6,Playa Blanca,,arana,,,10,2023,oct-24,94.360,3,0,0,0,2,,Shantall
PA210695,164,5,Playa Blanca,,arana,,,10,2023,oct-24,12.100,3,0,0,0,2,,Shantall
PA210696,164,4,Playa Blanca,,arana,,,10,2023,oct-24,95.290,2,0,0,0,2,,Shantall
PA210697,164,3,Playa Blanca,,arana,,,10,2023,oct-24,9.890,2,1,1,0,0,,Shantall
PA210698,164,2,Playa Blanca,,arana,,,10,2023,oct-24,75.860,3,1,0,0,1,,Shantall
PA210818,165,2,Playa Blanca,,arana,,,10,2023,oct-24,251.180,3,0,0,0,0,,Shantall
PA210819,165,1,Playa Blanca,,arana,,,10,2023,oct-24,207.180,3,0,0,0,3,,Shantall
PA210820,165,6,Playa Blanca,,arana,,,10,2023,oct-24,282.870,2,0,0,0,1,,Shantall
PA210821,165,5,Playa Blanca,,arana,,,10,2023,oct-24,276.650,4,1,0,0,3,,Shantall
PA210822,165,4,Playa Blanca,,arana,,,10,2023,oct-24,0.000,1,1,0,0,0,,Shantall
PA210823,165,3,Playa Blanca,,arana,,,10,2023,oct-24,13.390,2,1,1,0,1,,Shantall
PA210757,166,1,Playa Blanca,,arana,,,10,2023,oct-24,300.960,3,0,1,0,1,,Shantall
PA210758,166,6,Playa Blanca,,arana,,,10,2023,oct-24,212.050,2,0,0,0,2,,Shantall
PA210759,166,5,Playa Blanca,,arana,,,10,2023,oct-24,55.790,4,0,1,0,2,,Shantall
PA210761,166,4,Playa Blanca,,arana,,,10,2023,oct-24,151.020,5,2,1,0,0,,Shantall
PA210762,166,3,Playa Blanca,,arana,,,10,2023,oct-24,287.370,5,1,0,0,2,,Shantall
PA210763,166,2,Playa Blanca,,arana,,,10,2023,oct-24,15.770,3,1,0,0,1,,Shantall
DSCN2031,163,1,Playa Blanca,,arana,,,11,2023,nov-24,26.710,4,3,0,0,0,,Shantall
DSCN2032,163,6,Playa Blanca,,arana,,,11,2023,nov-24,8.550,3,0,0,0,2,,Shantall
DSCN2033,163,5,Playa Blanca,,arana,,,11,2023,nov-24,70.610,3,0,0,0,1,,Shantall
DSCN2034,163,4,Playa Blanca,,arana,,,11,2023,nov-24,0.000,2,2,0,0,0,,Shantall
DSCN2035,163,3,Playa Blanca,,arana,,,11,2023,nov-24,54.450,2,1,0,0,0,,Shantall
DSCN2036,163,2,Playa Blanca,,arana,,,11,2023,nov-24,38.200,2,1,1,0,0,,Shantall
DSCN1971,164,1,Playa Blanca,,arana,,,11,2023,nov-24,189.620,5,2,0,0,1,,Shantall
DSCN1972,164,6,Playa Blanca,,arana,,,11,2023,nov-24,52.780,3,1,0,0,1,,Shantall
DSCN1973,164,5,Playa Blanca,,arana,,,11,2023,nov-24,10.940,3,0,0,0,3,,Shantall
DSCN1974,164,4,Playa Blanca,,arana,,,11,2023,nov-24,118.080,2,0,1,0,0,,Shantall
DSCN1975,164,3,Playa Blanca,,arana,,,11,2023,nov-24,18.930,1,0,1,0,0,,Shantall
DSCN1976,164,2,Playa Blanca,,arana,,,11,2023,nov-24,25.400,2,0,0,0,1,,Shantall
DSCN2095,165,2,Playa Blanca,,arana,,,11,2023,nov-24,78.240,2,0,1,1,0,,Shantall
DSCN2096,165,1,Playa Blanca,,arana,,,11,2023,nov-24,205.700,3,0,0,0,2,,Shantall
DSCN2097,165,6,Playa Blanca,,arana,,,11,2023,nov-24,285.300,2,0,1,0,1,,Shantall
DSCN2098,165,5,Playa Blanca,,arana,,,11,2023,nov-24,180.930,2,1,0,1,0,,Shantall
DSCN2099,165,4,Playa Blanca,,arana,,,11,2023,nov-24,0.000,0,0,0,0,0,,Shantall
DSCN2100,165,3,Playa Blanca,,arana,,,11,2023,nov-24,17.840,1,0,0,0,1,,Shantall
DSCN2039,166,1,Playa Blanca,,arana,,,11,2023,nov-24,314.850,3,0,1,0,0,,Shantall
DSCN2040,166,6,Playa Blanca,,arana,,,11,2023,nov-24,216.100,2,1,1,0,0,,Shantall
DSCN2041,166,5,Playa Blanca,,arana,,,11,2023,nov-24,39.750,1,0,0,3,0,,Shantall
DSCN2042,166,4,Playa Blanca,,arana,,,11,2023,nov-24,108.900,3,1,0,0,0,,Shantall
DSCN2043,166,3,Playa Blanca,,arana,,,11,2023,nov-24,310.910,4,1,0,0,1,,Shantall
DSCN2044,166,2,Playa Blanca,,arana,,,11,2023,nov-24,20.800,2,0,0,0,1,,Shantall
P9235407,6,1,Playa Blanca,,arana,,,9,2023,sep-24,790.133,5,0,0,0,1,dificil establecer limites. Las fotos estan muy lejos y horizontales.,Randall
P9235408,6,2,Playa Blanca,,arana,,,9,2023,sep-24,953.543,5,0,0,0,1,Las fotos estan muy lejos y horizontales.,Randall
P9235409,6,3,Playa Blanca,,arana,,,9,2023,sep-24,"1,219.570",5,0,0,0,1,Las fotos estan muy lejos y horizontales.,Randall
P9235410,6,4,Playa Blanca,,arana,,,9,2023,sep-24,883.690,5,0,0,0,0,Las fotos estan muy lejos y horizontales.,Randall
P9235411,6,5,Playa Blanca,,arana,,,9,2023,sep-24,472.309,6,1,2,0,0,Las fotos estan muy lejos y horizontales.,Randall
P9235412,6,6,Playa Blanca,,arana,,,9,2023,sep-24,681.838,6,0,2,0,0,Las fotos estan muy lejos y horizontales.,Randall
P9235413,6,7,Playa Blanca,,arana,,,9,2023,sep-24,"1,929.040",9,0,0,0,2,Las fotos estan muy lejos y horizontales.,Randall
P9235497,7,1,Playa Blanca,,arana,,,9,2023,sep-24,685.013,5,0,0,0,0,,Randall
P9235498,7,2,Playa Blanca,,arana,,,9,2023,sep-24,573.003,4,0,0,0,1,*,Randall
P9235499,7,3,Playa Blanca,,arana,,,9,2023,sep-24,520.035,5,0,0,0,2,no se ve el tubo oara escala,Randall
P9235500,7,4,Playa Blanca,,arana,,,9,2023,sep-24,261.136,2,0,0,0,1,,Randall
P9235501,7,5,Playa Blanca,,arana,,,9,2023,sep-24,479.755,3,0,0,1,0,,Randall
P9235502,7,6,Playa Blanca,,arana,,,9,2023,sep-24,621.454,5,0,1,1,0,,Randall
P9235503,7,7,Playa Blanca,,arana,,,9,2023,sep-24,"1,425.350",8,1,2,0,0,,Randall
P9235508,8,1,Playa Blanca,,arana,,,9,2023,sep-24,582.776,5,0,1,0,0,,Randall
P9235509,8,2,Playa Blanca,,arana,,,9,2023,sep-24,594.787,6,0,0,0,2,,Randall
P9235510,8,3,Playa Blanca,,arana,,,9,2023,sep-24,514.747,5,0,0,0,0,,Randall
P9235511,8,4,Playa Blanca,,arana,,,9,2023,sep-24,800.061,6,0,0,0,1,"Imagen algo turbia, no se ve bien.",Randall
P9235512,8,5,Playa Blanca,,arana,,,9,2023,sep-24,544.751,5,0,0,0,2,,Randall
P9235513,8,6,Playa Blanca,,arana,,,9,2023,sep-24,659.236,6,0,0,0,3,,Randall
P9235514,8,7,Playa Blanca,,arana,,,9,2023,sep-24,"1,598.430",12,1,1,0,2,es posible que en meses anteriores haya incluido fragmentos incorrectos.,Randall
P9235396,9,1,Playa Blanca,,arana,,,9,2023,sep-24,471.952,3,0,0,1,0,,Randall
P9235397,9,2,Playa Blanca,,arana,,,9,2023,sep-24,177.415,5,0,1,1,0,,Randall
P9235398,9,3,Playa Blanca,,arana,,,9,2023,sep-24,281.643,4,0,0,0,0,,Randall
P9235399,9,4,Playa Blanca,,arana,,,9,2023,sep-24,630.550,4,0,0,0,1,blanqueamiento leve,Randall
P9235400,9,5,Playa Blanca,,arana,,,9,2023,sep-24,671.044,6,0,1,0,1,,Randall
P9235401,9,6,Playa Blanca,,arana,,,9,2023,sep-24,686.891,5,0,1,0,0,,Randall
P9235404,9,7,Playa Blanca,,arana,,,9,2023,sep-24,"2,825.540",12,1,0,0,1,dificil distinguir limites,Randall
P9235489,10,1,Playa Blanca,,arana,,,9,2023,sep-24,570.383,3,0,1,0,0,,Randall
P9235490,10,2,Playa Blanca,,arana,,,9,2023,sep-24,557.277,5,0,2,0,0,,Randall
P9235491,10,3,Playa Blanca,,arana,,,9,2023,sep-24,422.880,4,0,1,0,0,,Randall
P9235492,10,4,Playa Blanca,,arana,,,9,2023,sep-24,591.175,4,0,2,0,0,los fragmentos podrian estar blanqueados pero se ven mas bien oscuros,Randall
P9235493,10,5,Playa Blanca,,arana,,,9,2023,sep-24,144.228,2,0,1,0,0,un fragmento esta casi completamente muerto,Randall
P9235494,10,6,Playa Blanca,,arana,,,9,2023,sep-24,485.820,4,0,0,0,1,,Randall
P9235495,10,7,Playa Blanca,,arana,,,9,2023,sep-24,"1,853.740",13,0,1,0,1,,Randall
PA210808,6,1,Playa Blanca,,arana,,,10,2023,oct-24,903.056,5,1,0,0,4,,Randall
PA210809,6,2,Playa Blanca,,arana,,,10,2023,oct-24,837.396,5,0,2,0,5,,Randall
PA210810,6,3,Playa Blanca,,arana,,,10,2023,oct-24,"1,136.860",5,1,1,0,2,,Randall
PA210811,6,4,Playa Blanca,,arana,,,10,2023,oct-24,"1,077.550",5,0,1,0,3,,Randall
PA210812,6,5,Playa Blanca,,arana,,,10,2023,oct-24,327.879,6,1,0,1,2,,Randall
PA210813,6,6,Playa Blanca,,arana,,,10,2023,oct-24,556.059,6,0,0,0,3,blanqueamiento leve,Randall
PA210814,6,7,Playa Blanca,,arana,,,10,2023,oct-24,"1,540.040",9,0,0,0,9,,Randall
PA210800,7,1,Playa Blanca,,arana,,,10,2023,oct-24,427.643,3,0,1,2,2,,Randall
PA210801,7,2,Playa Blanca,,arana,,,10,2023,oct-24,681.815,4,0,1,0,3,,Randall
PA210802,7,3,Playa Blanca,,arana,,,10,2023,oct-24,383.742,4,0,1,1,1,el fragmento esta practicamente muerto,Randall
PA210803,7,4,Playa Blanca,,arana,,,10,2023,oct-24,562.497,4,1,0,0,1,,Randall
PA210804,7,5,Playa Blanca,,arana,,,10,2023,oct-24,273.223,2,0,0,0,1,,Randall
PA210805,7,6,Playa Blanca,,arana,,,10,2023,oct-24,531.745,3,0,0,1,3,,Randall
PA210806,7,7,Playa Blanca,,arana,,,10,2023,oct-24,"1,328.160",8,1,0,0,6,,Randall
PA210792,8,1,Playa Blanca,,arana,,,10,2023,oct-24,547.665,5,0,1,0,5,,Randall
PA210793,8,2,Playa Blanca,,arana,,,10,2023,oct-24,530.033,6,0,1,0,4,,Randall
PA210794,8,3,Playa Blanca,,arana,,,10,2023,oct-24,658.016,5,0,0,0,2,,Randall
PA210795,8,4,Playa Blanca,,arana,,,10,2023,oct-24,849.027,6,0,2,0,3,,Randall
PA210796,8,5,Playa Blanca,,arana,,,10,2023,oct-24,418.287,5,0,2,0,3,,Randall
PA210797,8,6,Playa Blanca,,arana,,,10,2023,oct-24,614.204,6,0,2,0,4,,Randall
PA210798,8,7,Playa Blanca,,arana,,,10,2023,oct-24,993.898,12,2,1,0,9,Dificil definir la escala,Randall
PA210766,9,1,Playa Blanca,,arana,,,10,2023,oct-24,427.339,3,0,0,0,2,,Randall
PA210767,9,2,Playa Blanca,,arana,,,10,2023,oct-24,155.497,5,0,1,0,1,Un fragmento perdido se incluyo en el mes anterior.,Randall
PA210768,9,3,Playa Blanca,,arana,,,10,2023,oct-24,279.796,4,0,1,0,2,,Randall
PA210769,9,4,Playa Blanca,,arana,,,10,2023,oct-24,602.179,4,0,3,0,1,,Randall
PA210770,9,5,Playa Blanca,,arana,,,10,2023,oct-24,618.119,6,1,2,0,5,,Randall
PA210771,9,6,Playa Blanca,,arana,,,10,2023,oct-24,567.110,5,0,2,0,5,Un fragmento caido se atraviesa en la fotografia,Randall
PA210772,9,7,Playa Blanca,,arana,,,10,2023,oct-24,"1,137.280",12,0,3,0,12,No se ve el tubo oara escala. Dificil distinguir los fragmentos.,Randall
PA210774,10,1,Playa Blanca,,arana,,,10,2023,oct-24,549.348,3,0,2,0,3,,Randall
PA210775,10,2,Playa Blanca,,arana,,,10,2023,oct-24,491.780,5,0,3,0,2,,Randall
PA210776,10,3,Playa Blanca,,arana,,,10,2023,oct-24,402.518,4,0,3,0,2,,Randall
PA210777,10,4,Playa Blanca,,arana,,,10,2023,oct-24,388.148,4,1,0,0,3,,Randall
PA210778,10,5,Playa Blanca,,arana,,,10,2023,oct-24,82.443,2,1,0,0,1,,Randall
PA210779,10,6,Playa Blanca,,arana,,,10,2023,oct-24,381.896,4,0,2,0,1,,Randall
PA210781,10,7,Playa Blanca,,arana,,,10,2023,oct-24,"1,557.430",13,0,1,0,12,No se ve el tubo para escala.,Randall
DSCN2087,6,1,Playa Blanca,,arana,,,11,2023,nov-24,281.781,5,2,2,0,1,,Randall
DSCN2088,6,2,Playa Blanca,,arana,,,11,2023,nov-24,394.022,5,0,4,0,1,,Randall
DSCN2089,6,3,Playa Blanca,,arana,,,11,2023,nov-24,698.328,3,0,1,0,2,,Randall
DSCN2090,6,4,Playa Blanca,,arana,,,11,2023,nov-24,560.472,5,0,5,0,2,,Randall
DSCN2091,6,5,Playa Blanca,,arana,,,11,2023,nov-24,355.231,6,1,0,0,2,,Randall
DSCN2092,6,6,Playa Blanca,,arana,,,11,2023,nov-24,487.801,6,0,3,0,0,,Randall
DSCN2093,6,7,Playa Blanca,,arana,,,11,2023,nov-24,938.263,9,2,1,0,7,,Randall
DSCN2079,7,1,Playa Blanca,,arana,,,11,2023,nov-24,248.887,3,0,2,1,1,un fragmento esta casi completamente muerto,Randall
DSCN2080,7,2,Playa Blanca,,arana,,,11,2023,nov-24,565.097,4,2,0,0,1,,Randall
DSCN2081,7,3,Playa Blanca,,arana,,,11,2023,nov-24,213.013,4,2,0,0,0,,Randall
DSCN2082,7,4,Playa Blanca,,arana,,,11,2023,nov-24,391.825,4,2,0,0,0,,Randall
DSCN2083,7,5,Playa Blanca,,arana,,,11,2023,nov-24,183.098,2,0,1,0,0,el fragmento esta practicamente muerto,Randall
DSCN2084,7,6,Playa Blanca,,arana,,,11,2023,nov-24,516.463,3,0,0,0,1,,Randall
DSCN2085,7,7,Playa Blanca,,arana,,,11,2023,nov-24,631.349,8,5,1,0,1,,Randall
DSCN2071,8,1,Playa Blanca,,arana,,,11,2023,nov-24,292.404,5,1,2,0,1,,Randall
DSCN2072,8,2,Playa Blanca,,arana,,,11,2023,nov-24,197.968,6,1,4,0,3,,Randall
DSCN2073,8,3,Playa Blanca,,arana,,,11,2023,nov-24,648.178,5,0,0,0,0,,Randall
DSCN2074,8,4,Playa Blanca,,arana,,,11,2023,nov-24,662.220,6,0,3,0,0,,Randall
DSCN2075,8,5,Playa Blanca,,arana,,,11,2023,nov-24,223.367,5,1,3,0,0,"los fragmentos con mortalidad parcial son parches pequenos, casi completamente muertos.",Randall
DSCN2076,8,6,Playa Blanca,,arana,,,11,2023,nov-24,416.273,6,1,3,0,3,,Randall
DSCN2077,8,7,Playa Blanca,,arana,,,11,2023,nov-24,577.392,12,4,8,1,8,,Randall
DSCN2047,9,1,Playa Blanca,,arana,,,11,2023,nov-24,272.289,3,0,2,0,2,,Randall
DSCN2048,9,2,Playa Blanca,,arana,,,11,2023,nov-24,135.307,5,0,3,2,1,,Randall
DSCN2049,9,3,Playa Blanca,,arana,,,11,2023,nov-24,166.116,4,1,2,0,1,,Randall
DSCN2050,9,4,Playa Blanca,,arana,,,11,2023,nov-24,408.779,4,0,3,0,2,,Randall
DSCN2051,9,5,Playa Blanca,,arana,,,11,2023,nov-24,350.262,6,2,2,0,3,,Randall
DSCN2052,9,6,Playa Blanca,,arana,,,11,2023,nov-24,373.005,5,0,4,0,2,,Randall
DSCN2053,9,7,Playa Blanca,,arana,,,11,2023,nov-24,243.947,12,8,2,0,3,,Randall
DSCN2055,10,1,Playa Blanca,,arana,,,11,2023,nov-24,76.948,3,1,2,0,2,"los fragmentos con mortalidad parcial son parches pequenos, casi completamente muertos.",Randall
DSCN2056,10,2,Playa Blanca,,arana,,,11,2023,nov-24,331.015,5,1,3,0,2,,Randall
DSCN2057,10,3,Playa Blanca,,arana,,,11,2023,nov-24,224.656,4,1,3,0,2,,Randall
DSCN2058,10,4,Playa Blanca,,arana,,,11,2023,nov-24,15.613,4,3,1,0,1,el fragmento parcialmente muerto esta casi completamente muerto. Casi ni vale la pena contarlo.,Randall
DSCN2059,10,5,Playa Blanca,,arana,,,11,2023,nov-24,30.513,2,1,1,0,0,,Randall
DSCN2060,10,6,Playa Blanca,,arana,,,11,2023,nov-24,266.364,4,0,4,0,3,,Randall
DSCN2061,10,7,Playa Blanca,,arana,,,11,2023,nov-24,921.490,12,4,1,1,6,,Randall
DSCN8750,6,1,Playa Blanca,,arana,,,1,2024,ene-24,120.599,5,3,2,0,1,,Randall
DSCN8751,6,2,Playa Blanca,,arana,,,1,2024,ene-24,68.681,5,3,2,1,0,,Randall
DSCN8752,6,3,Playa Blanca,,arana,,,1,2024,ene-24,497.851,4,1,0,0,0,,Randall
DSCN8753,6,4,Playa Blanca,,arana,,,1,2024,ene-24,194.086,5,3,2,0,0,,Randall
DSCN8754,6,5,Playa Blanca,,arana,,,1,2024,ene-24,275.814,6,1,2,0,1,poca mortalidad parcial,Randall
DSCN8755,6,6,Playa Blanca,,arana,,,1,2024,ene-24,219.879,6,1,4,0,1,,Randall
DSCN8756,6,7,Playa Blanca,,arana,,,1,2024,ene-24,498.988,9,3,6,0,5,,Randall
DSCN8758,7,1,Playa Blanca,,arana,,,1,2024,ene-24,202.515,3,0,3,0,1,,Randall
DSCN8759,7,2,Playa Blanca,,arana,,,1,2024,ene-24,514.963,4,0,2,0,1,,Randall
DSCN8760,7,3,Playa Blanca,,arana,,,1,2024,ene-24,207.659,4,2,1,0,0,poca mortalidad parcial,Randall
DSCN8761,7,4,Playa Blanca,,arana,,,1,2024,ene-24,355.747,4,2,0,0,0,,Randall
DSCN8762,7,5,Playa Blanca,,arana,,,1,2024,ene-24,192.400,2,0,1,0,0,,Randall
DSCN8763,7,6,Playa Blanca,,arana,,,1,2024,ene-24,495.792,3,0,0,0,3,,Randall
DSCN8764,7,7,Playa Blanca,,arana,,,1,2024,ene-24,487.204,8,5,3,0,1,,Randall
DSCN8766,8,1,Playa Blanca,,arana,,,1,2024,ene-24,48.173,5,2,3,0,2,estan practicamente muertos,Randall
DSCN8767,8,2,Playa Blanca,,arana,,,1,2024,ene-24,30.953,6,4,3,0,1,estan practicamente muertos,Randall
DSCN8768,8,3,Playa Blanca,,arana,,,1,2024,ene-24,192.836,5,2,2,0,2,,Randall
DSCN8769,8,4,Playa Blanca,,arana,,,1,2024,ene-24,192.665,6,3,3,0,1,,Randall
DSCN8770,8,5,Playa Blanca,,arana,,,1,2024,ene-24,128.300,5,2,3,0,0,solo uno parece capaz de sobrevivir,Randall
DSCN8771,8,6,Playa Blanca,,arana,,,1,2024,ene-24,140.918,6,3,3,0,1,,Randall
DSCN8772,8,7,Playa Blanca,,arana,,,1,2024,ene-24,232.469,12,7,5,0,5,parches pequenos de coral vivo. La mayoria blanqueado.,Randall
DSCN8790,9,1,Playa Blanca,,arana,,,1,2024,ene-24,61.512,3,1,1,0,1,totalmente blanqueado,Randall
DSCN8791,9,2,Playa Blanca,,arana,,,1,2024,ene-24,113.177,5,0,2,1,1,,Randall
DSCN8792,9,3,Playa Blanca,,arana,,,1,2024,ene-24,47.748,3,2,1,0,0,un fragmento esta casi completamente muerto,Randall
DSCN8793,9,4,Playa Blanca,,arana,,,1,2024,ene-24,110.558,4,2,2,0,1,,Randall
DSCN8794,9,5,Playa Blanca,,arana,,,1,2024,ene-24,204.474,6,2,1,0,1,,Randall
DSCN8795,9,6,Playa Blanca,,arana,,,1,2024,ene-24,40.494,5,1,4,0,4,practicamente muerto,Randall
DSCN8796,9,7,Playa Blanca,,arana,,,1,2024,ene-24,184.602,12,7,5,0,1,,Randall
DSCN8782,10,1,Playa Blanca,,arana,,,1,2024,ene-24,41.686,3,1,2,0,1,,Randall
DSCN8783,10,2,Playa Blanca,,arana,,,1,2024,ene-24,104.818,5,2,2,0,0,un fragmento parece haber sido colocado recientemente,Randall
DSCN8784,10,3,Playa Blanca,,arana,,,1,2024,ene-24,26.019,4,2,2,0,2,,Randall
DSCN8785,10,4,Playa Blanca,,arana,,,1,2024,ene-24,21.303,4,3,1,0,0,,Randall
DSCN8786,10,5,Playa Blanca,,arana,,,1,2024,ene-24,59.830,4,2,0,0,0,los dos fragmentos vivos son nuevos,Randall
DSCN8787,10,6,Playa Blanca,,arana,,,1,2024,ene-24,55.593,4,3,1,0,1,,Randall
DSCN8788,10,7,Playa Blanca,,arana,,,1,2024,ene-24,246.654,12,4,3,3,1,,Randall
DSCN9651,6,1,Playa Blanca,,arana,,,2,2024,feb-24,112.495,5,3,2,0,0,Todo febrero se ve amarillo verdoso. Se ve muy mal,Randall
DSCN9652,6,2,Playa Blanca,,arana,,,2,2024,feb-24,59.343,5,3,2,0,0,,Randall
DSCN9653,6,3,Playa Blanca,,arana,,,2,2024,feb-24,570.614,4,1,1,0,0,,Randall
DSCN9654,6,4,Playa Blanca,,arana,,,2,2024,feb-24,245.868,5,3,2,0,0,,Randall
DSCN9655,6,5,Playa Blanca,,arana,,,2,2024,feb-24,316.216,6,1,3,1,1,,Randall
DSCN9656,6,6,Playa Blanca,,arana,,,2,2024,feb-24,243.074,6,0,6,0,0,"fragmentos inferiores estan bastante muertos, con unos parches vivos",Randall
DSCN9657,6,7,Playa Blanca,,arana,,,2,2024,feb-24,725.434,9,2,3,0,0,,Randall
DSCN9643,7,1,Playa Blanca,,arana,,,2,2024,feb-24,195.678,3,0,2,0,0,,Randall
DSCN9644,7,2,Playa Blanca,,arana,,,2,2024,feb-24,539.744,4,0,2,0,0,,Randall
DSCN9645,7,3,Playa Blanca,,arana,,,2,2024,feb-24,147.711,4,2,1,0,0,,Randall
DSCN9646,7,4,Playa Blanca,,arana,,,2,2024,feb-24,417.936,5,1,0,0,0,un fragmento nuevo en el tubo izquierdo,Randall
DSCN9647,7,5,Playa Blanca,,arana,,,2,2024,feb-24,229.618,2,0,1,0,0,,Randall
DSCN9648,7,6,Playa Blanca,,arana,,,2,2024,feb-24,432.492,3,0,1,0,0,,Randall
DSCN9649,7,7,Playa Blanca,,arana,,,2,2024,feb-24,488.920,8,4,1,0,0,,Randall
DSCN9635,8,1,Playa Blanca,,arana,,,2,2024,feb-24,27.155,5,3,1,0,0,practicamente muerto,Randall
DSCN9636,8,2,Playa Blanca,,arana,,,2,2024,feb-24,24.195,6,4,2,0,0,practicamente muerto,Randall
DSCN9637,8,3,Playa Blanca,,arana,,,2,2024,feb-24,181.069,5,3,1,0,0,,Randall
DSCN9638,8,4,Playa Blanca,,arana,,,2,2024,feb-24,171.160,6,3,3,0,0,no se ve el tubo de arriba para escala,Randall
DSCN9639,8,5,Playa Blanca,,arana,,,2,2024,feb-24,133.490,5,3,1,0,0,,Randall
DSCN9640,8,6,Playa Blanca,,arana,,,2,2024,feb-24,20.294,6,3,3,0,0,"parte viva sumamente pequena, fragmentos casi totalmente muertos",Randall
DSCN9641,8,7,Playa Blanca,,arana,,,2,2024,feb-24,114.932,12,7,5,0,2,,Randall
DSCN9611,9,1,Playa Blanca,,arana,,,2,2024,feb-24,43.520,3,2,1,0,0,,Randall
DSCN9612,9,2,Playa Blanca,,arana,,,2,2024,feb-24,133.805,5,2,1,0,0,,Randall
DSCN9613,9,3,Playa Blanca,,arana,,,2,2024,feb-24,34.299,3,1,2,0,0,,Randall
DSCN9614,9,4,Playa Blanca,,arana,,,2,2024,feb-24,84.946,4,2,2,0,0,,Randall
DSCN9615,9,5,Playa Blanca,,arana,,,2,2024,feb-24,163.263,6,4,2,0,0,,Randall
DSCN9616,9,6,Playa Blanca,,arana,,,2,2024,feb-24,0.000,5,5,0,0,0,,Randall
DSCN9617,9,7,Playa Blanca,,arana,,,2,2024,feb-24,41.940,12,9,3,0,0,parches sumamente pequenos de coral vivo,Randall
DSCN9619,10,1,Playa Blanca,,arana,,,2,2024,feb-24,33.443,3,1,2,0,0,,Randall
DSCN9620,10,2,Playa Blanca,,arana,,,2,2024,feb-24,123.365,5,2,2,0,0,,Randall
DSCN9621,10,3,Playa Blanca,,arana,,,2,2024,feb-24,8.619,4,3,1,0,0,practicamente muerto,Randall
DSCN9622,10,4,Playa Blanca,,arana,,,2,2024,feb-24,19.162,4,3,1,0,0,,Randall
DSCN9623,10,5,Playa Blanca,,arana,,,2,2024,feb-24,87.506,4,2,0,0,0,,Randall
DSCN9624,10,6,Playa Blanca,,arana,,,2,2024,feb-24,34.378,4,2,2,0,0,un fragmento practicamente muerto,Randall
DSCN9625,10,7,Playa Blanca,,arana,,,2,2024,feb-24,90.255,12,8,1,3,0,,Randall
DSCN8515,95,1,Playa Blanca,,arana,,,11,2021,nov-24,57.736,4,0,0,0,0,,Andrea
DSCN8516,95,2,Playa Blanca,,arana,,,11,2021,nov-24,172.265,6,0,0,0,0,,Andrea
DSCN8517,95,3,Playa Blanca,,arana,,,11,2021,nov-24,56.119,2,0,0,0,0,,Andrea
DSCN8518,95,4,Playa Blanca,,arana,,,11,2021,nov-24,83.886,5,0,0,0,2,,Andrea
DSCN8519,95,5,Playa Blanca,,arana,,,11,2021,nov-24,25.608,2,0,0,0,0,,Andrea
DSCN8520,95,6,Playa Blanca,,arana,,,11,2021,nov-24,123.218,5,0,0,0,0,,Andrea
DSCN8521,95,7,Playa Blanca,,arana,,,11,2021,nov-24,193.252,11,0,1,0,1,,Andrea
DSCN8539,96,1,Playa Blanca,,arana,,,11,2021,nov-24,71.769,2,0,0,0,0,,Andrea
DSCN8540,96,2,Playa Blanca,,arana,,,11,2021,nov-24,97.871,4,0,0,0,0,,Andrea
DSCN8541,96,3,Playa Blanca,,arana,,,11,2021,nov-24,81.079,5,0,0,0,1,,Andrea
DSCN8542,96,4,Playa Blanca,,arana,,,11,2021,nov-24,67.590,4,0,1,0,0,,Andrea
DSCN8543,96,5,Playa Blanca,,arana,,,11,2021,nov-24,38.384,3,0,1,0,0,,Andrea
DSCN8544,96,6,Playa Blanca,,arana,,,11,2021,nov-24,132.890,4,0,1,0,2,,Andrea
DSCN8545,96,7,Playa Blanca,,arana,,,11,2021,nov-24,161.545,7,0,3,0,0,,Andrea
DSCN8523,97,1,Playa Blanca,,arana,,,11,2021,nov-24,30.914,4,0,1,0,1,,Andrea
DSCN8524,97,2,Playa Blanca,,arana,,,11,2021,nov-24,37.971,5,0,1,0,1,,Andrea
DSCN8525,97,3,Playa Blanca,,arana,,,11,2021,nov-24,80.230,5,0,0,0,0,,Andrea
DSCN8526,97,4,Playa Blanca,,arana,,,11,2021,nov-24,24.826,5,0,0,0,0,,Andrea
DSCN8527,97,5,Playa Blanca,,arana,,,11,2021,nov-24,17.314,3,0,1,0,0,,Andrea
DSCN8528,97,6,Playa Blanca,,arana,,,11,2021,nov-24,75.065,5,0,1,0,0,,Andrea
DSCN8529,97,7,Playa Blanca,,arana,,,11,2021,nov-24,214.448,11,0,2,0,0,,Andrea
DSCN8531,98,1,Playa Blanca,,arana,,,11,2021,nov-24,109.710,2,0,0,0,0,,Andrea
DSCN8532,98,2,Playa Blanca,,arana,,,11,2021,nov-24,56.644,2,0,2,0,1,,Andrea
DSCN8533,98,3,Playa Blanca,,arana,,,11,2021,nov-24,123.814,5,0,0,0,1,,Andrea
DSCN8534,98,4,Playa Blanca,,arana,,,11,2021,nov-24,159.591,5,0,1,0,0,,Andrea
DSCN8535,98,5,Playa Blanca,,arana,,,11,2021,nov-24,135.154,5,0,1,0,0,,Andrea
DSCN8536,98,6,Playa Blanca,,arana,,,11,2021,nov-24,187.440,6,0,0,0,0,,Andrea
DSCN8537,98,7,Playa Blanca,,arana,,,12,2021,nov-24,256.015,10,0,1,0,1,,Andrea
DSCN9256,95,1,Playa Blanca,,arana,,,12,2021,nov-24,80.829,4,0,0,0,0,,Andrea
DSCN9257,95,2,Playa Blanca,,arana,,,12,2021,nov-24,120.929,5,0,1,0,0,,Andrea
DSCN9258,95,3,Playa Blanca,,arana,,,12,2021,nov-24,75.016,3,0,1,0,0,,Andrea
DSCN9259,95,4,Playa Blanca,,arana,,,12,2021,nov-24,95.754,5,0,1,0,0,,Andrea
DSCN9260,95,5,Playa Blanca,,arana,,,12,2021,nov-24,77.131,4,0,0,0,0,,Andrea
DSCN9261,95,6,Playa Blanca,,arana,,,12,2021,nov-24,37.752,2,0,0,0,0,,Andrea
DSCN9262,95,7,Playa Blanca,,arana,,,12,2021,nov-24,205.482,10,0,2,0,0,,Andrea
DSCN9248,96,1,Playa Blanca,,arana,,,12,2021,nov-24,58.753,4,0,1,0,0,,Andrea
DSCN9249,96,2,Playa Blanca,,arana,,,12,2021,nov-24,102.268,4,0,0,0,0,,Andrea
DSCN9250,96,3,Playa Blanca,,arana,,,12,2021,nov-24,95.623,5,0,1,0,0,,Andrea
DSCN9251,96,4,Playa Blanca,,arana,,,12,2021,nov-24,71.760,4,0,0,0,0,,Andrea
DSCN9252,96,5,Playa Blanca,,arana,,,12,2021,nov-24,54.506,4,0,1,0,0,,Andrea
DSCN9253,96,6,Playa Blanca,,arana,,,12,2021,nov-24,46.800,3,0,0,0,0,,Andrea
DSCN9254,96,7,Playa Blanca,,arana,,,12,2021,nov-24,191.274,8,0,3,0,0,,Andrea
DSCN9240,97,1,Playa Blanca,,arana,,,12,2021,nov-24,31.583,4,0,1,0,0,,Andrea
DSCN9241,97,2,Playa Blanca,,arana,,,12,2021,nov-24,31.775,5,0,1,0,1,,Andrea
DSCN9242,97,3,Playa Blanca,,arana,,,12,2021,nov-24,72.547,5,0,0,0,0,,Andrea
DSCN9243,97,4,Playa Blanca,,arana,,,12,2021,nov-24,27.412,5,0,1,0,0,,Andrea
DSCN9244,97,5,Playa Blanca,,arana,,,12,2021,nov-24,31.376,4,0,1,0,0,,Andrea
DSCN9245,97,6,Playa Blanca,,arana,,,12,2021,nov-24,74.291,4,0,0,0,0,,Andrea
DSCN9246,97,7,Playa Blanca,,arana,,,12,2021,nov-24,261.507,11,0,2,0,0,,Andrea
DSCN9264,98,1,Playa Blanca,,arana,,,12,2021,nov-24,122.660,2,0,0,0,0,,Andrea
DSCN9265,98,2,Playa Blanca,,arana,,,12,2021,nov-24,49.707,2,0,0,0,0,,Andrea
DSCN9266,98,3,Playa Blanca,,arana,,,12,2021,nov-24,122.726,4,0,1,0,0,,Andrea
DSCN9267,98,4,Playa Blanca,,arana,,,12,2021,nov-24,172.067,5,0,0,0,0,,Andrea
DSCN9268,98,5,Playa Blanca,,arana,,,12,2021,nov-24,101.563,5,0,1,0,0,,Andrea
DSCN9269,98,6,Playa Blanca,,arana,,,12,2021,nov-24,182.242,6,0,1,0,1,,Andrea
DSCN9270,98,7,Playa Blanca,,arana,,,12,2021,nov-24,256.854,7,0,0,1,0,,Andrea
DSCN8562,95,1,Playa Blanca,,arana,,,3,2022,feb-24,212.755,6,0,1,0,0,,Andrea
DSCN8563,95,2,Playa Blanca,,arana,,,3,2022,feb-24,213.627,4,0,0,1,0,,Andrea
DSCN8564,95,3,Playa Blanca,,arana,,,3,2022,feb-24,91.924,2,0,1,0,0,,Andrea
DSCN8565,95,4,Playa Blanca,,arana,,,3,2022,feb-24,178.949,5,0,1,0,0,,Andrea
DSCN8566,95,5,Playa Blanca,,arana,,,3,2022,feb-24,143.565,4,0,1,0,0,,Andrea
DSCN8567,95,6,Playa Blanca,,arana,,,3,2022,feb-24,83.424,2,0,0,0,0,,Andrea
DSCN8568,95,7,Playa Blanca,,arana,,,3,2022,feb-24,367.268,9,0,1,0,0,,Andrea
DSCN8578,96,1,Playa Blanca,,arana,,,3,2022,feb-24,123.224,3,0,1,0,0,,Andrea
DSCN8579,96,2,Playa Blanca,,arana,,,3,2022,feb-24,221.020,4,0,0,0,0,,Andrea
DSCN8580,96,3,Playa Blanca,,arana,,,3,2022,feb-24,236.725,5,0,0,0,0,,Andrea
DSCN8581,96,4,Playa Blanca,,arana,,,3,2022,feb-24,113.645,4,0,0,0,0,,Andrea
DSCN8582,96,5,Playa Blanca,,arana,,,3,2022,feb-24,140.927,4,0,0,0,0,,Andrea
DSCN8583,96,6,Playa Blanca,,arana,,,3,2022,feb-24,140.136,3,0,1,0,0,,Andrea
DSCN8584,96,7,Playa Blanca,,arana,,,3,2022,feb-24,171.053,7,0,2,1,0,,Andrea
DSCN8554,97,1,Playa Blanca,,arana,,,3,2022,feb-24,80.787,4,0,0,0,0,,Andrea
DSCN8555,97,2,Playa Blanca,,arana,,,3,2022,feb-24,123.760,5,0,0,0,0,,Andrea
DSCN8556,97,3,Playa Blanca,,arana,,,3,2022,feb-24,148.923,4,0,0,0,0,,Andrea
DSCN8557,97,4,Playa Blanca,,arana,,,3,2022,feb-24,137.526,6,0,0,0,0,,Andrea
DSCN8558,97,5,Playa Blanca,,arana,,,3,2022,feb-24,53.460,2,0,1,0,0,,Andrea
DSCN8559,97,6,Playa Blanca,,arana,,,3,2022,feb-24,96.693,3,0,0,0,0,,Andrea
DSCN8560,97,7,Playa Blanca,,arana,,,3,2022,feb-24,363.889,8,0,1,0,0,,Andrea
DSCN8570,98,1,Playa Blanca,,arana,,,3,2022,feb-24,243.135,2,0,0,0,0,,Andrea
DSCN8571,98,2,Playa Blanca,,arana,,,3,2022,feb-24,95.494,2,0,1,0,0,,Andrea
DSCN8572,98,3,Playa Blanca,,arana,,,3,2022,feb-24,204.805,4,0,0,0,0,,Andrea
DSCN8573,98,4,Playa Blanca,,arana,,,3,2022,feb-24,181.543,5,0,1,0,0,,Andrea
DSCN8574,98,5,Playa Blanca,,arana,,,3,2022,feb-24,141.626,4,0,0,0,0,,Andrea
DSCN8575,98,6,Playa Blanca,,arana,,,3,2022,feb-24,137.922,5,0,1,0,0,,Andrea
DSCN8576,98,7,Playa Blanca,,arana,,,3,2022,feb-24,382.782,8,0,1,0,0,,Andrea
DSCN9209,95,1,Playa Blanca,,arana,,,4,2022,abr-24,258.778,4,0,0,0,0,,Andrea
DSCN9210,95,2,Playa Blanca,,arana,,,4,2022,abr-24,138.569,3,0,0,0,0,,Andrea
DSCN9211,95,3,Playa Blanca,,arana,,,4,2022,abr-24,206.801,4,0,0,0,0,,Andrea
DSCN9212,95,4,Playa Blanca,,arana,,,4,2022,abr-24,258.176,5,0,1,0,0,,Andrea
DSCN9213,95,5,Playa Blanca,,arana,,,4,2022,abr-24,195.854,4,0,0,0,0,,Andrea
DSCN9214,95,6,Playa Blanca,,arana,,,4,2022,abr-24,280.772,4,0,1,0,0,,Andrea
DSCN9215,95,7,Playa Blanca,,arana,,,4,2022,abr-24,505.783,10,0,0,0,0,,Andrea
DSCN9201,96,1,Playa Blanca,,arana,,,4,2022,abr-24,120.995,3,0,1,0,0,,Andrea
DSCN9202,96,2,Playa Blanca,,arana,,,4,2022,abr-24,164.475,3,0,1,0,0,,Andrea
DSCN9203,96,3,Playa Blanca,,arana,,,4,2022,abr-24,192.898,4,0,0,0,0,,Andrea
DSCN9204,96,4,Playa Blanca,,arana,,,4,2022,abr-24,172.608,4,0,1,0,0,,Andrea
DSCN9205,96,5,Playa Blanca,,arana,,,4,2022,abr-24,236.819,4,0,0,0,0,,Andrea
DSCN9206,96,6,Playa Blanca,,arana,,,4,2022,abr-24,257.601,4,0,0,0,0,,Andrea
DSCN9207,96,7,Playa Blanca,,arana,,,4,2022,abr-24,233.546,6,0,2,1,0,,Andrea
DSCN9193,97,1,Playa Blanca,,arana,,,4,2022,abr-24,96.571,4,0,0,0,0,,Andrea
DSCN9194,97,2,Playa Blanca,,arana,,,4,2022,abr-24,118.898,3,0,0,0,0,,Andrea
DSCN9195,97,3,Playa Blanca,,arana,,,4,2022,abr-24,69.947,2,0,1,0,0,,Andrea
DSCN9196,97,4,Playa Blanca,,arana,,,4,2022,abr-24,122.672,5,0,0,0,0,,Andrea
DSCN9197,97,5,Playa Blanca,,arana,,,4,2022,abr-24,224.057,4,0,0,0,0,,Andrea
DSCN9198,97,6,Playa Blanca,,arana,,,4,2022,abr-24,135.594,5,0,0,0,0,,Andrea
DSCN9199,97,7,Playa Blanca,,arana,,,4,2022,abr-24,426.030,9,0,1,0,0,,Andrea
DSCN9217,98,1,Playa Blanca,,arana,,,4,2022,abr-24,292.120,2,0,0,0,0,,Andrea
DSCN9218,98,2,Playa Blanca,,arana,,,4,2022,abr-24,273.533,5,0,0,0,0,,Andrea
DSCN9219,98,3,Playa Blanca,,arana,,,4,2022,abr-24,247.957,4,0,1,0,0,,Andrea
DSCN9220,98,4,Playa Blanca,,arana,,,4,2022,abr-24,289.340,5,0,1,0,0,,Andrea
DSCN9221,98,5,Playa Blanca,,arana,,,4,2022,abr-24,316.089,4,0,0,0,0,,Andrea
DSCN9222,98,6,Playa Blanca,,arana,,,4,2022,abr-24,91.710,2,0,1,0,0,,Andrea
DSCN9223,98,7,Playa Blanca,,arana,,,4,2022,abr-24,362.641,8,0,1,1,0,,Andrea
DSCN0103,95,1,Playa Blanca,,arana,,,5,2022,may-24,354.513,5,0,0,0,0,,Andrea
DSCN0104,95,2,Playa Blanca,,arana,,,5,2022,may-24,326.342,4,0,0,0,0,,Andrea
DSCN0105,95,3,Playa Blanca,,arana,,,5,2022,may-24,140.023,3,0,0,0,0,,Andrea
DSCN0106,95,4,Playa Blanca,,arana,,,5,2022,may-24,241.838,3,0,0,0,0,,Andrea
DSCN0107,95,5,Playa Blanca,,arana,,,5,2022,may-24,152.930,4,0,1,0,0,,Andrea
DSCN0108,95,6,Playa Blanca,,arana,,,5,2022,may-24,103.204,2,0,0,0,0,,Andrea
DSCN0109,95,7,Playa Blanca,,arana,,,5,2022,may-24,582.878,11,0,0,0,0,,Andrea
DSCN0086,96,1,Playa Blanca,,arana,,,5,2022,may-24,139.832,3,0,1,0,0,,Andrea
DSCN0087,96,2,Playa Blanca,,arana,,,5,2022,may-24,292.670,4,0,0,0,0,,Andrea
DSCN0088,96,3,Playa Blanca,,arana,,,5,2022,may-24,203.835,4,0,0,0,0,,Andrea
DSCN0089,96,4,Playa Blanca,,arana,,,5,2022,may-24,109.440,3,0,1,0,0,,Andrea
DSCN0090,96,5,Playa Blanca,,arana,,,5,2022,may-24,164.205,4,0,1,0,0,,Andrea
DSCN0091,96,6,Playa Blanca,,arana,,,5,2022,may-24,187.875,3,0,1,0,0,,Andrea
DSCN0092,96,7,Playa Blanca,,arana,,,5,2022,may-24,236.174,5,0,2,0,0,,Andrea
DSCN0095,97,1,Playa Blanca,,arana,,,5,2022,may-24,117.249,4,0,1,0,0,,Andrea
DSCN0096,97,2,Playa Blanca,,arana,,,5,2022,may-24,139.918,5,0,0,0,0,,Andrea
DSCN0097,97,3,Playa Blanca,,arana,,,5,2022,may-24,176.905,4,0,1,0,0,,Andrea
DSCN0098,97,4,Playa Blanca,,arana,,,5,2022,may-24,116.278,5,0,0,0,0,,Andrea
DSCN0099,97,5,Playa Blanca,,arana,,,5,2022,may-24,69.441,2,0,1,0,0,,Andrea
DSCN0100,97,6,Playa Blanca,,arana,,,5,2022,may-24,125.185,3,0,1,1,0,,Andrea
DSCN0101,97,7,Playa Blanca,,arana,,,5,2022,may-24,437.118,9,1,1,0,0,,Andrea
DSCN0111,98,1,Playa Blanca,,arana,,,5,2022,may-24,85.413,1,0,0,1,0,,Andrea
DSCN0113,98,2,Playa Blanca,,arana,,,5,2022,may-24,72.762,2,0,0,0,0,,Andrea
DSCN0114,98,3,Playa Blanca,,arana,,,5,2022,may-24,312.488,4,0,0,0,0,,Andrea
DSCN0115,98,4,Playa Blanca,,arana,,,5,2022,may-24,237.424,5,0,1,0,0,,Andrea
DSCN0116,98,5,Playa Blanca,,arana,,,5,2022,may-24,202.700,5,0,0,0,0,,Andrea
DSCN0117,98,6,Playa Blanca,,arana,,,5,2022,may-24,225.598,5,0,1,0,0,,Andrea
DSCN0118,98,7,Playa Blanca,,arana,,,5,2022,may-24,344.484,5,0,2,0,0,,Andrea
DSCN0502,95,1,Playa Blanca,,arana,,,6,2022,jun-24,289.260,5,0,0,0,0,,Andrea
DSCN0503,95,2,Playa Blanca,,arana,,,6,2022,jun-24,91.310,2,0,0,0,0,,Andrea
DSCN0504,95,3,Playa Blanca,,arana,,,6,2022,jun-24,247.506,4,0,1,0,0,,Andrea
DSCN0505,95,4,Playa Blanca,,arana,,,6,2022,jun-24,232.416,3,0,0,0,0,,Andrea
DSCN0506,95,5,Playa Blanca,,arana,,,6,2022,jun-24,77.174,1,0,0,0,0,,Andrea
DSCN0507,95,6,Playa Blanca,,arana,,,6,2022,jun-24,75.481,2,0,1,0,0,,Andrea
DSCN0508,95,7,Playa Blanca,,arana,,,6,2022,jun-24,469.868,10,0,0,0,0,,Andrea
DSCN0560,96,1,Playa Blanca,,arana,,,6,2022,jun-24,142.791,3,0,1,0,0,,Andrea
DSCN0561,96,2,Playa Blanca,,arana,,,6,2022,jun-24,211.665,3,0,1,0,0,,Andrea
DSCN0562,96,3,Playa Blanca,,arana,,,6,2022,jun-24,209.899,4,0,1,0,0,,Andrea
DSCN0563,96,4,Playa Blanca,,arana,,,6,2022,jun-24,54.002,2,0,0,0,0,,Andrea
DSCN0564,96,5,Playa Blanca,,arana,,,6,2022,jun-24,270.926,4,0,0,0,0,,Andrea
DSCN0565,96,6,Playa Blanca,,arana,,,6,2022,jun-24,303.130,4,0,0,0,0,,Andrea
DSCN0566,96,7,Playa Blanca,,arana,,,6,2022,jun-24,225.411,5,0,2,2,0,,Andrea
DSCN0494,97,1,Playa Blanca,,arana,,,6,2022,jun-24,124.328,4,0,0,0,0,,Andrea
DSCN0495,97,2,Playa Blanca,,arana,,,6,2022,jun-24,113.773,3,0,0,1,0,,Andrea
DSCN0496,97,3,Playa Blanca,,arana,,,6,2022,jun-24,86.703,2,0,1,1,0,,Andrea
DSCN0497,97,4,Playa Blanca,,arana,,,6,2022,jun-24,122.214,5,0,1,0,0,,Andrea
DSCN0498,97,5,Playa Blanca,,arana,,,6,2022,jun-24,212.115,4,0,1,0,0,,Andrea
DSCN0499,97,6,Playa Blanca,,arana,,,6,2022,jun-24,107.069,5,0,1,0,0,,Andrea
DSCN0500,97,7,Playa Blanca,,arana,,,6,2022,jun-24,472.549,9,0,1,0,0,,Andrea
DSCN0510,98,1,Playa Blanca,,arana,,,6,2022,jun-24,59.337,1,0,0,0,0,,Andrea
DSCN0511,98,2,Playa Blanca,,arana,,,6,2022,jun-24,131.923,5,0,0,0,0,,Andrea
DSCN0512,98,3,Playa Blanca,,arana,,,6,2022,jun-24,177.925,4,0,0,0,0,,Andrea
DSCN0513,98,4,Playa Blanca,,arana,,,6,2022,jun-24,319.489,5,0,2,0,0,,Andrea
DSCN0514,98,5,Playa Blanca,,arana,,,6,2022,jun-24,344.580,4,0,0,0,0,,Andrea
DSCN0515,98,6,Playa Blanca,,arana,,,6,2022,jun-24,68.014,2,0,1,0,0,,Andrea
DSCN0516,98,7,Playa Blanca,,arana,,,6,2022,jun-24,425.699,3,0,1,0,0,,Andrea
DSCN8454,101,4,Playa Blanca,,arana,,,3,2022,mar-24,158.854,3,0,0,3,0,,Chiara
DSCN8651,101,1,Playa Blanca,,arana,,,3,2022,mar-24,532.279,5,0,0,0,0,,Chiara
DSCN8652,101,2,Playa Blanca,,arana,,,3,2022,mar-24,181.027,3,0,0,0,0,,Chiara
DSCN8653,101,3,Playa Blanca,,arana,,,3,2022,mar-24,295.947,5,0,0,1,0,,Chiara
DSCN8655,101,5,Playa Blanca,,arana,,,3,2022,mar-24,290.124,4,0,1,2,0,,Chiara
DSCN8656,101,6,Playa Blanca,,arana,,,3,2022,mar-24,424.306,4,0,0,0,0,,Chiara
DSCN8657,101,7,Playa Blanca,,arana,,,3,2022,mar-24,972.079,8,0,0,6,0,,Chiara
DSCN9312,101,1,Playa Blanca,,arana,,,4,2022,abr-24,554.334,4,0,0,0,0,,Chiara
DSCN9313,101,6,Playa Blanca,,arana,,,4,2022,abr-24,375.971,4,0,1,0,0,,Chiara
DSCN9314,101,5,Playa Blanca,,arana,,,4,2022,abr-24,266.849,4,0,0,2,0,,Chiara
DSCN9315,101,4,Playa Blanca,,arana,,,4,2022,abr-24,197.822,3,0,0,3,0,calidad baja de imagen,Chiara
DSCN9316,101,3,Playa Blanca,,arana,,,4,2022,abr-24,360.820,5,0,0,0,0,calidad baja de imagen,Chiara
DSCN9317,101,2,Playa Blanca,,arana,,,4,2022,abr-24,211.506,3,0,0,0,0,,Chiara
DSCN9318,101,7,Playa Blanca,,arana,,,4,2022,abr-24,927.944,8,0,0,6,0,,Chiara
DSCN0002,11,1,Playa Blanca,,arana,,,5,2022,may-24,214.207,2,0,0,3,0,,Chiara
DSCN0003,11,2,Playa Blanca,,arana,,,5,2022,may-24,366.331,3,0,0,0,0,,Chiara
DSCN0004,11,3,Playa Blanca,,arana,,,5,2022,may-24,417.242,4,0,2,0,1,,Chiara
DSCN0005,11,4,Playa Blanca,,arana,,,5,2022,may-24,255.676,1,0,0,1,0,,Chiara
DSCN0006,11,5,Playa Blanca,,arana,,,5,2022,may-24,438.126,5,0,1,0,0,,Chiara
DSCN0007,11,6,Playa Blanca,,arana,,,5,2022,may-24,525.702,5,0,1,0,0,,Chiara
DSCN0008,11,7,Playa Blanca,,arana,,,5,2022,may-24,743.986,7,0,0,0,0,,Chiara
DSCN0020,101,1,Playa Blanca,,arana,,,5,2022,may-24,667.259,5,0,0,0,0,,Chiara
DSCN0021,101,2,Playa Blanca,,arana,,,5,2022,may-24,207.328,3,0,0,0,1,,Chiara
DSCN0022,101,3,Playa Blanca,,arana,,,5,2022,may-24,397.627,4,0,0,0,0,calidad baja de imagen,Chiara
DSCN0023,101,4,Playa Blanca,,arana,,,5,2022,may-24,263.059,3,0,0,0,0,calidad baja de imagen,Chiara
DSCN0024,101,5,Playa Blanca,,arana,,,5,2022,may-24,467.283,4,0,0,0,0,,Chiara
DSCN0025,101,6,Playa Blanca,,arana,,,5,2022,may-24,411.560,3,0,0,0,0,,Chiara
DSCN0026,101,7,Playa Blanca,,arana,,,5,2022,may-24,"1,201.290",8,0,0,0,0,,Chiara
DSCN9969,90,6,Playa Blanca,,arana,,,5,2022,may-24,309.412,5,1,0,1,0,,Chiara
DSCN9970,90,1,Playa Blanca,,arana,,,5,2022,may-24,655.947,7,0,0,0,0,,Chiara
DSCN9971,90,2,Playa Blanca,,arana,,,5,2022,may-24,307.507,2,0,0,0,0,,Chiara
DSCN9972,90,3,Playa Blanca,,arana,,,5,2022,may-24,346.084,3,0,0,0,0,,Chiara
DSCN9973,90,4,Playa Blanca,,arana,,,5,2022,may-24,100.081,1,0,0,0,0,calidad baja de imagen,Chiara
DSCN9974,90,5,Playa Blanca,,arana,,,5,2022,may-24,519.538,5,0,0,0,0,,Chiara
DSCN9975,90,7,Playa Blanca,,arana,,,5,2022,may-24,700.098,7,0,0,0,0,,Chiara
DSCN9985,14,1,Playa Blanca,,arana,,,5,2022,may-24,418.320,3,0,2,1,0,,Chiara
DSCN9986,14,2,Playa Blanca,,arana,,,5,2022,may-24,208.251,2,0,0,0,0,,Chiara
DSCN9987,14,3,Playa Blanca,,arana,,,5,2022,may-24,600.193,4,0,0,0,0,,Chiara
DSCN9988,14,4,Playa Blanca,,arana,,,5,2022,may-24,600.662,4,0,0,0,0,,Chiara
DSCN9989,14,5,Playa Blanca,,arana,,,5,2022,may-24,370.637,3,0,0,0,0,,Chiara
DSCN9990,14,6,Playa Blanca,,arana,,,5,2022,may-24,151.434,1,0,0,2,0,,Chiara
DSCN9991,14,7,Playa Blanca,,arana,,,5,2022,may-24,949.815,7,0,0,2,0,Imagen incompleta,Chiara
DSCN9993,107,1,Playa Blanca,,arana,,,5,2022,may-24,684.142,5,0,0,0,0,,Chiara
DSCN9994,107,2,Playa Blanca,,arana,,,5,2022,may-24,767.287,7,0,0,0,0,,Chiara
DSCN9995,107,3,Playa Blanca,,arana,,,5,2022,may-24,302.006,3,0,0,0,0,,Chiara
DSCN9996,107,4,Playa Blanca,,arana,,,5,2022,may-24,829.544,6,0,0,0,0,,Chiara
DSCN9997,107,5,Playa Blanca,,arana,,,5,2022,may-24,575.708,6,0,0,0,0,,Chiara
DSCN9998,107,6,Playa Blanca,,arana,,,5,2022,may-24,346.170,2,0,0,0,0,,Chiara
DSCN9999,107,7,Playa Blanca,,arana,,,5,2022,may-24,"2,229.430",13,0,0,0,0,Imagen incompleta,Chiara
DSCN0584,90,4,Playa Blanca,,arana,,,6,2022,jun-24,84.647,1,0,0,2,0,,Chiara
DSCN0585,90,3,Playa Blanca,,arana,,,6,2022,jun-24,338.926,3,0,0,0,0,,Chiara
DSCN0586,90,2,Playa Blanca,,arana,,,6,2022,jun-24,345.644,1,0,0,0,0,,Chiara
DSCN0587,90,1,Playa Blanca,,arana,,,6,2022,jun-24,574.694,7,0,0,0,0,,Chiara
DSCN0588,90,6,Playa Blanca,,arana,,,6,2022,jun-24,365.265,5,0,1,1,0,,Chiara
DSCN0589,90,5,Playa Blanca,,arana,,,6,2022,jun-24,532.663,5,0,0,0,0,,Chiara
DSCN0590,90,7,Playa Blanca,,arana,,,6,2022,jun-24,677.730,7,0,0,2,0,,Chiara
DSCN0608,101,1,Playa Blanca,,arana,,,6,2022,jun-24,577.103,5,0,0,0,0,,Chiara
DSCN0609,101,6,Playa Blanca,,arana,,,6,2022,jun-24,339.245,3,0,0,1,0,,Chiara
DSCN0610,101,5,Playa Blanca,,arana,,,6,2022,jun-24,420.648,4,0,0,0,1,,Chiara
DSCN0611,101,4,Playa Blanca,,arana,,,6,2022,jun-24,187.853,3,0,0,1,0,,Chiara
DSCN0612,101,3,Playa Blanca,,arana,,,6,2022,jun-24,401.413,5,0,1,0,0,,Chiara
DSCN0613,101,2,Playa Blanca,,arana,,,6,2022,jun-24,242.140,3,0,1,0,0,,Chiara
DSCN0614,101,7,Playa Blanca,,arana,,,6,2022,jun-24,"1,323.990",8,0,0,3,0,,Chiara
DSCN0616,107,1,Playa Blanca,,arana,,,6,2022,jun-24,495.455,5,0,0,0,0,,Chiara
DSCN0617,107,6,Playa Blanca,,arana,,,6,2022,jun-24,216.385,2,0,0,2,0,,Chiara
DSCN0618,107,5,Playa Blanca,,arana,,,6,2022,jun-24,577.672,6,0,0,0,0,,Chiara
DSCN0619,107,4,Playa Blanca,,arana,,,6,2022,jun-24,753.514,5,0,0,0,0,,Chiara
DSCN0620,107,3,Playa Blanca,,arana,,,6,2022,jun-24,274.516,3,0,0,1,0,,Chiara
DSCN0621,107,2,Playa Blanca,,arana,,,6,2022,jun-24,717.943,6,0,0,0,0,,Chiara
DSCN0622,107,7,Playa Blanca,,arana,,,6,2022,jun-24,"1,832.420",13,0,0,1,0,calidad baja de imagen,Chiara
DSCN0624,14,1,Playa Blanca,,arana,,,6,2022,jun-24,269.083,3,0,0,0,0,,Chiara
DSCN0625,14,6,Playa Blanca,,arana,,,6,2022,jun-24,127.329,1,0,0,1,0,,Chiara
DSCN0626,14,5,Playa Blanca,,arana,,,6,2022,jun-24,308.249,3,0,0,1,0,,Chiara
DSCN0627,14,4,Playa Blanca,,arana,,,6,2022,jun-24,546.296,4,0,0,0,0,,Chiara
DSCN0628,14,3,Playa Blanca,,arana,,,6,2022,jun-24,548.053,5,0,0,0,0,,Chiara
DSCN0629,14,2,Playa Blanca,,arana,,,6,2022,jun-24,184.042,2,0,0,1,0,,Chiara
DSCN0630,14,7,Playa Blanca,,arana,,,6,2022,jun-24,"1,131.190",7,0,0,1,0,,Chiara
DSCN0632,11,1,Playa Blanca,,arana,,,6,2022,jun-24,167.349,2,0,1,3,0,,Chiara
DSCN0633,11,6,Playa Blanca,,arana,,,6,2022,jun-24,529.592,5,0,0,0,0,,Chiara
DSCN0634,11,5,Playa Blanca,,arana,,,6,2022,jun-24,287.956,5,0,0,0,2,calidad baja de imagen,Chiara
DSCN0635,11,4,Playa Blanca,,arana,,,6,2022,jun-24,212.338,1,0,0,0,0,calidad baja de imagen,Chiara
DSCN0636,11,3,Playa Blanca,,arana,,,6,2022,jun-24,330.918,4,0,3,0,0,,Chiara
DSCN0637,11,2,Playa Blanca,,arana,,,6,2022,jun-24,436.819,3,0,0,0,1,,Chiara
DSCN1174,90,1,Playa Blanca,,arana,,,7,2022,jul-24,821.825,7,0,0,1,0,,Chiara
DSCN1175,90,6,Playa Blanca,,arana,,,7,2022,jul-24,507.205,5,0,1,0,0,calidad baja de imagen,Chiara
DSCN1176,90,5,Playa Blanca,,arana,,,7,2022,jul-24,667.719,5,0,0,0,0,,Chiara
DSCN1177,90,4,Playa Blanca,,arana,,,7,2022,jul-24,114.423,1,0,1,2,0,,Chiara
DSCN1178,90,3,Playa Blanca,,arana,,,7,2022,jul-24,405.109,3,0,0,0,1,,Chiara
DSCN1179,90,2,Playa Blanca,,arana,,,7,2022,jul-24,386.055,2,0,0,2,0,,Chiara
DSCN1180,90,7,Playa Blanca,,arana,,,7,2022,jul-24,688.810,7,0,0,1,0,,Chiara
DSCN1198,101,1,Playa Blanca,,arana,,,7,2022,jul-24,749.574,5,0,0,0,0,,Chiara
DSCN1199,101,6,Playa Blanca,,arana,,,7,2022,jul-24,633.528,4,0,1,0,0,,Chiara
DSCN1200,101,5,Playa Blanca,,arana,,,7,2022,jul-24,508.974,4,0,0,1,0,,Chiara
DSCN1201,101,4,Playa Blanca,,arana,,,7,2022,jul-24,302.084,3,0,0,4,0,,Chiara
DSCN1202,101,3,Playa Blanca,,arana,,,7,2022,jul-24,483.488,5,0,0,0,0,,Chiara
DSCN1203,101,2,Playa Blanca,,arana,,,7,2022,jul-24,309.831,3,0,0,0,0,,Chiara
DSCN1204,101,7,Playa Blanca,,arana,,,7,2022,jul-24,"1,397.510",8,0,0,3,0,,Chiara
DSCN1206,107,1,Playa Blanca,,arana,,,7,2022,jul-24,619.878,5,0,0,0,0,,Chiara
DSCN1207,107,6,Playa Blanca,,arana,,,7,2022,jul-24,188.372,1,0,0,2,0,,Chiara
DSCN1208,107,5,Playa Blanca,,arana,,,7,2022,jul-24,702.609,3,0,0,3,0,,Chiara
DSCN1209,107,4,Playa Blanca,,arana,,,7,2022,jul-24,655.123,4,0,0,1,0,,Chiara
DSCN1210,107,3,Playa Blanca,,arana,,,7,2022,jul-24,483.946,4,0,1,2,1,,Chiara
DSCN1211,107,2,Playa Blanca,,arana,,,7,2022,jul-24,"1,038.080",7,0,0,0,0,,Chiara
DSCN1213,107,7,Playa Blanca,,arana,,,7,2022,jul-24,"2,198.060",13,0,0,0,0,,Chiara
DSCN1215,14,1,Playa Blanca,,arana,,,7,2022,jul-24,426.610,3,0,1,1,0,,Chiara
DSCN1216,14,6,Playa Blanca,,arana,,,7,2022,jul-24,201.315,1,0,0,1,0,,Chiara
DSCN1217,14,5,Playa Blanca,,arana,,,7,2022,jul-24,348.083,3,0,0,1,0,,Chiara
DSCN1218,14,4,Playa Blanca,,arana,,,7,2022,jul-24,721.680,4,0,0,1,0,,Chiara
DSCN1219,14,3,Playa Blanca,,arana,,,7,2022,jul-24,764.853,4,0,1,0,0,,Chiara
DSCN1220,14,2,Playa Blanca,,arana,,,7,2022,jul-24,231.920,2,0,0,1,0,,Chiara
DSCN1221,14,7,Playa Blanca,,arana,,,7,2022,jul-24,"1,114.890",7,0,0,1,0,,Chiara
DSCN1223,11,1,Playa Blanca,,arana,,,7,2022,jul-24,149.962,1,0,0,2,0,,Chiara
DSCN1224,11,6,Playa Blanca,,arana,,,7,2022,jul-24,737.120,5,0,0,0,0,,Chiara
DSCN1225,11,5,Playa Blanca,,arana,,,7,2022,jul-24,407.208,5,0,0,0,1,,Chiara
DSCN1226,11,4,Playa Blanca,,arana,,,7,2022,jul-24,248.986,1,0,0,2,0,,Chiara
DSCN1227,11,3,Playa Blanca,,arana,,,7,2022,jul-24,374.257,4,0,1,0,0,,Chiara
DSCN1228,11,2,Playa Blanca,,arana,,,7,2022,jul-24,507.115,3,0,0,0,0,,Chiara
DSCN1229,11,7,Playa Blanca,,arana,,,7,2022,jul-24,788.584,7,0,0,2,0,,Chiara
DSCN8055,11,1,Playa Blanca,,arana,,,8,2022,ago-24,179.436,1,0,0,0,0,,Chiara
DSCN8056,11,2,Playa Blanca,,arana,,,8,2022,ago-24,502.489,3,0,0,0,0,,Chiara
DSCN8057,11,3,Playa Blanca,,arana,,,8,2022,ago-24,400.526,4,0,1,0,0,,Chiara
DSCN8058,11,4,Playa Blanca,,arana,,,8,2022,ago-24,257.395,1,0,0,2,0,,Chiara
DSCN8059,11,5,Playa Blanca,,arana,,,8,2022,ago-24,435.916,5,0,0,1,0,,Chiara
DSCN8060,11,6,Playa Blanca,,arana,,,8,2022,ago-24,721.279,5,0,0,0,0,,Chiara
DSCN8061,11,7,Playa Blanca,,arana,,,8,2022,ago-24,822.333,7,0,0,2,0,,Chiara
DSCN8095,101,1,Playa Blanca,,arana,,,8,2022,ago-24,776.907,5,0,0,0,0,,Chiara
DSCN8096,101,2,Playa Blanca,,arana,,,8,2022,ago-24,274.101,3,0,0,0,0,,Chiara
DSCN8097,101,3,Playa Blanca,,arana,,,8,2022,ago-24,482.683,6,0,0,1,0,,Chiara
DSCN8098,101,4,Playa Blanca,,arana,,,8,2022,ago-24,271.686,3,0,0,4,0,,Chiara
DSCN8099,101,5,Playa Blanca,,arana,,,8,2022,ago-24,506.659,4,0,0,1,0,,Chiara
DSCN8100,101,6,Playa Blanca,,arana,,,8,2022,ago-24,492.053,4,0,1,0,0,,Chiara
DSCN8101,101,7,Playa Blanca,,arana,,,8,2022,ago-24,"1,402.020",8,0,0,2,0,,Chiara
DSCN8108,107,1,Playa Blanca,,arana,,,8,2022,ago-24,692.428,5,0,0,0,0,,Chiara
DSCN8109,107,2,Playa Blanca,,arana,,,8,2022,ago-24,957.634,6,0,0,0,0,Imagen incompleta,Chiara
DSCN8110,107,3,Playa Blanca,,arana,,,8,2022,ago-24,439.124,4,0,0,2,0,Imagen incompleta,Chiara
DSCN8111,107,4,Playa Blanca,,arana,,,8,2022,ago-24,653.981,5,0,0,1,0,Imagen incompleta,Chiara
DSCN8112,107,5,Playa Blanca,,arana,,,8,2022,ago-24,485.137,4,0,0,0,0,,Chiara
DSCN8113,107,6,Playa Blanca,,arana,,,8,2022,ago-24,335.100,2,0,0,2,0,,Chiara
DSCN8114,107,7,Playa Blanca,,arana,,,8,2022,ago-24,"2,460.060",13,0,0,1,0,,Chiara
DSCN8118,14,1,Playa Blanca,,arana,,,8,2022,ago-24,376.558,3,0,0,2,0,,Chiara
DSCN8119,14,2,Playa Blanca,,arana,,,8,2022,ago-24,217.866,2,0,0,1,0,,Chiara
DSCN8120,14,3,Playa Blanca,,arana,,,8,2022,ago-24,679.182,4,0,0,0,0,,Chiara
DSCN8121,14,4,Playa Blanca,,arana,,,8,2022,ago-24,650.623,4,0,0,1,0,,Chiara
DSCN8122,14,5,Playa Blanca,,arana,,,8,2022,ago-24,420.212,3,0,0,1,0,,Chiara
DSCN8123,14,6,Playa Blanca,,arana,,,8,2022,ago-24,204.980,1,0,0,0,0,calidad baja de imagen,Chiara
DSCN8124,14,7,Playa Blanca,,arana,,,8,2022,ago-24,"1,215.800",7,0,0,0,0,,Chiara
DSCN8142,90,1,Playa Blanca,,arana,,,8,2022,ago-24,701.830,7,0,0,0,0,,Chiara
DSCN8143,90,2,Playa Blanca,,arana,,,8,2022,ago-24,349.887,2,0,0,1,0,,Chiara
DSCN8144,90,3,Playa Blanca,,arana,,,8,2022,ago-24,481.981,3,0,0,0,1,,Chiara
DSCN8145,90,4,Playa Blanca,,arana,,,8,2022,ago-24,96.369,1,0,0,1,0,,Chiara
DSCN8146,90,5,Playa Blanca,,arana,,,8,2022,ago-24,614.316,5,0,0,0,0,,Chiara
DSCN8147,90,6,Playa Blanca,,arana,,,8,2022,ago-24,356.041,4,0,0,1,0,,Chiara
DSCN8148,90,7,Playa Blanca,,arana,,,8,2022,ago-24,784.676,7,0,0,0,0,,Chiara
DSCN8534,102,1,Playa Blanca,,arana,,,8,2022,ago-24,72.110,6,0,0,0,0,,Chiara
DSCN8535,102,2,Playa Blanca,,arana,,,8,2022,ago-24,64.660,5,0,0,0,0,,Chiara
DSCN8536,102,3,Playa Blanca,,arana,,,8,2022,ago-24,85.631,7,0,0,0,0,,Chiara
DSCN8537,102,4,Playa Blanca,,arana,,,8,2022,ago-24,68.083,5,0,0,0,0,,Chiara
DSCN8538,102,5,Playa Blanca,,arana,,,8,2022,ago-24,68.335,6,0,0,0,0,calidad baja de imagen,Chiara
DSCN8539,102,6,Playa Blanca,,arana,,,8,2022,ago-24,117.284,7,0,0,0,0,calidad baja de imagen,Chiara
DSCN8540,102,7,Playa Blanca,,arana,,,8,2022,ago-24,371.805,9,0,0,0,0,calidad baja de imagen,Chiara
DSCN8561,89,1,Playa Blanca,,arana,,,8,2022,ago-24,72.600,2,0,0,0,0,,Chiara
DSCN8562,89,2,Playa Blanca,,arana,,,8,2022,ago-24,64.337,1,0,0,0,0,,Chiara
DSCN8563,89,3,Playa Blanca,,arana,,,8,2022,ago-24,60.280,1,0,0,0,0,,Chiara
DSCN8564,89,4,Playa Blanca,,arana,,,8,2022,ago-24,157.343,4,0,0,0,0,,Chiara
DSCN8565,89,5,Playa Blanca,,arana,,,8,2022,ago-24,77.050,3,0,0,0,0,,Chiara
DSCN8566,89,6,Playa Blanca,,arana,,,8,2022,ago-24,108.452,6,0,0,0,0,,Chiara
DSCN8567,89,7,Playa Blanca,,arana,,,8,2022,ago-24,259.972,6,0,0,0,0,,Chiara
DSCN8883,102,1,Playa Blanca,,arana,,,9,2022,sep-24,96.224,7,0,0,0,0,,Chiara
DSCN8884,102,2,Playa Blanca,,arana,,,9,2022,sep-24,100.330,5,0,0,0,0,,Chiara
DSCN8885,102,3,Playa Blanca,,arana,,,9,2022,sep-24,89.102,5,0,0,0,0,,Chiara
DSCN8886,102,4,Playa Blanca,,arana,,,9,2022,sep-24,118.847,5,0,0,0,0,,Chiara
DSCN8887,102,5,Playa Blanca,,arana,,,9,2022,sep-24,103.742,6,0,0,0,0,,Chiara
DSCN8888,102,6,Playa Blanca,,arana,,,9,2022,sep-24,148.526,6,0,0,0,0,,Chiara
DSCN8889,102,7,Playa Blanca,,arana,,,9,2022,sep-24,308.973,10,0,0,1,0,,Chiara
DSCN8899,89,1,Playa Blanca,,arana,,,9,2022,sep-24,70.758,2,0,0,0,0,,Chiara
DSCN8900,89,2,Playa Blanca,,arana,,,9,2022,sep-24,70.594,1,0,0,0,0,,Chiara
DSCN8901,89,3,Playa Blanca,,arana,,,9,2022,sep-24,50.396,1,0,0,1,0,,Chiara
DSCN8902,89,4,Playa Blanca,,arana,,,9,2022,sep-24,168.087,3,0,0,0,0,,Chiara
DSCN8903,89,5,Playa Blanca,,arana,,,9,2022,sep-24,119.431,3,0,0,0,0,,Chiara
DSCN8904,89,6,Playa Blanca,,arana,,,9,2022,sep-24,114.892,6,0,0,0,0,,Chiara
DSCN8905,89,7,Playa Blanca,,arana,,,9,2022,sep-24,425.457,6,0,1,0,0,,Chiara
DSCN8971,90,1,Playa Blanca,,arana,,,9,2022,sep-24,848.791,7,0,0,0,0,,Chiara
DSCN8972,90,2,Playa Blanca,,arana,,,9,2022,sep-24,382.551,2,0,0,0,0,,Chiara
DSCN8973,90,3,Playa Blanca,,arana,,,9,2022,sep-24,459.420,3,0,0,1,0,,Chiara
DSCN8974,90,4,Playa Blanca,,arana,,,9,2022,sep-24,92.854,1,0,0,1,0,,Chiara
DSCN8975,90,5,Playa Blanca,,arana,,,9,2022,sep-24,608.729,5,0,0,0,0,,Chiara
DSCN8976,90,6,Playa Blanca,,arana,,,9,2022,sep-24,355.626,4,0,0,2,0,,Chiara
DSCN8977,90,7,Playa Blanca,,arana,,,9,2022,sep-24,782.490,7,0,0,2,0,,Chiara
DSCN8995,14,1,Playa Blanca,,arana,,,9,2022,sep-24,472.119,3,0,0,1,0,,Chiara
DSCN8996,14,2,Playa Blanca,,arana,,,9,2022,sep-24,270.913,2,0,0,1,0,,Chiara
DSCN8997,14,3,Playa Blanca,,arana,,,9,2022,sep-24,857.375,4,0,0,0,0,,Chiara
DSCN8998,14,4,Playa Blanca,,arana,,,9,2022,sep-24,775.502,4,0,0,1,0,,Chiara
DSCN8999,14,5,Playa Blanca,,arana,,,9,2022,sep-24,421.510,3,0,0,1,0,calidad baja de imagen,Chiara
DSCN9000,14,6,Playa Blanca,,arana,,,9,2022,sep-24,229.781,1,0,0,2,0,calidad baja de imagen,Chiara
DSCN9001,14,7,Playa Blanca,,arana,,,9,2022,sep-24,"1,859.480",7,0,0,0,0,,Chiara
DSCN9003,107,1,Playa Blanca,,arana,,,9,2022,sep-24,912.301,5,0,0,0,0,calidad baja de imagen e incompleta,Chiara
DSCN9004,107,2,Playa Blanca,,arana,,,9,2022,sep-24,"1,064.910",6,0,0,0,0,,Chiara
DSCN9005,107,3,Playa Blanca,,arana,,,9,2022,sep-24,456.547,4,0,0,3,0,,Chiara
DSCN9006,107,4,Playa Blanca,,arana,,,9,2022,sep-24,948.521,5,0,0,3,0,,Chiara
DSCN9007,107,5,Playa Blanca,,arana,,,9,2022,sep-24,407.839,4,0,0,1,0,,Chiara
DSCN9008,107,6,Playa Blanca,,arana,,,9,2022,sep-24,443.563,2,0,0,1,0,,Chiara
DSCN9009,107,7,Playa Blanca,,arana,,,9,2022,sep-24,"2,675.800",13,0,0,0,0,calidad baja de imagen,Chiara
DSCN9011,101,1,Playa Blanca,,arana,,,9,2022,sep-24,829.336,5,0,0,0,0,,Chiara
DSCN9012,101,2,Playa Blanca,,arana,,,9,2022,sep-24,282.140,2,0,0,0,0,,Chiara
DSCN9013,101,3,Playa Blanca,,arana,,,9,2022,sep-24,600.918,6,0,0,0,0,,Chiara
DSCN9014,101,4,Playa Blanca,,arana,,,9,2022,sep-24,332.530,3,0,0,3,0,,Chiara
DSCN9015,101,5,Playa Blanca,,arana,,,9,2022,sep-24,663.176,4,0,0,1,0,,Chiara
DSCN9016,101,6,Playa Blanca,,arana,,,9,2022,sep-24,596.220,3,0,1,0,0,,Chiara
DSCN9017,101,7,Playa Blanca,,arana,,,9,2022,sep-24,"1,345.450",8,0,0,4,0,,Chiara
DSCN9057,11,1,Playa Blanca,,arana,,,9,2022,sep-24,333.796,1,0,0,0,0,,Chiara
DSCN9058,11,2,Playa Blanca,,arana,,,9,2022,sep-24,486.282,3,0,0,0,0,calidad baja de imagen,Chiara
DSCN9059,11,3,Playa Blanca,,arana,,,9,2022,sep-24,452.722,4,0,1,1,0,,Chiara
DSCN9061,11,4,Playa Blanca,,arana,,,9,2022,sep-24,229.200,1,0,0,3,0,,Chiara
DSCN9062,11,5,Playa Blanca,,arana,,,9,2022,sep-24,409.323,4,0,0,0,0,,Chiara
DSCN9063,11,6,Playa Blanca,,arana,,,9,2022,sep-24,733.643,5,0,0,0,0,,Chiara
DSCN9064,11,7,Playa Blanca,,arana,,,9,2022,sep-24,987.381,7,0,0,3,0,,Chiara
DSCN9545,101,1,Playa Blanca,,arana,,,10,2022,oct-24,907.457,5,0,0,0,0,,Chiara
DSCN9545,101,3,Playa Blanca,,arana,,,10,2022,oct-24,703.673,6,0,0,0,0,calidad baja de imagen,Chiara
DSCN9547,101,6,Playa Blanca,,arana,,,10,2022,oct-24,602.296,3,0,0,1,0,,Chiara
DSCN9548,101,5,Playa Blanca,,arana,,,10,2022,oct-24,696.827,4,0,0,2,0,,Chiara
DSCN9549,101,4,Playa Blanca,,arana,,,10,2022,oct-24,363.654,3,0,0,4,0,,Chiara
DSCN9552,101,2,Playa Blanca,,arana,,,10,2022,oct-24,344.201,2,0,0,0,0,,Chiara
DSCN9553,101,7,Playa Blanca,,arana,,,10,2022,oct-24,"1,588.540",7,0,0,4,0,,Chiara
DSCN9556,90,1,Playa Blanca,,arana,,,10,2022,oct-24,861.731,7,0,0,1,0,,Chiara
DSCN9557,90,6,Playa Blanca,,arana,,,10,2022,oct-24,459.439,4,0,0,1,0,,Chiara
DSCN9558,90,5,Playa Blanca,,arana,,,10,2022,oct-24,721.363,5,0,0,0,0,,Chiara
DSCN9559,90,4,Playa Blanca,,arana,,,10,2022,oct-24,0.000,0,0,0,2,0,,Chiara
DSCN9560,90,3,Playa Blanca,,arana,,,10,2022,oct-24,541.119,3,0,0,0,0,,Chiara
DSCN9561,90,2,Playa Blanca,,arana,,,10,2022,oct-24,525.500,2,0,0,0,0,,Chiara
DSCN9562,90,7,Playa Blanca,,arana,,,10,2022,oct-24,"1,020.950",7,0,0,2,0,,Chiara
DSCN9580,89,1,Playa Blanca,,arana,,,10,2022,oct-24,105.225,2,0,0,0,0,,Chiara
DSCN9581,89,6,Playa Blanca,,arana,,,10,2022,oct-24,166.523,6,0,0,0,0,,Chiara
DSCN9582,89,5,Playa Blanca,,arana,,,10,2022,oct-24,114.791,3,0,0,0,0,,Chiara
DSCN9583,89,4,Playa Blanca,,arana,,,10,2022,oct-24,178.999,4,0,0,1,0,,Chiara
DSCN9584,89,3,Playa Blanca,,arana,,,10,2022,oct-24,0.000,0,0,0,0,0,,Chiara
DSCN9585,89,2,Playa Blanca,,arana,,,10,2022,oct-24,61.669,1,0,1,0,0,,Chiara
DSCN9586,89,7,Playa Blanca,,arana,,,10,2022,oct-24,426.631,6,0,1,0,0,,Chiara
DSCN9623,107,1,Playa Blanca,,arana,,,10,2022,oct-24,872.752,5,0,0,0,0,,Chiara
DSCN9824,107,6,Playa Blanca,,arana,,,10,2022,oct-24,362.449,2,0,0,2,0,,Chiara
DSCN9625,107,5,Playa Blanca,,arana,,,10,2022,oct-24,578.925,3,0,0,0,0,,Chiara
DSCN9626,107,4,Playa Blanca,,arana,,,10,2022,oct-24,891.837,5,0,0,1,0,,Chiara
DSCN9627,107,3,Playa Blanca,,arana,,,10,2022,oct-24,"1,495.650",4,0,1,3,0,,Chiara
DSCN9628,107,2,Playa Blanca,,arana,,,10,2022,oct-24,"1,151.020",6,0,1,0,0,,Chiara
DSCN9629,107,7,Playa Blanca,,arana,,,10,2022,oct-24,"2,726.620",13,0,0,1,0,,Chiara
DSCN9657,11,1,Playa Blanca,,arana,,,10,2022,oct-24,261.175,2,0,0,0,0,,Chiara
DSCN9658,11,6,Playa Blanca,,arana,,,10,2022,oct-24,776.953,4,0,0,0,0,,Chiara
DSCN9659,11,5,Playa Blanca,,arana,,,10,2022,oct-24,558.423,4,0,0,0,0,,Chiara
DSCN9660,11,4,Playa Blanca,,arana,,,10,2022,oct-24,269.917,2,0,0,2,0,calidad baja de imagen,Chiara
DSCN9661,11,3,Playa Blanca,,arana,,,10,2022,oct-24,576.206,4,0,1,0,0,calidad baja de imagen,Chiara
DSCN9662,11,2,Playa Blanca,,arana,,,10,2022,oct-24,382.203,2,0,0,1,0,,Chiara
DSCN9663,11,7,Playa Blanca,,arana,,,10,2022,oct-24,965.649,7,0,0,2,0,,Chiara
DSCN9665,14,1,Playa Blanca,,arana,,,10,2022,oct-24,396.844,3,0,1,2,0,,Chiara
DSCN9666,14,6,Playa Blanca,,arana,,,10,2022,oct-24,135.235,1,0,1,2,0,,Chiara
DSCN9667,14,5,Playa Blanca,,arana,,,10,2022,oct-24,443.461,3,0,0,1,0,,Chiara
DSCN9668,14,4,Playa Blanca,,arana,,,10,2022,oct-24,752.933,4,0,0,1,0,,Chiara
DSCN9669,14,3,Playa Blanca,,arana,,,10,2022,oct-24,"1,003.830",4,0,0,0,0,,Chiara
DSCN9670,14,2,Playa Blanca,,arana,,,10,2022,oct-24,288.532,2,0,1,0,0,,Chiara
DSCN9671,14,7,Playa Blanca,,arana,,,10,2022,oct-24,"1,387.990",7,0,0,0,0,,Chiara
DSCN9699,102,1,Playa Blanca,,arana,,,10,2022,oct-24,185.268,7,0,0,0,0,,Chiara
DSCN9700,102,6,Playa Blanca,,arana,,,10,2022,oct-24,189.972,6,0,0,1,0,,Chiara
DSCN9701,102,5,Playa Blanca,,arana,,,10,2022,oct-24,135.340,6,0,0,0,0,,Chiara
DSCN9702,102,4,Playa Blanca,,arana,,,10,2022,oct-24,161.465,4,0,0,0,0,,Chiara
DSCN9704,102,2,Playa Blanca,,arana,,,10,2022,oct-24,90.126,3,0,0,0,0,,Chiara
DSCN9704,102,3,Playa Blanca,,arana,,,10,2022,oct-24,131.400,5,0,0,0,0,,Chiara
DSCN9705,102,7,Playa Blanca,,arana,,,10,2022,oct-24,248.153,7,0,0,2,0,,Chiara
DSCN0092,14,1,Playa Blanca,,arana,,,11,2022,nov-24,461.102,3,0,1,1,0,,Chiara
DSCN0093,14,2,Playa Blanca,,arana,,,11,2022,nov-24,326.991,2,0,0,1,0,,Chiara
DSCN0094,14,3,Playa Blanca,,arana,,,11,2022,nov-24,"1,020.510",4,0,0,0,0,,Chiara
DSCN0095,14,4,Playa Blanca,,arana,,,11,2022,nov-24,984.895,4,0,0,1,0,,Chiara
DSCN0096,14,5,Playa Blanca,,arana,,,11,2022,nov-24,550.369,3,0,0,1,0,,Chiara
DSCN0097,14,6,Playa Blanca,,arana,,,11,2022,nov-24,86.175,1,0,1,2,0,,Chiara
DSCN0098,14,7,Playa Blanca,,arana,,,11,2022,nov-24,"1,399.830",7,0,0,0,0,,Chiara
DSCN0100,11,1,Playa Blanca,,arana,,,11,2022,nov-24,370.201,2,0,0,1,0,,Chiara
DSCN0101,11,2,Playa Blanca,,arana,,,11,2022,nov-24,421.371,2,0,0,1,0,,Chiara
DSCN0103,11,3,Playa Blanca,,arana,,,11,2022,nov-24,690.093,4,0,0,2,0,,Chiara
DSCN0104,11,4,Playa Blanca,,arana,,,11,2022,nov-24,499.536,2,0,0,2,0,,Chiara
DSCN0105,11,5,Playa Blanca,,arana,,,11,2022,nov-24,583.546,4,0,0,0,0,,Chiara
DSCN0106,11,6,Playa Blanca,,arana,,,11,2022,nov-24,573.703,4,0,0,0,0,,Chiara
DSCN0107,11,7,Playa Blanca,,arana,,,11,2022,nov-24,"1,271.230",7,0,0,0,0,,Chiara
DSCN9927,89,1,Playa Blanca,,arana,,,11,2022,nov-24,227.417,5,0,0,0,0,,Chiara
DSCN9928,89,2,Playa Blanca,,arana,,,11,2022,nov-24,212.393,3,0,0,0,0,,Chiara
DSCN9929,89,3,Playa Blanca,,arana,,,11,2022,nov-24,100.173,4,0,0,0,0,,Chiara
DSCN9930,89,4,Playa Blanca,,arana,,,11,2022,nov-24,243.653,4,0,0,1,0,,Chiara
DSCN9932,89,5,Playa Blanca,,arana,,,11,2022,nov-24,229.951,5,0,0,0,0,,Chiara
DSCN9933,89,6,Playa Blanca,,arana,,,11,2022,nov-24,217.762,6,0,0,0,0,,Chiara
DSCN9934,89,7,Playa Blanca,,arana,,,11,2022,nov-24,586.993,6,0,1,0,0,,Chiara
DSCN00447,11,1,Playa Blanca,,arana,,,12,2022,dec-22,180.103,1,0,0,0,0,,Chiara
DSCN0448,11,6,Playa Blanca,,arana,,,12,2022,dec-22,877.859,4,0,0,0,0,,Chiara
DSCN0449,11,5,Playa Blanca,,arana,,,12,2022,dec-22,635.065,4,0,0,0,0,,Chiara
DSCN0450,11,4,Playa Blanca,,arana,,,12,2022,dec-22,401.323,1,0,0,2,0,,Chiara
DSCN0451,11,3,Playa Blanca,,arana,,,12,2022,dec-22,629.519,4,0,0,0,0,,Chiara
DSCN0452,11,2,Playa Blanca,,arana,,,12,2022,dec-22,465.183,2,0,0,1,0,,Chiara
DSCN0453,11,7,Playa Blanca,,arana,,,12,2022,dec-22,"1,095.300",7,0,0,1,0,,Chiara
DSCN1097,95,1,Playa Blanca,,arana,,,7,2022,jul-24,381.339,4,0,0,0,0,,Andrea
DSCN1098,95,2,Playa Blanca,,arana,,,7,2022,jul-24,123.296,2,0,0,0,0,,Andrea
DSCN1099,95,3,Playa Blanca,,arana,,,7,2022,jul-24,89.650,1,0,0,1,0,,Andrea
DSCN1100,95,4,Playa Blanca,,arana,,,7,2022,jul-24,464.973,5,0,1,0,0,,Andrea
DSCN1101,95,5,Playa Blanca,,arana,,,7,2022,jul-24,118.852,1,0,0,0,0,,Andrea
DSCN1102,95,6,Playa Blanca,,arana,,,7,2022,jul-24,71.335,1,0,0,0,0,,Andrea
DSCN1103,95,7,Playa Blanca,,arana,,,7,2022,jul-24,565.228,10,0,0,1,0,,Andrea
DSCN1089,96,1,Playa Blanca,,arana,,,7,2022,jul-24,143.193,4,0,1,0,0,,Andrea
DSCN1090,96,2,Playa Blanca,,arana,,,7,2022,jul-24,262.397,5,0,1,0,1,,Andrea
DSCN1091,96,3,Playa Blanca,,arana,,,7,2022,jul-24,223.717,4,0,0,0,0,,Andrea
DSCN1092,96,4,Playa Blanca,,arana,,,7,2022,jul-24,150.097,6,0,0,0,0,,Andrea
DSCN1093,96,5,Playa Blanca,,arana,,,7,2022,jul-24,247.566,4,0,0,0,0,,Andrea
DSCN1094,96,6,Playa Blanca,,arana,,,7,2022,jul-24,354.719,4,0,0,0,0,,Andrea
DSCN1095,96,7,Playa Blanca,,arana,,,7,2022,jul-24,231.200,8,1,2,1,0,,Andrea
DSCN1105,98,1,Playa Blanca,,arana,,,7,2022,jul-24,130.648,4,0,0,0,0,,Andrea
DSCN1106,98,2,Playa Blanca,,arana,,,7,2022,jul-24,181.041,5,0,1,0,0,,Andrea
DSCN1107,98,3,Playa Blanca,,arana,,,7,2022,jul-24,276.999,4,0,1,0,0,,Andrea
DSCN1108,98,4,Playa Blanca,,arana,,,7,2022,jul-24,316.303,5,0,2,0,0,,Andrea
DSCN1109,98,5,Playa Blanca,,arana,,,7,2022,jul-24,420.033,4,0,0,0,0,,Andrea
DSCN1110,98,6,Playa Blanca,,arana,,,7,2022,jul-24,113.027,3,0,0,0,0,,Andrea
DSCN1111,98,7,Playa Blanca,,arana,,,7,2022,jul-24,565.501,9,0,1,0,0,,Andrea
DSCN8232,95,1,Playa Blanca,,arana,,,8,2022,ago-24,292.968,4,0,0,0,0,,Andrea
DSCN8233,95,2,Playa Blanca,,arana,,,8,2022,ago-24,235.865,2,0,0,1,0,,Andrea
DSCN8234,95,3,Playa Blanca,,arana,,,8,2022,ago-24,216.241,4,0,0,0,0,,Andrea
DSCN8235,95,4,Playa Blanca,,arana,,,8,2022,ago-24,374.276,3,0,0,0,0,,Andrea
DSCN8236,95,5,Playa Blanca,,arana,,,8,2022,ago-24,167.509,2,0,0,0,0,,Andrea
DSCN8237,95,6,Playa Blanca,,arana,,,8,2022,ago-24,123.480,3,0,0,0,0,,Andrea
DSCN8238,95,7,Playa Blanca,,arana,,,8,2022,ago-24,325.076,8,0,0,2,0,,Andrea
DSCN8216,96,1,Playa Blanca,,arana,,,8,2022,ago-24,145.054,3,0,1,1,0,,Andrea
DSCN8217,96,2,Playa Blanca,,arana,,,8,2022,ago-24,299.837,4,0,0,0,0,,Andrea
DSCN8218,96,3,Playa Blanca,,arana,,,8,2022,ago-24,269.031,4,0,0,0,0,,Andrea
DSCN8219,96,4,Playa Blanca,,arana,,,8,2022,ago-24,114.522,4,0,0,1,0,,Andrea
DSCN8220,96,5,Playa Blanca,,arana,,,8,2022,ago-24,323.514,4,0,1,0,0,,Andrea
DSCN8221,96,6,Playa Blanca,,arana,,,8,2022,ago-24,212.228,4,0,0,1,0,,Andrea
DSCN8222,96,7,Playa Blanca,,arana,,,8,2022,ago-24,325.203,7,0,1,1,0,,Andrea
DSCN8851,95,1,Playa Blanca,,arana,,,9,2022,sep-24,356.097,1,0,0,0,0,,Andrea
DSCN8852,95,2,Playa Blanca,,arana,,,9,2022,sep-24,183.621,1,0,0,1,0,,Andrea
DSCN8853,95,3,Playa Blanca,,arana,,,9,2022,sep-24,129.968,2,0,0,0,0,,Andrea
DSCN8854,95,4,Playa Blanca,,arana,,,9,2022,sep-24,344.106,3,0,0,0,0,,Andrea
DSCN8855,95,5,Playa Blanca,,arana,,,9,2022,sep-24,167.730,2,0,0,0,0,,Andrea
DSCN8856,95,6,Playa Blanca,,arana,,,9,2022,sep-24,0.000,0,0,0,3,0,,Andrea
DSCN8857,95,7,Playa Blanca,,arana,,,9,2022,sep-24,406.698,6,0,1,0,0,,Andrea
DSCN8867,96,1,Playa Blanca,,arana,,,9,2022,sep-24,244.343,4,0,0,1,0,,Andrea
DSCN8868,96,2,Playa Blanca,,arana,,,9,2022,sep-24,357.495,4,0,0,0,0,,Andrea
DSCN8869,96,3,Playa Blanca,,arana,,,9,2022,sep-24,369.076,4,0,0,0,0,,Andrea
DSCN8870,96,4,Playa Blanca,,arana,,,9,2022,sep-24,129.368,4,0,0,1,0,,Andrea
DSCN8871,96,5,Playa Blanca,,arana,,,9,2022,sep-24,317.290,4,0,1,0,0,,Andrea
DSCN8872,96,6,Playa Blanca,,arana,,,9,2022,sep-24,257.222,4,0,0,0,0,,Andrea
DSCN8873,96,7,Playa Blanca,,arana,,,9,2022,sep-24,424.732,7,0,1,0,0,,Andrea
DSCN1048,6,1,Playa Blanca,,arana,,,3,2024,mar-24,61.916,4,3,2,0,1,,Randall
DSCN1049,6,2,Playa Blanca,,arana,,,3,2024,mar-24,34.378,5,4,1,0,0,,Randall
DSCN1050,6,3,Playa Blanca,,arana,,,3,2024,mar-24,585.283,4,1,1,0,0,,Randall
DSCN1051,6,4,Playa Blanca,,arana,,,3,2024,mar-24,123.331,5,2,3,0,0,,Randall
DSCN1052,6,5,Playa Blanca,,arana,,,3,2024,mar-24,279.342,6,2,2,0,0,dificil distinguir escala,Randall
DSCN1053,6,6,Playa Blanca,,arana,,,3,2024,mar-24,123.695,6,1,5,0,0,dificil distinguir escala,Randall
DSCN1054,6,7,Playa Blanca,,arana,,,3,2024,mar-24,542.313,9,0,8,0,0,,Randall
DSCN1040,7,1,Playa Blanca,,arana,,,3,2024,mar-24,199.377,3,0,3,0,0,,Randall
DSCN1041,7,2,Playa Blanca,,arana,,,3,2024,mar-24,418.455,4,0,2,0,0,un fragmento casi completamente muerto,Randall
DSCN1042,7,3,Playa Blanca,,arana,,,3,2024,mar-24,158.109,4,2,1,0,0,,Randall
DSCN1043,7,4,Playa Blanca,,arana,,,3,2024,mar-24,395.610,5,1,1,0,0,,Randall
DSCN1044,7,5,Playa Blanca,,arana,,,3,2024,mar-24,149.196,2,0,2,0,0,,Randall
DSCN1045,7,6,Playa Blanca,,arana,,,3,2024,mar-24,348.607,3,0,3,0,0,,Randall
DSCN1046,7,7,Playa Blanca,,arana,,,3,2024,mar-24,451.098,8,5,2,0,0,,Randall
DSCN1032,8,1,Playa Blanca,,arana,,,3,2024,mar-24,30.326,5,4,1,0,0,,Randall
DSCN1033,8,2,Playa Blanca,,arana,,,3,2024,mar-24,4.469,6,5,1,0,0,practicamente muerto,Randall
DSCN1034,8,3,Playa Blanca,,arana,,,3,2024,mar-24,136.834,5,3,1,0,0,,Randall
DSCN1035,8,4,Playa Blanca,,arana,,,3,2024,mar-24,66.655,6,3,3,0,0,,Randall
DSCN1036,8,5,Playa Blanca,,arana,,,3,2024,mar-24,131.100,5,3,1,0,0,,Randall
DSCN1037,8,6,Playa Blanca,,arana,,,3,2024,mar-24,11.950,5,4,1,0,0,,Randall
DSCN1038,8,7,Playa Blanca,,arana,,,3,2024,mar-24,63.027,12,8,4,0,0,,Randall
DSCN1005,9,1,Playa Blanca,,arana,,,3,2024,mar-24,8.150,3,1,2,0,1,practicamente muerto,Randall
DSCN1006,9,2,Playa Blanca,,arana,,,3,2024,mar-24,85.672,5,1,4,0,1,,Randall
DSCN1007,9,3,Playa Blanca,,arana,,,3,2024,mar-24,30.703,3,1,2,0,0,,Randall
DSCN1008,9,4,Playa Blanca,,arana,,,3,2024,mar-24,96.240,4,2,1,0,0,,Randall
DSCN1009,9,5,Playa Blanca,,arana,,,3,2024,mar-24,155.453,6,4,1,0,0,,Randall
DSCN1010,9,6,Playa Blanca,,arana,,,3,2024,mar-24,11.273,5,3,2,0,0,practicamente muerto,Randall
DSCN1011,9,7,Playa Blanca,,arana,,,3,2024,mar-24,9.940,12,11,1,0,0,una punta aislada,Randall
DSCN1013,10,1,Playa Blanca,,arana,,,3,2024,mar-24,26.548,3,1,2,0,0,,Randall
DSCN1014,10,2,Playa Blanca,,arana,,,3,2024,mar-24,53.421,5,3,2,0,0,,Randall
DSCN1015,10,3,Playa Blanca,,arana,,,3,2024,mar-24,39.381,5,3,1,0,0,es posible que haya un fragmento nuevo,Randall
DSCN1016,10,4,Playa Blanca,,arana,,,3,2024,mar-24,60.940,5,3,1,0,0,es posible que haya un fragmento nuevo,Randall
DSCN1017,10,5,Playa Blanca,,arana,,,3,2024,mar-24,34.505,4,2,1,0,1,,Randall
DSCN1018,10,6,Playa Blanca,,arana,,,3,2024,mar-24,42.768,4,3,1,0,0,,Randall
DSCN1019,10,7,Playa Blanca,,arana,,,3,2024,mar-24,105.975,12,8,4,0,0,,Randall
DSCN8452,6,1,Playa Blanca,,arana,,,4,2024,abr-24,52.636,4,3,1,0,0,las imagenes de la gira a inicios de mayo (2024) corresponden a abril,Randall
DSCN8453,6,2,Playa Blanca,,arana,,,4,2024,abr-24,0.000,5,5,0,0,0,Completamente muerto,Randall
DSCN8454,6,3,Playa Blanca,,arana,,,4,2024,abr-24,592.921,4,2,0,0,0,,Randall
DSCN8455,6,4,Playa Blanca,,arana,,,4,2024,abr-24,57.496,4,2,2,1,0,,Randall
DSCN8456,6,5,Playa Blanca,,arana,,,4,2024,abr-24,213.236,5,1,2,1,0,,Randall
DSCN8457,6,6,Playa Blanca,,arana,,,4,2024,abr-24,36.645,6,0,6,0,0,,Randall
DSCN8458,6,7,Playa Blanca,,arana,,,4,2024,abr-24,419.322,9,1,7,0,0,,Randall
DSCN8460,7,1,Playa Blanca,,arana,,,4,2024,abr-24,163.627,3,0,3,0,0,,Randall
DSCN8461,7,2,Playa Blanca,,arana,,,4,2024,abr-24,419.069,4,1,3,0,0,,Randall
DSCN8462,7,3,Playa Blanca,,arana,,,4,2024,abr-24,139.685,4,2,2,0,0,,Randall
DSCN8463,7,4,Playa Blanca,,arana,,,4,2024,abr-24,469.856,5,1,1,0,0,pez atravesado,Randall
DSCN8464,7,5,Playa Blanca,,arana,,,4,2024,abr-24,208.540,2,0,2,0,0,,Randall
DSCN8465,7,6,Playa Blanca,,arana,,,4,2024,abr-24,357.022,3,0,2,0,0,,Randall
DSCN8466,7,7,Playa Blanca,,arana,,,4,2024,abr-24,432.522,8,4,4,0,0,,Randall
DSCN8474,8,1,Playa Blanca,,arana,,,4,2024,abr-24,52.447,5,4,1,0,0,,Randall
DSCN8469,8,2,Playa Blanca,,arana,,,4,2024,abr-24,0.000,6,6,0,0,0,completamente muerto,Randall
DSCN8470,8,3,Playa Blanca,,arana,,,4,2024,abr-24,176.085,5,2,3,0,0,,Randall
DSCN8471,8,4,Playa Blanca,,arana,,,4,2024,abr-24,69.422,6,3,2,0,0,,Randall
DSCN8472,8,5,Playa Blanca,,arana,,,4,2024,abr-24,140.249,5,3,1,0,0,,Randall
DSCN8473,8,6,Playa Blanca,,arana,,,4,2024,abr-24,14.606,5,3,2,0,0,practicamente muertos,Randall
DSCN8475,8,7,Playa Blanca,,arana,,,4,2024,abr-24,122.167,12,7,5,0,0,cuesta distinguir escala,Randall
DSCN8395,9,1,Playa Blanca,,arana,,,4,2024,abr-24,10.754,3,1,2,0,0,practicamente muertos,Randall
DSCN8396,9,2,Playa Blanca,,arana,,,4,2024,abr-24,74.573,5,0,5,0,0,,Randall
DSCN8397,9,3,Playa Blanca,,arana,,,4,2024,abr-24,39.323,3,1,1,0,0,,Randall
DSCN8398,9,4,Playa Blanca,,arana,,,4,2024,abr-24,87.201,4,2,1,0,0,,Randall
DSCN8399,9,5,Playa Blanca,,arana,,,4,2024,abr-24,148.038,5,4,2,0,0,,Randall
DSCN8400,9,6,Playa Blanca,,arana,,,4,2024,abr-24,3.140,5,4,1,0,0,practicamente muertos,Randall
DSCN8401,9,7,Playa Blanca,,arana,,,4,2024,abr-24,25.936,12,8,4,0,0,,Randall
DSCN8403,10,1,Playa Blanca,,arana,,,4,2024,abr-24,25.946,3,2,1,0,0,,Randall
DSCN8404,10,2,Playa Blanca,,arana,,,4,2024,abr-24,57.444,5,3,2,0,0,,Randall
DSCN8405,10,3,Playa Blanca,,arana,,,4,2024,abr-24,56.888,5,3,1,0,0,fragmento a un lado,Randall
DSCN8406,10,4,Playa Blanca,,arana,,,4,2024,abr-24,86.789,5,3,1,0,0,fragmento a un lado,Randall
DSCN8407,10,5,Playa Blanca,,arana,,,4,2024,abr-24,23.082,3,1,1,1,0,,Randall
DSCN8408,10,6,Playa Blanca,,arana,,,4,2024,abr-24,68.437,4,3,1,0,0,,Randall
DSCN8409,10,7,Playa Blanca,,arana,,,4,2024,abr-24,81.879,10,8,2,2,0,,Randall
DSCN9059,6,1,Playa Blanca,,arana,,,6,2024,jun-24,84.441,4,3,1,0,0,,Randall
DSCN9060,6,2,Playa Blanca,,arana,,,6,2024,jun-24,12.852,5,3,2,0,0,practicamente muertos,Randall
DSCN9061,6,3,Playa Blanca,,arana,,,6,2024,jun-24,579.308,4,0,1,0,0,,Randall
DSCN9062,6,4,Playa Blanca,,arana,,,6,2024,jun-24,46.754,4,2,2,0,0,un fragmento muy pequeño,Randall
DSCN9063,6,5,Playa Blanca,,arana,,,6,2024,jun-24,255.894,5,2,1,0,0,"es posible que un fragmento sea el mismo que otro de la img anterior, pero no midieron partes distintas",Randall
DSCN9064,6,6,Playa Blanca,,arana,,,6,2024,jun-24,39.266,6,2,4,0,0,,Randall
DSCN9065,6,7,Playa Blanca,,arana,,,6,2024,jun-24,700.626,9,0,5,0,0,,Randall
DSCN9067,7,1,Playa Blanca,,arana,,,6,2024,jun-24,230.343,3,0,3,0,0,,Randall
DSCN9068,7,2,Playa Blanca,,arana,,,6,2024,jun-24,505.794,4,1,1,0,0,,Randall
DSCN9069,7,3,Playa Blanca,,arana,,,6,2024,jun-24,144.969,4,2,2,0,0,,Randall
DSCN9070,7,4,Playa Blanca,,arana,,,6,2024,jun-24,392.824,5,1,1,0,0,,Randall
DSCN9071,7,5,Playa Blanca,,arana,,,6,2024,jun-24,223.246,2,0,2,0,0,,Randall
DSCN9072,7,6,Playa Blanca,,arana,,,6,2024,jun-24,348.970,3,1,1,0,0,,Randall
DSCN9073,7,7,Playa Blanca,,arana,,,6,2024,jun-24,477.513,8,3,5,0,0,,Randall
DSCN9075,8,1,Playa Blanca,,arana,,,6,2024,jun-24,38.385,5,4,1,0,0,pez atravesado,Randall
DSCN9076,8,2,Playa Blanca,,arana,,,6,2024,jun-24,7.550,6,5,1,0,0,practicamente muertos,Randall
DSCN9077,8,3,Playa Blanca,,arana,,,6,2024,jun-24,167.656,5,3,1,0,0,,Randall
DSCN9078,8,4,Playa Blanca,,arana,,,6,2024,jun-24,91.516,6,2,4,0,0,,Randall
DSCN9079,8,5,Playa Blanca,,arana,,,6,2024,jun-24,162.559,5,1,3,0,0,,Randall
DSCN9080,8,6,Playa Blanca,,arana,,,6,2024,jun-24,24.466,5,3,2,0,0,practicamente muertos,Randall
DSCN9081,8,7,Playa Blanca,,arana,,,6,2024,jun-24,247.262,12,7,5,0,0,dificil distinguir fragmentos,Randall
DSCN9099,9,1,Playa Blanca,,arana,,,6,2024,jun-24,12.827,3,2,1,0,0,esta arana esta medio enterrada,Randall
DSCN9100,9,2,Playa Blanca,,arana,,,6,2024,jun-24,75.764,5,3,2,0,0,,Randall
DSCN9101,9,3,Playa Blanca,,arana,,,6,2024,jun-24,51.430,3,1,1,0,0,,Randall
DSCN9102,9,4,Playa Blanca,,arana,,,6,2024,jun-24,113.630,4,2,1,0,0,,Randall
DSCN9103,9,5,Playa Blanca,,arana,,,6,2024,jun-24,170.473,5,3,1,0,0,,Randall
DSCN9104,9,6,Playa Blanca,,arana,,,6,2024,jun-24,12.395,5,4,1,0,0,practicamente muertos,Randall
DSCN9105,9,7,Playa Blanca,,arana,,,6,2024,jun-24,38.441,12,9,3,0,0,,Randall
DSCN9091,10,1,Playa Blanca,,arana,,,6,2024,jun-24,35.888,3,2,1,0,0,,Randall
DSCN9092,10,2,Playa Blanca,,arana,,,6,2024,jun-24,57.235,5,3,2,0,0,,Randall
DSCN9093,10,3,Playa Blanca,,arana,,,6,2024,jun-24,21.690,4,3,1,1,0,,Randall
DSCN9094,10,4,Playa Blanca,,arana,,,6,2024,jun-24,149.662,7,4,1,0,1,2 fragmentos nuevos a los lados,Randall
DSCN9095,10,5,Playa Blanca,,arana,,,6,2024,jun-24,25.978,3,1,1,1,1,1 fragmento nuevo y blanco a los lados,Randall
DSCN9096,10,6,Playa Blanca,,arana,,,6,2024,jun-24,101.430,4,3,1,0,0,,Randall
DSCN9097,10,7,Playa Blanca,,arana,,,6,2024,jun-24,111.482,10,8,2,0,0,,Randall
DSCN9717,95,1,Playa Blanca,,arana,,,10,2022,oct-24,341.910,4,0,0,0,0,,Andrea
DSCN9719,95,2,Playa Blanca,,arana,,,10,2022,oct-24,54.167,1,0,0,0,0,,Andrea
DSCN9720,95,3,Playa Blanca,,arana,,,10,2022,oct-24,394.739,3,0,0,0,0,,Andrea
DSCN9721,95,4,Playa Blanca,,arana,,,10,2022,oct-24,355.173,3,0,0,0,0,,Andrea
DSCN9722,95,5,Playa Blanca,,arana,,,10,2022,oct-24,133.441,1,0,0,0,0,,Andrea
DSCN9723,95,6,Playa Blanca,,arana,,,10,2022,oct-24,362.895,2,0,0,1,0,,Andrea
DSCN9724,95,7,Playa Blanca,,arana,,,10,2022,oct-24,409.461,8,0,1,1,0,,Andrea
DSCN9734,96,1,Playa Blanca,,arana,,,10,2022,oct-24,234.674,3,0,0,2,0,,Andrea
DSCN9735,96,2,Playa Blanca,,arana,,,10,2022,oct-24,284.384,5,0,0,0,0,,Andrea
DSCN9736,96,3,Playa Blanca,,arana,,,10,2022,oct-24,384.747,5,0,1,0,0,,Andrea
DSCN9737,96,4,Playa Blanca,,arana,,,10,2022,oct-24,89.957,3,1,0,1,0,,Andrea
DSCN9738,96,5,Playa Blanca,,arana,,,10,2022,oct-24,383.928,4,0,0,0,0,,Andrea
DSCN9739,96,6,Playa Blanca,,arana,,,10,2022,oct-24,438.347,4,0,0,0,0,,Andrea
DSCN9740,96,7,Playa Blanca,,arana,,,10,2022,oct-24,324.772,7,0,1,0,0,,Andrea
DSCN9961,95,1,Playa Blanca,,arana,,,11,2022,nov-24,499.304,4,0,0,0,0,,Andrea
DSCN9963,95,2,Playa Blanca,,arana,,,11,2022,nov-24,274.096,2,0,0,0,0,,Andrea
DSCN9964,95,3,Playa Blanca,,arana,,,11,2022,nov-24,189.445,2,0,0,0,0,,Andrea
DSCN9965,95,4,Playa Blanca,,arana,,,11,2022,nov-24,499.714,4,0,0,0,0,,Andrea
DSCN9966,95,5,Playa Blanca,,arana,,,11,2022,nov-24,218.400,2,0,0,0,0,,Andrea
DSCN9967,95,6,Playa Blanca,,arana,,,11,2022,nov-24,0.000,0,0,0,2,0,,Andrea
DSCN9968,95,7,Playa Blanca,,arana,,,11,2022,nov-24,512.020,6,0,0,1,0,,Andrea
DSCN9978,96,1,Playa Blanca,,arana,,,11,2022,nov-24,255.162,3,0,0,0,0,,Andrea
DSCN9979,96,2,Playa Blanca,,arana,,,11,2022,nov-24,456.148,4,0,0,0,0,,Andrea
DSCN9980,96,3,Playa Blanca,,arana,,,11,2022,nov-24,436.448,5,0,0,0,0,,Andrea
DSCN9981,96,3,Playa Blanca,,arana,,,11,2022,nov-24,142.490,3,1,0,1,0,,Andrea
DSCN9982,96,5,Playa Blanca,,arana,,,11,2022,nov-24,468.713,4,0,0,0,0,,Andrea
DSCN9983,96,6,Playa Blanca,,arana,,,11,2022,nov-24,314.367,4,0,0,0,0,,Andrea
DSCN9984,96,7,Playa Blanca,,arana,,,11,2022,nov-24,391.971,7,0,1,1,0,,Andrea
DSCN0589,95,1,Playa Blanca,,arana,,,12,2022,dic-24,428.189,4,0,0,0,0,,Andrea
DSCN0590,95,2,Playa Blanca,,arana,,,12,2022,dic-24,0.000,0,0,0,0,0,,Andrea
DSCN0591,95,3,Playa Blanca,,arana,,,12,2022,dic-24,637.028,3,0,0,0,0,,Andrea
DSCN0592,95,4,Playa Blanca,,arana,,,12,2022,dic-24,296.431,3,0,0,0,0,,Andrea
DSCN0593,95,5,Playa Blanca,,arana,,,12,2022,dic-24,184.704,1,0,0,0,0,,Andrea
DSCN0594,95,6,Playa Blanca,,arana,,,12,2022,dic-24,281.192,2,0,0,0,0,,Andrea
DSCN0595,95,7,Playa Blanca,,arana,,,12,2022,dic-24,411.809,6,0,0,0,0,,Andrea
DSCN0573,96,1,Playa Blanca,,arana,,,12,2022,dic-24,309.941,3,0,0,0,0,,Andrea
DSCN0574,96,2,Playa Blanca,,arana,,,12,2022,dic-24,335.708,4,0,0,0,0,,Andrea
DSCN0575,96,3,Playa Blanca,,arana,,,12,2022,dic-24,487.459,4,0,0,0,0,,Andrea
DSCN0576,96,4,Playa Blanca,,arana,,,12,2022,dic-24,136.515,2,0,0,0,0,,Andrea
DSCN0577,96,5,Playa Blanca,,arana,,,12,2022,dic-24,455.525,5,0,0,0,0,,Andrea
DSCN0578,96,6,Playa Blanca,,arana,,,12,2022,dic-24,385.406,3,0,0,0,0,,Andrea
DSCN0579,96,7,Playa Blanca,,arana,,,12,2022,dic-24,409.193,6,0,0,0,0,,Andrea
DSCN1081,97,1,Playa Blanca,,arana,,,7,2022,jul-24,138.857,4,0,0,0,0,,Priscilla
DSCN1082,97,2,Playa Blanca,,arana,,,7,2022,jul-24,168.392,3,0,0,0,0,,Priscilla
DSCN1083,97,3,Playa Blanca,,arana,,,7,2022,jul-24,105.603,2,0,1,1,0,,Priscilla
DSCN1084,97,4,Playa Blanca,,arana,,,7,2022,jul-24,148.418,5,0,0,0,0,,Priscilla
DSCN1085,97,5,Playa Blanca,,arana,,,7,2022,jul-24,251.753,4,0,0,0,0,,Priscilla
DSCN1086,97,6,Playa Blanca,,arana,,,7,2022,jul-24,114.919,3,0,0,1,0,,Priscilla
DSCN1087,97,7,Playa Blanca,,arana,,,7,2022,jul-24,498.450,9,0,0,0,1,,Priscilla
DSCN8224,97,1,Playa Blanca,,arana,,,8,2022,ago-24,144.632,4,0,0,0,0,,Priscilla
DSCN8225,97,2,Playa Blanca,,arana,,,8,2022,ago-24,114.076,3,0,0,2,0,,Priscilla
DSCN8226,97,3,Playa Blanca,,arana,,,8,2022,ago-24,278.510,4,0,0,1,0,,Priscilla
DSCN8227,97,4,Playa Blanca,,arana,,,8,2022,ago-24,170.067,5,0,0,0,0,,Priscilla
DSCN8228,97,5,Playa Blanca,,arana,,,8,2022,ago-24,66.081,1,0,0,0,0,,Priscilla
DSCN8229,97,6,Playa Blanca,,arana,,,8,2022,ago-24,186.423,3,0,0,0,0,,Priscilla
DSCN8230,97,7,Playa Blanca,,arana,,,8,2022,ago-24,529.514,9,1,0,0,0,,Priscilla
DSCN8859,97,1,Playa Blanca,,arana,,,9,2022,sep-24,163.703,4,0,0,0,0,,Priscilla
DSCN8860,97,2,Playa Blanca,,arana,,,9,2022,sep-24,112.951,3,0,0,0,0,,Priscilla
DSCN8861,97,3,Playa Blanca,,arana,,,9,2022,sep-24,271.470,4,0,0,0,0,,Priscilla
DSCN8862,97,4,Playa Blanca,,arana,,,9,2022,sep-24,183.147,5,0,0,0,0,,Priscilla
DSCN8863,97,5,Playa Blanca,,arana,,,9,2022,sep-24,59.608,1,0,0,0,0,,Priscilla
DSCN8864,97,6,Playa Blanca,,arana,,,9,2022,sep-24,196.063,3,0,0,1,0,,Priscilla
DSCN8865,97,7,Playa Blanca,,arana,,,9,2022,sep-24,676.584,8,0,0,0,0,,Priscilla
DSCN9726,97,1,Playa Blanca,,arana,,,10,2022,oct-24,206.214,4,0,0,0,0,,Priscilla
DSCN9727,97,6,Playa Blanca,,arana,,,10,2022,oct-24,234.432,3,0,0,1,0,,Priscilla
DSCN9728,97,5,Playa Blanca,,arana,,,10,2022,oct-24,71.115,1,0,0,0,0,,Priscilla
DSCN9729,97,4,Playa Blanca,,arana,,,10,2022,oct-24,240.383,5,0,0,0,0,,Priscilla
DSCN9730,97,3,Playa Blanca,,arana,,,10,2022,oct-24,278.369,4,0,0,0,0,,Priscilla
DSCN9731,97,2,Playa Blanca,,arana,,,10,2022,oct-24,137.160,3,0,0,2,0,,Priscilla
DSCN9732,97,7,Playa Blanca,,arana,,,10,2022,oct-24,809.533,9,0,0,0,0,,Priscilla
DSCN9970,97,1,Playa Blanca,,arana,,,11,2022,nov-24,263.349,4,0,0,0,0,,Priscilla
DSCN9971,97,2,Playa Blanca,,arana,,,11,2022,nov-24,166.396,3,0,0,2,0,,Priscilla
DSCN9972,97,3,Playa Blanca,,arana,,,11,2022,nov-24,341.095,4,0,0,0,0,,Priscilla
DSCN9973,97,4,Playa Blanca,,arana,,,11,2022,nov-24,282.411,5,0,0,0,0,,Priscilla
DSCN9974,97,5,Playa Blanca,,arana,,,11,2022,nov-24,59.065,1,0,0,0,0,,Priscilla
DSCN9975,97,6,Playa Blanca,,arana,,,11,2022,nov-24,272.843,3,0,0,1,0,,Priscilla
DSCN9976,97,7,Playa Blanca,,arana,,,11,2022,nov-24,758.149,8,0,0,0,0,,Priscilla
DSCN0581,97,1,Playa Blanca,,arana,,,12,2022,dic-24,206.642,4,0,0,0,0,,Priscilla
DSCN0586,97,2,Playa Blanca,,arana,,,12,2022,dic-24,196.166,3,0,0,1,0,,Priscilla
DSCN0585,97,3,Playa Blanca,,arana,,,12,2022,dic-24,413.629,4,0,0,0,0,,Priscilla
DSCN0584,97,4,Playa Blanca,,arana,,,12,2022,dic-24,346.587,5,0,0,0,0,,Priscilla
DSCN0583,97,5,Playa Blanca,,arana,,,12,2022,dic-24,81.069,1,0,0,0,0,,Priscilla
DSCN0582,97,6,Playa Blanca,,arana,,,12,2022,dic-24,314.290,3,0,0,0,0,,Priscilla
DSCN0587,97,7,Playa Blanca,,arana,,,12,2022,dic-24,790.184,7,0,0,1,0,,Priscilla
DSCN1318,97,1,Playa Blanca,,arana,,,1,2023,ene-24,241.411,4,0,0,0,0,,Priscilla
DSCN1319,97,2,Playa Blanca,,arana,,,1,2023,ene-24,172.137,3,0,0,1,0,,Priscilla
DSCN1320,97,3,Playa Blanca,,arana,,,1,2023,ene-24,418.121,4,0,0,0,0,,Priscilla
DSCN1321,97,4,Playa Blanca,,arana,,,1,2023,ene-24,347.942,5,0,0,0,0,,Priscilla
DSCN1322,97,5,Playa Blanca,,arana,,,1,2023,ene-24,46.996,1,0,0,0,0,,Priscilla
DSCN1323,97,6,Playa Blanca,,arana,,,1,2023,ene-24,332.438,3,0,0,1,0,,Priscilla
DSCN1324,97,7,Playa Blanca,,arana,,,1,2023,ene-24,797.888,7,0,0,1,0,,Priscilla
DSCN1969,97,1,Playa Blanca,,arana,,,2,2023,feb-24,220.030,4,0,0,0,0,,Priscilla
DSCN1970,97,2,Playa Blanca,,arana,,,2,2023,feb-24,164.219,3,0,0,0,0,,Priscilla
DSCN1971,97,3,Playa Blanca,,arana,,,2,2023,feb-24,445.490,4,0,0,0,0,hay uno medio blanqueado,Priscilla
DSCN1972,97,4,Playa Blanca,,arana,,,2,2023,feb-24,345.017,5,0,0,0,0,,Priscilla
DSCN1973,97,5,Playa Blanca,,arana,,,2,2023,feb-24,57.811,1,0,0,0,0,,Priscilla
DSCN1974,97,6,Playa Blanca,,arana,,,2,2023,feb-24,396.566,3,0,0,1,0,,Priscilla
DSCN1975,97,7,Playa Blanca,,arana,,,2,2023,feb-24,885.067,7,0,0,0,0,,Priscilla
DSCN2466,97,1,Playa Blanca,,arana,,,3,2023,mar-24,211.629,4,0,0,0,0,,Priscilla
DSCN2467,97,2,Playa Blanca,,arana,,,3,2023,mar-24,148.482,3,0,0,0,0,,Priscilla
DSCN2468,97,3,Playa Blanca,,arana,,,3,2023,mar-24,441.577,4,0,0,0,0,,Priscilla
DSCN2469,97,4,Playa Blanca,,arana,,,3,2023,mar-24,342.615,5,0,0,0,0,,Priscilla
DSCN2470,97,5,Playa Blanca,,arana,,,3,2023,mar-24,47.454,1,0,0,2,0,,Priscilla
DSCN2471,97,6,Playa Blanca,,arana,,,3,2023,mar-24,387.154,3,0,0,0,0,,Priscilla
DSCN2472,97,7,Playa Blanca,,arana,,,3,2023,mar-24,768.687,7,0,0,1,0,,Priscilla
DSCN3483,97,1,Playa Blanca,,arana,,,4,2023,abr-24,276.097,4,0,1,0,0,,Priscilla
DSCN3484,97,2,Playa Blanca,,arana,,,4,2023,abr-24,169.530,3,0,0,1,0,,Priscilla
DSCN3485,97,3,Playa Blanca,,arana,,,4,2023,abr-24,461.816,4,0,0,0,0,,Priscilla
DSCN3486,97,4,Playa Blanca,,arana,,,4,2023,abr-24,403.134,5,0,0,0,0,,Priscilla
DSCN3487,97,5,Playa Blanca,,arana,,,4,2023,abr-24,0.000,0,0,0,2,0,,Priscilla
DSCN3488,97,6,Playa Blanca,,arana,,,4,2023,abr-24,455.867,3,0,0,0,0,,Priscilla
DSCN3489,97,7,Playa Blanca,,arana,,,4,2023,abr-24,733.472,7,0,0,2,0,,Priscilla
DSCN4306,97,1,Playa Blanca,,arana,,,5,2023,may-24,296.496,4,0,0,0,0,,Priscilla
DSCN4307,97,2,Playa Blanca,,arana,,,5,2023,may-24,209.120,3,0,1,0,0,,Priscilla
DSCN4309,97,3,Playa Blanca,,arana,,,5,2023,may-24,519.102,4,0,0,0,0,,Priscilla
DSCN4310,97,4,Playa Blanca,,arana,,,5,2023,may-24,373.486,4,0,0,0,0,,Priscilla
DSCN4311,97,5,Playa Blanca,,arana,,,5,2023,may-24,0.000,0,0,0,2,0,,Priscilla
DSCN4312,97,6,Playa Blanca,,arana,,,5,2023,may-24,437.316,3,0,0,0,0,,Priscilla
DSCN4313,97,7,Playa Blanca,,arana,,,5,2023,may-24,741.025,6,0,0,3,0,hay dos que se ven un poco blanqueados,Priscilla
DSCN5443,97,1,Playa Blanca,,arana,,,6,2023,jun-24,322.212,4,0,0,0,0,,Priscilla
DSCN5444,97,2,Playa Blanca,,arana,,,6,2023,jun-24,299.519,3,0,0,1,0,,Priscilla
DSCN5445,97,3,Playa Blanca,,arana,,,6,2023,jun-24,658.398,4,0,0,0,0,,Priscilla
DSCN5446,97,4,Playa Blanca,,arana,,,6,2023,jun-24,439.424,4,0,0,0,0,,Priscilla
DSCN5447,97,5,Playa Blanca,,arana,,,6,2023,jun-24,0.000,0,0,0,1,0,,Priscilla
DSCN5448,97,6,Playa Blanca,,arana,,,6,2023,jun-24,571.228,3,0,0,0,0,,Priscilla
DSCN5449,97,7,Playa Blanca,,arana,,,6,2023,jun-24,825.479,6,0,0,3,0,,Priscilla
DSCN8533,97,1,Playa Blanca,,arana,,,7,2023,jul-24,315.124,4,0,0,0,0,,Priscilla
DSCN8534,97,2,Playa Blanca,,arana,,,7,2023,jul-24,242.638,3,0,0,1,0,,Priscilla
DSCN8535,97,3,Playa Blanca,,arana,,,7,2023,jul-24,604.735,4,0,0,0,0,,Priscilla
DSCN8536,97,4,Playa Blanca,,arana,,,7,2023,jul-24,422.469,4,0,0,0,0,,Priscilla
DSCN8537,97,5,Playa Blanca,,arana,,,7,2023,jul-24,0.000,0,0,0,1,0,,Priscilla
DSCN8538,97,6,Playa Blanca,,arana,,,7,2023,jul-24,536.789,3,0,0,0,0,,Priscilla
DSCN8539,97,7,Playa Blanca,,arana,,,7,2023,jul-24,843.110,6,0,0,0,0,,Priscilla
DSCN9543,97,1,Playa Blanca,,arana,,,8,2023,ago-24,371.942,5,0,0,0,0,,Priscilla
DSCN9544,97,2,Playa Blanca,,arana,,,8,2023,ago-24,326.932,5,0,0,0,0,,Priscilla
DSCN9545,97,3,Playa Blanca,,arana,,,8,2023,ago-24,663.170,4,0,0,0,0,,Priscilla
DSCN9546,97,4,Playa Blanca,,arana,,,8,2023,ago-24,364.917,5,0,0,1,0,,Priscilla
DSCN9547,97,5,Playa Blanca,,arana,,,8,2023,ago-24,120.580,8,0,2,0,1,,Priscilla
DSCN9548,97,6,Playa Blanca,,arana,,,8,2023,ago-24,625.471,5,0,0,0,0,,Priscilla
DSCN9549,97,7,Playa Blanca,,arana,,,8,2023,ago-24,"1,184.140",13,0,0,1,0,,Priscilla
PA210593,97,1,Playa Blanca,,arana,,,10,2023,oct-24,354.201,4,0,1,0,2,todos están medio blanqueados,Priscilla
PA210594,97,2,Playa Blanca,,arana,,,10,2023,oct-24,264.773,3,0,0,0,3,,Priscilla
PA210595,97,3,Playa Blanca,,arana,,,10,2023,oct-24,580.124,4,0,0,0,4,,Priscilla
PA210596,97,4,Playa Blanca,,arana,,,10,2023,oct-24,354.882,5,0,0,0,5,,Priscilla
PA210597,97,5,Playa Blanca,,arana,,,10,2023,oct-24,110.009,10,1,0,0,9,,Priscilla
PA210598,97,6,Playa Blanca,,arana,,,10,2023,oct-24,520.047,5,0,0,0,5,,Priscilla
PA210599,97,7,Playa Blanca,,arana,,,10,2023,oct-24,963.142,12,0,2,0,12,,Priscilla
DSCN1864,97,1,Playa Blanca,,arana,,,11,2023,nov-24,309.547,5,1,1,0,4,,Priscilla
DSCN1865,97,2,Playa Blanca,,arana,,,11,2023,nov-24,266.692,5,0,2,0,5,,Priscilla
DSCN1866,97,3,Playa Blanca,,arana,,,11,2023,nov-24,594.428,4,0,1,0,3,todos están medio blanqueados,Priscilla
DSCN1867,97,4,Playa Blanca,,arana,,,11,2023,nov-24,320.190,5,0,1,0,5,,Priscilla
DSCN1868,97,5,Playa Blanca,,arana,,,11,2023,nov-24,54.967,9,4,2,0,5,,Priscilla
DSCN1869,97,6,Playa Blanca,,arana,,,11,2023,nov-24,426.078,5,1,2,0,4,,Priscilla
DSCN1870,97,7,Playa Blanca,,arana,,,11,2023,nov-24,356.175,13,7,6,0,6,,Priscilla
DSCN8970,97,1,Playa Blanca,,arana,,,1,2024,ene-24,226.172,5,0,0,0,0,,Priscilla
DSCN8971,97,2,Playa Blanca,,arana,,,1,2024,ene-24,126.780,6,1,2,0,0,,Priscilla
DSCN8972,97,3,Playa Blanca,,arana,,,1,2024,ene-24,255.448,6,1,1,0,0,,Priscilla
DSCN8973,97,4,Playa Blanca,,arana,,,1,2024,ene-24,119.738,5,0,0,0,0,,Priscilla
DSCN8974,97,5,Playa Blanca,,arana,,,1,2024,ene-24,89.502,7,2,0,1,0,,Priscilla
DSCN8975,97,6,Playa Blanca,,arana,,,1,2024,ene-24,75.641,6,1,0,0,0,,Priscilla
DSCN8976,97,7,Playa Blanca,,arana,,,1,2024,ene-24,207.459,14,3,0,6,0,,Priscilla
DSCN9443,97,1,Playa Blanca,,arana,,,2,2024,feb-24,259.484,5,0,0,1,0,,Priscilla
DSCN9444,97,2,Playa Blanca,,arana,,,2,2024,feb-24,126.108,6,1,3,1,0,,Priscilla
DSCN9445,97,3,Playa Blanca,,arana,,,2,2024,feb-24,244.656,5,0,1,0,0,,Priscilla
DSCN9446,97,4,Playa Blanca,,arana,,,2,2024,feb-24,132.320,5,0,1,0,0,,Priscilla
DSCN9447,97,5,Playa Blanca,,arana,,,2,2024,feb-24,102.036,5,1,0,1,0,,Priscilla
DSCN9448,97,6,Playa Blanca,,arana,,,2,2024,feb-24,87.602,6,1,0,1,0,,Priscilla
DSCN9449,97,7,Playa Blanca,,arana,,,2,2024,feb-24,331.183,13,2,2,3,0,,Priscilla
DSCN0829,97,1,Playa Blanca,,arana,,,3,2024,mar-24,284.116,5,0,0,0,0,,Priscilla
DSCN0830,97,2,Playa Blanca,,arana,,,3,2024,mar-24,284.116,7,2,2,0,0,,Priscilla
DSCN0831,97,3,Playa Blanca,,arana,,,3,2024,mar-24,276.060,5,0,1,0,0,,Priscilla
DSCN0832,97,4,Playa Blanca,,arana,,,3,2024,mar-24,145.274,6,0,1,0,0,,Priscilla
DSCN0834,97,5,Playa Blanca,,arana,,,3,2024,mar-24,92.175,4,0,0,0,0,,Priscilla
DSCN0835,97,6,Playa Blanca,,arana,,,3,2024,mar-24,90.666,5,1,0,0,0,,Priscilla
DSCN0836,97,7,Playa Blanca,,arana,,,3,2024,mar-24,393.433,15,2,0,0,0,,Priscilla
DSCN8220,97,1,Playa Blanca,,arana,,,5,2024,may-24,260.773,5,0,0,0,0,,Priscilla
DSCN8221,97,2,Playa Blanca,,arana,,,5,2024,may-24,166.251,5,1,2,0,0,,Priscilla
DSCN8222,97,3,Playa Blanca,,arana,,,5,2024,may-24,324.157,5,0,0,0,0,,Priscilla
DSCN8223,97,4,Playa Blanca,,arana,,,5,2024,may-24,184.030,5,0,1,0,0,,Priscilla
DSCN8224,97,5,Playa Blanca,,arana,,,5,2024,may-24,123.405,4,0,0,2,0,,Priscilla
DSCN8225,97,6,Playa Blanca,,arana,,,5,2024,may-24,127.237,4,0,0,0,0,,Priscilla
DSCN8226,97,7,Playa Blanca,,arana,,,5,2024,may-24,445.451,13,2,0,0,0,,Priscilla
DSCN9268,97,1,Playa Blanca,,arana,,,6,2024,jun-24,290.261,5,0,0,0,0,,Priscilla
DSCN9269,97,2,Playa Blanca,,arana,,,6,2024,jun-24,188.132,4,0,0,1,0,,Priscilla
DSCN9270,97,3,Playa Blanca,,arana,,,6,2024,jun-24,340.414,5,0,0,0,0,,Priscilla
DSCN9271,97,4,Playa Blanca,,arana,,,6,2024,jun-24,234.125,5,0,0,0,0,,Priscilla
DSCN9272,97,5,Playa Blanca,,arana,,,6,2024,jun-24,170.223,4,0,0,0,0,,Priscilla
DSCN9273,97,6,Playa Blanca,,arana,,,6,2024,jun-24,136.973,5,0,0,1,0,,Priscilla
DSCN9274,97,7,Playa Blanca,,arana,,,6,2024,jun-24,543.673,12,0,0,2,0,,Priscilla
DSCN4297,95,0,Playa Blanca,,arana,,,5,2023,may_23,NA,NA,NA,NA,NA,NA,Etiqueta arana,Amanda
DSCN4298,95,1,Playa Blanca,,arana,,,5,2023,may_23,684.251,5,0,0,0,0,,Amanda
DSCN4299,95,2,Playa Blanca,,arana,,,5,2023,may_23,203.137,3,0,0,0,0,,Amanda
DSCN4300,95,3,Playa Blanca,,arana,,,5,2023,may_23,294.468,3,0,2,1,0,,Amanda
DSCN4301,95,4,Playa Blanca,,arana,,,5,2023,may_23,572.285,4,0,0,0,0,,Amanda
DSCN4302,95,5,Playa Blanca,,arana,,,5,2023,may_23,388.882,2,0,0,0,0,,Amanda
DSCN4303,95,6,Playa Blanca,,arana,,,5,2023,may_23,0.000,0,0,0,0,0,sin fragmentos,Amanda
DSCN4304,95,7,Playa Blanca,,arana,,,5,2023,may_23,637.514,6,0,0,1,0,,Amanda
DSCN5434,95,0,Playa Blanca,,arana,,,6,2023,jun_23,NA,NA,NA,NA,NA,NA,etiqueta arana,Amanda
DSCN5435,95,1,Playa Blanca,,arana,,,6,2023,jun_23,785.304,5,0,0,0,0,,Amanda
DSCN5436,95,2,Playa Blanca,,arana,,,6,2023,jun_23,247.422,3,0,1,0,0,,Amanda
DSCN5437,95,3,Playa Blanca,,arana,,,6,2023,jun_23,305.786,2,0,2,1,1,,Amanda
DSCN5438,95,4,Playa Blanca,,arana,,,6,2023,jun_23,423.064,3,0,1,0,1,,Amanda
DSCN5439,95,5,Playa Blanca,,arana,,,6,2023,jun_23,497.060,2,0,0,1,0,,Amanda
DSCN5440,95,6,Playa Blanca,,arana,,,6,2023,jun_23,0.000,0,0,0,1,0,sin fragmentos,Amanda
DSCN5441,95,7,Playa Blanca,,arana,,,6,2023,jun_23,576.596,9,0,0,1,3,,Amanda
DSCN0060,90,1,Playa Blanca,,arana,,,11,2022,nov_22,904.991,7,0,0,0,0,,Chiara
DSCN0061,90,2,Playa Blanca,,arana,,,11,2022,nov_22,499.963,2,0,0,1,0,,Chiara
DSCN0062,90,3,Playa Blanca,,arana,,,11,2022,nov_22,644.306,3,0,0,0,0,,Chiara
DSCN0063,90,4,Playa Blanca,,arana,,,11,2022,nov_22,0.000,0,0,0,2,0,,Chiara
DSCN0064,90,5,Playa Blanca,,arana,,,11,2022,nov_22,850.996,5,0,0,0,0,Imagen cortada,Chiara
DSCN0065,90,6,Playa Blanca,,arana,,,11,2022,nov_22,503.140,3,0,0,1,0,,Chiara
DSCN0066,90,7,Playa Blanca,,arana,,,11,2022,nov_22,892.330,7,0,0,1,0,,Chiara
DSCN0076,101,1,Playa Blanca,,arana,,,11,2022,nov_22,993.291,5,0,0,0,0,,Chiara
DSCN0077,101,2,Playa Blanca,,arana,,,11,2022,nov_22,296.089,2,0,0,0,0,,Chiara
DSCN0078,101,3,Playa Blanca,,arana,,,11,2022,nov_22,620.085,6,0,0,0,0,,Chiara
DSCN0079,101,4,Playa Blanca,,arana,,,11,2022,nov_22,416.917,3,0,0,4,0,Erizos tapan piso de abajo,Chiara
DSCN0080,101,5,Playa Blanca,,arana,,,11,2022,nov_22,679.720,4,0,0,1,0,,Chiara
DSCN0081,101,6,Playa Blanca,,arana,,,11,2022,nov_22,461.874,2,0,0,1,0,,Chiara
DSCN0082,101,7,Playa Blanca,,arana,,,11,2022,nov_22,"1,737.203",7,0,0,4,0,,Chiara
DSCN0084,107,1,Playa Blanca,,arana,,,11,2022,nov_22,887.776,5,0,0,0,0,,Chiara
DSCN0085,107,2,Playa Blanca,,arana,,,11,2022,nov_22,"1,254.914",6,0,0,0,0,,Chiara
DSCN0086,107,3,Playa Blanca,,arana,,,11,2022,nov_22,472.999,4,0,1,2,0,,Chiara
DSCN0087,107,4,Playa Blanca,,arana,,,11,2022,nov_22,543.532,5,0,0,2,0,,Chiara
DSCN0088,107,5,Playa Blanca,,arana,,,11,2022,nov_22,451.392,4,0,0,1,0,,Chiara
DSCN0089,107,6,Playa Blanca,,arana,,,11,2022,nov_22,412.960,2,0,0,1,0,,Chiara
DSCN0090,107,7,Playa Blanca,,arana,,,11,2022,nov_22,"2,681.097",13,0,0,2,0,,Chiara
DSCN0489,101,1,Playa Blanca,,arana,,,12,2022,dic_22,"1,112.007",5,0,0,0,0,,Chiara
DSCN0490,101,6,Playa Blanca,,arana,,,12,2022,dic_22,564.810,2,0,1,1,0,,Chiara
DSCN0491,101,5,Playa Blanca,,arana,,,12,2022,dic_22,600.279,4,0,0,0,0,,Chiara
DSCN0492,101,4,Playa Blanca,,arana,,,12,2022,dic_22,365.706,2,0,0,5,0,,Chiara
DSCN0493,101,3,Playa Blanca,,arana,,,12,2022,dic_22,698.606,6,0,0,2,0,,Chiara
DSCN0494,101,2,Playa Blanca,,arana,,,12,2022,dic_22,391.002,2,0,0,0,0,,Chiara
DSCN0495,101,7,Playa Blanca,,arana,,,12,2022,dic_22,"1,972.179",7,0,0,3,0,,Chiara
DSCN0497,107,1,Playa Blanca,,arana,,,12,2022,dic_22,"1,089.804",5,0,0,0,0,,Chiara
DSCN0498,107,6,Playa Blanca,,arana,,,12,2022,dic_22,482.376,2,0,0,2,0,,Chiara
DSCN0499,107,5,Playa Blanca,,arana,,,12,2022,dic_22,733.274,4,0,0,0,0,,Chiara
DSCN0500,107,4,Playa Blanca,,arana,,,12,2022,dic_22,917.207,5,0,0,2,0,,Chiara
DSCN0501,107,3,Playa Blanca,,arana,,,12,2022,dic_22,467.463,4,0,0,2,1,,Chiara
DSCN0502,107,2,Playa Blanca,,arana,,,12,2022,dic_22,"1,239.002",6,0,0,0,0,,Chiara
DSCN0503,107,7,Playa Blanca,,arana,,,12,2022,dic_22,"2,705.397",13,0,0,2,0,,Chiara
DSCN0507,14,1,Playa Blanca,,arana,,,12,2022,dic_22,488.853,3,0,1,2,0,,Chiara
DSCN0508,14,6,Playa Blanca,,arana,,,12,2022,dic_22,99.636,1,0,1,1,0,,Chiara
DSCN0509,14,5,Playa Blanca,,arana,,,12,2022,dic_22,411.858,3,0,0,1,0,,Chiara
DSCN0510,14,4,Playa Blanca,,arana,,,12,2022,dic_22,798.378,4,0,0,0,0,,Chiara
DSCN0511,14,3,Playa Blanca,,arana,,,12,2022,dic_22,"1,015.809",4,0,0,0,0,,Chiara
DSCN0512,14,2,Playa Blanca,,arana,,,12,2022,dic_22,298.409,2,0,0,0,0,,Chiara
DSCN0513,14,7,Playa Blanca,,arana,,,12,2022,dic_22,"1,833.731",7,0,0,2,0,,Chiara
DSCN0532,90,1,Playa Blanca,,arana,,,12,2022,dic_22,859.914,7,0,0,1,0,,Chiara
DSCN0533,90,6,Playa Blanca,,arana,,,12,2022,dic_22,530.730,4,0,0,1,0,,Chiara
DSCN0534,90,5,Playa Blanca,,arana,,,12,2022,dic_22,882.106,5,0,0,1,0,,Chiara
DSCN0535,90,4,Playa Blanca,,arana,,,12,2022,dic_22,0.000,0,0,0,2,0,,Chiara
DSCN0536,90,3,Playa Blanca,,arana,,,12,2022,dic_22,560.747,3,0,0,0,0,,Chiara
DSCN0537,90,2,Playa Blanca,,arana,,,12,2022,dic_22,558.736,2,0,0,0,0,,Chiara
DSCN0538,90,7,Playa Blanca,,arana,,,12,2022,dic_22,"1,009.826",7,0,0,1,0,,Chiara
DSCN0630,89,1,Playa Blanca,,arana,,,12,2022,dic_22,248.351,5,0,0,0,0,,Chiara
DSCN0631,89,6,Playa Blanca,,arana,,,12,2022,dic_22,198.911,6,0,0,0,0,,Chiara
DSCN0632,89,5,Playa Blanca,,arana,,,12,2022,dic_22,240.750,5,0,0,0,0,,Chiara
DSCN0633,89,4,Playa Blanca,,arana,,,12,2022,dic_22,305.114,4,0,0,1,0,,Chiara
DSCN0634,89,3,Playa Blanca,,arana,,,12,2022,dic_22,109.816,4,0,0,0,0,,Chiara
DSCN0636,89,2,Playa Blanca,,arana,,,12,2022,dic_22,163.772,3,0,1,0,0,,Chiara
DSCN0637,89,7,Playa Blanca,,arana,,,12,2022,dic_22,493.300,6,0,1,0,1,,Chiara
DSCN0647,102,1,Playa Blanca,,arana,,,12,2022,dic_22,245.331,6,0,0,0,0,,Chiara
DSCN0648,102,6,Playa Blanca,,arana,,,12,2022,dic_22,278.814,6,0,0,1,0,,Chiara
DSCN0649,102,5,Playa Blanca,,arana,,,12,2022,dic_22,164.847,4,0,0,1,0,,Chiara
DSCN0650,102,4,Playa Blanca,,arana,,,12,2022,dic_22,204.903,5,0,0,0,0,,Chiara
DSCN0651,102,3,Playa Blanca,,arana,,,12,2022,dic_22,68.861,4,0,0,0,0,,Chiara
DSCN0652,102,2,Playa Blanca,,arana,,,12,2022,dic_22,201.252,4,0,0,0,0,,Chiara
DSCN0653,102,7,Playa Blanca,,arana,,,12,2022,dic_22,273.093,6,0,0,1,0,,Chiara
DSCN1275,89,1,Playa Blanca,,arana,,,1,2023,ene_23,293.209,5,0,0,0,0,,Chiara
DSCN1276,89,2,Playa Blanca,,arana,,,1,2023,ene_23,176.475,3,0,1,0,0,,Chiara
DSCN1277,89,3,Playa Blanca,,arana,,,1,2023,ene_23,121.508,3,0,0,1,0,,Chiara
DSCN1278,89,4,Playa Blanca,,arana,,,1,2023,ene_23,274.689,4,0,3,0,0,,Chiara
DSCN1279,89,5,Playa Blanca,,arana,,,1,2023,ene_23,250.537,5,0,0,0,0,,Chiara
DSCN1280,89,6,Playa Blanca,,arana,,,1,2023,ene_23,247.571,6,0,0,0,0,,Chiara
DSCN1281,89,7,Playa Blanca,,arana,,,1,2023,ene_23,542.581,6,0,2,0,0,,Chiara
DSCN1294,102,1,Playa Blanca,,arana,,,1,2023,ene_23,220.915,6,0,0,0,0,,Chiara
DSCN1295,102,2,Playa Blanca,,arana,,,1,2023,ene_23,205.875,4,1,0,0,0,,Chiara
DSCN1296,102,3,Playa Blanca,,arana,,,1,2023,ene_23,189.285,5,0,0,0,0,,Chiara
DSCN1297,102,4,Playa Blanca,,arana,,,1,2023,ene_23,201.540,5,0,0,0,0,,Chiara
DSCN1298,102,5,Playa Blanca,,arana,,,1,2023,ene_23,174.519,4,0,0,1,0,,Chiara
DSCN1299,102,6,Playa Blanca,,arana,,,1,2023,ene_23,316.895,5,0,0,2,0,,Chiara
DSCN1300,102,7,Playa Blanca,,arana,,,1,2023,ene_23,287.837,6,0,0,1,0,,Chiara
DSCN1408,90,1,Playa Blanca,,arana,,,1,2023,ene_23,969.523,7,0,0,1,0,,Chiara
DSCN1409,90,2,Playa Blanca,,arana,,,1,2023,ene_23,571.255,2,0,0,0,0,,Chiara
DSCN1410,90,3,Playa Blanca,,arana,,,1,2023,ene_23,592.291,3,0,0,0,0,,Chiara
DSCN1411,90,4,Playa Blanca,,arana,,,1,2023,ene_23,0.000,0,0,0,1,0,,Chiara
DSCN1412,90,5,Playa Blanca,,arana,,,1,2023,ene_23,961.347,5,0,0,0,0,,Chiara
DSCN1413,90,6,Playa Blanca,,arana,,,1,2023,ene_23,623.238,4,0,0,1,0,,Chiara
DSCN1414,90,7,Playa Blanca,,arana,,,1,2023,ene_23,998.690,7,0,0,1,0,,Chiara
DSCN1432,101,1,Playa Blanca,,arana,,,1,2023,ene_23,975.424,5,0,0,0,0,,Chiara
DSCN1433,101,2,Playa Blanca,,arana,,,1,2023,ene_23,318.952,2,0,0,0,0,,Chiara
DSCN1434,101,3,Playa Blanca,,arana,,,1,2023,ene_23,662.776,6,0,0,3,0,,Chiara
DSCN1435,101,4,Playa Blanca,,arana,,,1,2023,ene_23,326.797,2,0,0,5,0,,Chiara
DSCN1436,101,5,Playa Blanca,,arana,,,1,2023,ene_23,645.293,4,0,0,0,0,,Chiara
DSCN1437,101,6,Playa Blanca,,arana,,,1,2023,ene_23,466.817,2,0,1,1,0,,Chiara
DSCN1438,101,7,Playa Blanca,,arana,,,1,2023,ene_23,"1,940.459",7,0,0,4,0,,Chiara
DSCN1440,107,1,Playa Blanca,,arana,,,1,2023,ene_23,769.429,5,0,0,0,0,,Chiara
DSCN1441,107,2,Playa Blanca,,arana,,,1,2023,ene_23,"1,345.257",6,0,0,0,0,,Chiara
DSCN1442,107,3,Playa Blanca,,arana,,,1,2023,ene_23,589.818,4,0,0,2,0,,Chiara
DSCN1443,107,4,Playa Blanca,,arana,,,1,2023,ene_23,"1,235.863",5,0,0,2,0,,Chiara
DSCN1444,107,5,Playa Blanca,,arana,,,1,2023,ene_23,637.440,4,0,0,1,0,,Chiara
DSCN1445,107,6,Playa Blanca,,arana,,,1,2023,ene_23,462.198,2,0,0,0,0,,Chiara
DSCN1446,107,7,Playa Blanca,,arana,,,1,2023,ene_23,"2,492.709",13,0,0,1,0,,Chiara
DSCN1448,14,1,Playa Blanca,,arana,,,1,2023,ene_23,632.226,3,0,1,2,0,,Chiara
DSCN1449,14,2,Playa Blanca,,arana,,,1,2023,ene_23,258.269,2,0,0,0,0,,Chiara
DSCN1450,14,3,Playa Blanca,,arana,,,1,2023,ene_23,865.582,4,0,0,0,0,,Chiara
DSCN1451,14,4,Playa Blanca,,arana,,,1,2023,ene_23,903.599,4,0,0,1,0,,Chiara
DSCN1452,14,5,Playa Blanca,,arana,,,1,2023,ene_23,432.366,3,0,0,1,0,,Chiara
DSCN1453,14,6,Playa Blanca,,arana,,,1,2023,ene_23,106.556,1,0,1,1,0,,Chiara
DSCN1454,14,7,Playa Blanca,,arana,,,1,2023,ene_23,"2,110.141",7,0,0,1,0,,Chiara
DSCN1456,11,1,Playa Blanca,,arana,,,1,2023,ene_23,0.000,0,0,0,1,0,,Chiara
DSCN1457,11,2,Playa Blanca,,arana,,,1,2023,ene_23,426.803,2,0,0,1,0,,Chiara
DSCN1458,11,3,Playa Blanca,,arana,,,1,2023,ene_23,500.656,4,0,0,2,0,,Chiara
DSCN1459,11,4,Playa Blanca,,arana,,,1,2023,ene_23,346.862,1,0,0,1,0,,Chiara
DSCN1460,11,5,Playa Blanca,,arana,,,1,2023,ene_23,520.461,6,0,0,1,0,,Chiara
DSCN1461,11,6,Playa Blanca,,arana,,,1,2023,ene_23,799.436,6,0,1,0,0,,Chiara
DSCN1462,11,7,Playa Blanca,,arana,,,1,2023,ene_23,"1,230.510",7,0,0,3,0,,Chiara
DSCN1831,11,1,Playa Blanca,,arana,,,2,2023,feb_23,0.000,0,0,0,1,0,,Chiara
DSCN1832,11,2,Playa Blanca,,arana,,,2,2023,feb_23,473.818,2,0,1,1,0,,Chiara
DSCN1833,11,3,Playa Blanca,,arana,,,2,2023,feb_23,406.826,3,0,1,0,0,,Chiara
DSCN1834,11,4,Playa Blanca,,arana,,,2,2023,feb_23,423.547,1,0,0,3,0,,Chiara
DSCN1835,11,5,Playa Blanca,,arana,,,2,2023,feb_23,569.394,6,0,2,0,0,,Chiara
DSCN1836,11,6,Playa Blanca,,arana,,,2,2023,feb_23,911.057,6,0,1,0,0,,Chiara
DSCN1837,11,7,Playa Blanca,,arana,,,2,2023,feb_23,"1,084.561",7,0,0,3,0,,Chiara
DSCN1873,101,1,Playa Blanca,,arana,,,2,2023,feb_23,"1,121.816",5,0,0,0,0,,Chiara
DSCN1874,101,2,Playa Blanca,,arana,,,2,2023,feb_23,318.664,2,0,0,0,0,,Chiara
DSCN1875,101,3,Playa Blanca,,arana,,,2,2023,feb_23,700.558,6,0,0,2,0,,Chiara
DSCN1876,101,4,Playa Blanca,,arana,,,2,2023,feb_23,355.390,2,0,0,5,0,,Chiara
DSCN1877,101,5,Playa Blanca,,arana,,,2,2023,feb_23,703.460,4,0,0,0,0,,Chiara
DSCN1878,101,6,Playa Blanca,,arana,,,2,2023,feb_23,569.021,2,0,1,1,0,,Chiara
DSCN1879,101,7,Playa Blanca,,arana,,,2,2023,feb_23,"1,565.145",7,0,0,4,0,,Chiara
DSCN1881,107,1,Playa Blanca,,arana,,,2,2023,feb_23,"1,129.124",5,0,0,0,0,,Chiara
DSCN1882,107,2,Playa Blanca,,arana,,,2,2023,feb_23,"1,239.051",6,0,0,0,0,,Chiara
DSCN1885,107,3,Playa Blanca,,arana,,,2,2023,feb_23,580.005,4,0,0,2,0,,Chiara
DSCN1886,107,4,Playa Blanca,,arana,,,2,2023,feb_23,903.907,5,0,0,2,0,,Chiara
DSCN1887,107,5,Playa Blanca,,arana,,,2,2023,feb_23,393.849,4,0,0,1,0,,Chiara
DSCN1888,107,6,Playa Blanca,,arana,,,2,2023,feb_23,471.638,2,0,0,0,0,,Chiara
DSCN1889,107,7,Playa Blanca,,arana,,,2,2023,feb_23,"2,890.640",13,0,0,1,0,,Chiara
DSCN1891,14,1,Playa Blanca,,arana,,,2,2023,feb_23,364.575,3,0,1,2,0,,Chiara
DSCN1892,14,2,Playa Blanca,,arana,,,2,2023,feb_23,306.399,2,0,0,0,0,,Chiara
DSCN1893,14,3,Playa Blanca,,arana,,,2,2023,feb_23,911.089,4,0,0,0,0,,Chiara
DSCN1894,14,4,Playa Blanca,,arana,,,2,2023,feb_23,"1,157.888",4,0,0,1,0,,Chiara
DSCN1895,14,5,Playa Blanca,,arana,,,2,2023,feb_23,445.044,3,0,0,1,0,,Chiara
DSCN1896,14,6,Playa Blanca,,arana,,,2,2023,feb_23,104.745,1,0,1,1,0,,Chiara
DSCN1897,14,7,Playa Blanca,,arana,,,2,2023,feb_23,"1,758.637",7,0,0,1,0,,Chiara
DSCN1918,90,1,Playa Blanca,,arana,,,2,2023,feb_23,"1,126.661",7,0,0,1,0,,Chiara
DSCN1919,90,2,Playa Blanca,,arana,,,2,2023,feb_23,546.192,2,0,0,0,0,,Chiara
DSCN1920,90,3,Playa Blanca,,arana,,,2,2023,feb_23,633.392,3,0,0,0,0,,Chiara
DSCN1921,90,4,Playa Blanca,,arana,,,2,2023,feb_23,0.000,0,0,0,1,0,,Chiara
DSCN1922,90,5,Playa Blanca,,arana,,,2,2023,feb_23,"1,102.081",5,0,0,0,0,,Chiara
DSCN1923,90,6,Playa Blanca,,arana,,,2,2023,feb_23,599.877,4,0,0,1,0,,Chiara
DSCN1924,90,7,Playa Blanca,,arana,,,2,2023,feb_23,"1,000.211",7,0,0,1,0,,Chiara
DSCN2034,89,1,Playa Blanca,,arana,,,2,2023,feb_23,372.623,5,0,0,0,0,,Chiara
DSCN2035,89,2,Playa Blanca,,arana,,,2,2023,feb_23,219.130,3,0,1,0,0,,Chiara
DSCN2036,89,3,Playa Blanca,,arana,,,2,2023,feb_23,122.553,3,0,0,0,0,,Chiara
DSCN2037,89,4,Playa Blanca,,arana,,,2,2023,feb_23,304.305,4,0,2,0,0,,Chiara
DSCN2038,89,5,Playa Blanca,,arana,,,2,2023,feb_23,308.236,5,0,0,0,0,,Chiara
DSCN2039,89,6,Playa Blanca,,arana,,,2,2023,feb_23,302.585,6,0,0,0,0,,Chiara
DSCN2040,89,7,Playa Blanca,,arana,,,2,2023,feb_23,672.267,6,1,1,0,0,,Chiara
DSCN2050,102,1,Playa Blanca,,arana,,,2,2023,feb_23,269.560,6,0,0,0,0,,Chiara
DSCN2051,102,2,Playa Blanca,,arana,,,2,2023,feb_23,210.152,3,0,0,0,0,,Chiara
DSCN2052,102,3,Playa Blanca,,arana,,,2,2023,feb_23,213.408,5,0,0,0,0,,Chiara
DSCN2053,102,4,Playa Blanca,,arana,,,2,2023,feb_23,212.451,5,0,0,0,0,,Chiara
DSCN2054,102,5,Playa Blanca,,arana,,,2,2023,feb_23,201.262,4,0,0,1,0,,Chiara
DSCN2055,102,6,Playa Blanca,,arana,,,2,2023,feb_23,393.238,5,0,0,1,0,,Chiara
DSCN2056,102,7,Playa Blanca,,arana,,,2,2023,feb_23,361.894,6,0,0,1,0,,Chiara
DSCN2491,102,1,Playa Blanca,,arana,,,3,2023,mar_23,256.102,6,0,0,0,0,,Chiara
DSCN2492,102,2,Playa Blanca,,arana,,,3,2023,mar_23,203.806,3,0,0,0,0,,Chiara
DSCN2493,102,3,Playa Blanca,,arana,,,3,2023,mar_23,194.497,5,0,0,0,0,,Chiara
DSCN2494,102,4,Playa Blanca,,arana,,,3,2023,mar_23,201.423,4,0,0,0,0,,Chiara
DSCN2495,102,5,Playa Blanca,,arana,,,3,2023,mar_23,252.101,4,0,0,0,0,,Chiara
DSCN2496,102,6,Playa Blanca,,arana,,,3,2023,mar_23,384.565,5,0,0,0,0,,Chiara
DSCN2497,102,7,Playa Blanca,,arana,,,3,2023,mar_23,420.250,6,0,0,1,0,,Chiara
DSCN2509,89,1,Playa Blanca,,arana,,,3,2023,mar_23,275.884,5,0,0,0,0,,Chiara
DSCN2510,89,2,Playa Blanca,,arana,,,3,2023,mar_23,188.458,3,0,1,0,0,,Chiara
DSCN2511,89,3,Playa Blanca,,arana,,,3,2023,mar_23,113.508,3,0,0,0,0,,Chiara
DSCN2512,89,4,Playa Blanca,,arana,,,3,2023,mar_23,294.212,4,0,2,0,0,,Chiara
DSCN2513,89,5,Playa Blanca,,arana,,,3,2023,mar_23,248.410,5,0,0,0,0,,Chiara
DSCN2514,89,6,Playa Blanca,,arana,,,3,2023,mar_23,310.162,6,0,0,0,0,,Chiara
DSCN2515,89,7,Playa Blanca,,arana,,,3,2023,mar_23,702.671,6,0,1,1,0,,Chiara
DSCN2581,90,1,Playa Blanca,,arana,,,3,2023,mar_23,"1,081.371",7,0,0,1,0,,Chiara
DSCN2582,90,2,Playa Blanca,,arana,,,3,2023,mar_23,602.616,2,0,0,0,0,,Chiara
DSCN2583,90,3,Playa Blanca,,arana,,,3,2023,mar_23,571.554,3,0,0,0,0,,Chiara
DSCN2584,90,4,Playa Blanca,,arana,,,3,2023,mar_23,0.000,0,0,0,1,0,,Chiara
DSCN2585,90,5,Playa Blanca,,arana,,,3,2023,mar_23,"1,026.426",5,0,0,0,0,,Chiara
DSCN2586,90,6,Playa Blanca,,arana,,,3,2023,mar_23,658.232,4,0,0,1,0,,Chiara
DSCN2587,90,7,Playa Blanca,,arana,,,3,2023,mar_23,963.474,7,0,0,1,0,,Chiara
DSCN2606,14,1,Playa Blanca,,arana,,,3,2023,mar_23,324.287,2,0,1,3,0,,Chiara
DSCN2607,14,2,Playa Blanca,,arana,,,3,2023,mar_23,311.349,2,0,0,0,0,,Chiara
DSCN2608,14,3,Playa Blanca,,arana,,,3,2023,mar_23,975.340,4,0,0,0,0,,Chiara
DSCN2609,14,4,Playa Blanca,,arana,,,3,2023,mar_23,"1,001.441",4,0,0,1,0,,Chiara
DSCN2610,14,5,Playa Blanca,,arana,,,3,2023,mar_23,443.372,3,0,0,1,0,,Chiara
DSCN2611,14,6,Playa Blanca,,arana,,,3,2023,mar_23,124.031,1,0,1,1,0,,Chiara
DSCN2612,14,7,Playa Blanca,,arana,,,3,2023,mar_23,"1,836.864",7,0,0,1,0,,Chiara
DSCN2614,107,1,Playa Blanca,,arana,,,3,2023,mar_23,"1,255.507",5,0,0,0,0,,Chiara
DSCN2615,107,2,Playa Blanca,,arana,,,3,2023,mar_23,"1,303.375",6,0,0,0,0,,Chiara
DSCN2616,107,3,Playa Blanca,,arana,,,3,2023,mar_23,506.120,4,0,1,2,0,,Chiara
DSCN2617,107,4,Playa Blanca,,arana,,,3,2023,mar_23,"1,164.039",5,0,0,0,0,,Chiara
DSCN2618,107,5,Playa Blanca,,arana,,,3,2023,mar_23,829.385,4,0,0,1,0,,Chiara
DSCN2619,107,6,Playa Blanca,,arana,,,3,2023,mar_23,457.511,2,0,0,0,0,,Chiara
DSCN2621,107,7,Playa Blanca,,arana,,,3,2023,mar_23,"2,859.962",13,0,0,1,0,,Chiara
DSCN2623,101,1,Playa Blanca,,arana,,,3,2023,mar_23,"1,400.892",5,0,0,0,0,,Chiara
DSCN2624,101,2,Playa Blanca,,arana,,,3,2023,mar_23,332.003,2,0,0,0,0,,Chiara
DSCN2625,101,3,Playa Blanca,,arana,,,3,2023,mar_23,719.289,6,0,0,2,0,,Chiara
DSCN2626,101,4,Playa Blanca,,arana,,,3,2023,mar_23,346.253,2,0,0,5,0,,Chiara
DSCN2627,101,5,Playa Blanca,,arana,,,3,2023,mar_23,701.809,4,0,0,0,0,,Chiara
DSCN2628,101,6,Playa Blanca,,arana,,,3,2023,mar_23,506.505,2,0,1,1,0,,Chiara
DSCN2629,101,7,Playa Blanca,,arana,,,3,2023,mar_23,"2,226.613",7,0,0,2,0,,Chiara
DSCN2663,11,1,Playa Blanca,,arana,,,3,2023,mar_23,0.000,0,0,0,1,0,,Chiara
DSCN2664,11,2,Playa Blanca,,arana,,,3,2023,mar_23,489.254,2,0,0,1,0,,Chiara
DSCN2665,11,3,Playa Blanca,,arana,,,3,2023,mar_23,442.880,3,0,1,1,0,,Chiara
DSCN2666,11,4,Playa Blanca,,arana,,,3,2023,mar_23,565.395,2,0,0,3,0,,Chiara
DSCN2667,11,5,Playa Blanca,,arana,,,3,2023,mar_23,224.121,6,0,2,0,0,,Chiara
DSCN2668,11,6,Playa Blanca,,arana,,,3,2023,mar_23,984.021,6,0,0,0,0,,Chiara
DSCN2669,11,7,Playa Blanca,,arana,,,3,2023,mar_23,"1,174.346",7,0,0,0,0,,Chiara
DSCN3517,102,1,Playa Blanca,,arana,,,4,2023,abr_23,280.587,5,0,0,1,0,,Chiara
DSCN3518,102,2,Playa Blanca,,arana,,,4,2023,abr_23,248.803,3,0,0,0,0,,Chiara
DSCN3519,102,3,Playa Blanca,,arana,,,4,2023,abr_23,204.052,4,0,0,1,0,,Chiara
DSCN3520,102,4,Playa Blanca,,arana,,,4,2023,abr_23,267.450,4,0,0,0,0,,Chiara
DSCN3521,102,5,Playa Blanca,,arana,,,4,2023,abr_23,320.434,4,0,0,0,0,,Chiara
DSCN3522,102,6,Playa Blanca,,arana,,,4,2023,abr_23,464.632,5,0,0,0,0,,Chiara
DSCN3523,102,7,Playa Blanca,,arana,,,4,2023,abr_23,398.155,6,0,0,1,0,,Chiara
DSCN3533,89,1,Playa Blanca,,arana,,,4,2023,abr_23,202.041,5,0,0,0,0,,Chiara
DSCN3534,89,2,Playa Blanca,,arana,,,4,2023,abr_23,258.293,3,0,0,0,0,,Chiara
DSCN3535,89,3,Playa Blanca,,arana,,,4,2023,abr_23,138.698,3,0,0,0,0,,Chiara
DSCN3536,89,4,Playa Blanca,,arana,,,4,2023,abr_23,306.710,4,0,1,0,0,,Chiara
DSCN3537,89,5,Playa Blanca,,arana,,,4,2023,abr_23,324.196,5,0,0,0,0,,Chiara
DSCN3538,89,6,Playa Blanca,,arana,,,4,2023,abr_23,367.350,6,0,0,0,0,,Chiara
DSCN3539,89,7,Playa Blanca,,arana,,,4,2023,abr_23,560.337,6,0,1,1,0,,Chiara
DSCN3599,90,1,Playa Blanca,,arana,,,4,2023,abr_23,"1,224.131",7,0,0,1,0,,Chiara
DSCN3600,90,2,Playa Blanca,,arana,,,4,2023,abr_23,677.121,2,0,0,0,0,,Chiara
DSCN3601,90,3,Playa Blanca,,arana,,,4,2023,abr_23,616.378,3,0,0,0,0,,Chiara
DSCN3602,90,4,Playa Blanca,,arana,,,4,2023,abr_23,0.000,0,0,0,0,0,,Chiara
DSCN3603,90,5,Playa Blanca,,arana,,,4,2023,abr_23,748.588,4,0,0,1,0,,Chiara
DSCN3604,90,6,Playa Blanca,,arana,,,4,2023,abr_23,698.822,4,0,0,0,0,,Chiara
DSCN3605,90,7,Playa Blanca,,arana,,,4,2023,abr_23,955.110,7,0,0,1,0,,Chiara
DSCN3623,14,1,Playa Blanca,,arana,,,4,2023,abr_23,339.190,2,0,1,3,0,,Chiara
DSCN3624,14,2,Playa Blanca,,arana,,,4,2023,abr_23,332.785,2,0,0,1,0,,Chiara
DSCN3625,14,3,Playa Blanca,,arana,,,4,2023,abr_23,953.351,4,0,0,0,0,,Chiara
DSCN3626,14,4,Playa Blanca,,arana,,,4,2023,abr_23,957.118,4,0,0,1,0,,Chiara
DSCN3627,14,5,Playa Blanca,,arana,,,4,2023,abr_23,510.752,3,0,0,1,0,,Chiara
DSCN3628,14,6,Playa Blanca,,arana,,,4,2023,abr_23,142.004,1,0,1,1,0,,Chiara
DSCN3629,14,7,Playa Blanca,,arana,,,4,2023,abr_23,"1,874.690",7,0,0,1,0,,Chiara
DSCN3631,107,1,Playa Blanca,,arana,,,4,2023,abr_23,"1,240.238",5,0,0,0,0,,Chiara
DSCN3632,107,2,Playa Blanca,,arana,,,4,2023,abr_23,"1,623.099",6,0,0,0,0,,Chiara
DSCN3633,107,3,Playa Blanca,,arana,,,4,2023,abr_23,546.227,4,0,0,0,0,,Chiara
DSCN3634,107,4,Playa Blanca,,arana,,,4,2023,abr_23,"1,096.857",5,0,0,0,0,,Chiara
DSCN3635,107,5,Playa Blanca,,arana,,,4,2023,abr_23,"1,179.822",4,0,0,1,0,,Chiara
DSCN3636,107,6,Playa Blanca,,arana,,,4,2023,abr_23,613.175,2,0,0,0,0,,Chiara
DSCN3637,107,7,Playa Blanca,,arana,,,4,2023,abr_23,"2,983.669",13,0,0,1,0,,Chiara
DSCN3640,101,1,Playa Blanca,,arana,,,4,2023,abr_23,"1,231.223",5,0,0,0,0,,Chiara
DSCN3641,101,2,Playa Blanca,,arana,,,4,2023,abr_23,423.708,2,0,0,0,0,,Chiara
DSCN3642,101,3,Playa Blanca,,arana,,,4,2023,abr_23,738.823,6,0,0,1,0,,Chiara
DSCN3643,101,4,Playa Blanca,,arana,,,4,2023,abr_23,403.765,2,0,0,1,0,,Chiara
DSCN3644,101,5,Playa Blanca,,arana,,,4,2023,abr_23,560.383,4,0,0,0,0,,Chiara
DSCN3645,101,6,Playa Blanca,,arana,,,4,2023,abr_23,589.325,2,0,0,1,0,,Chiara
DSCN3646,101,7,Playa Blanca,,arana,,,4,2023,abr_23,"1,826.038",7,0,0,2,0,,Chiara
DSCN3682,11,1,Playa Blanca,,arana,,,4,2023,abr_23,0.000,0,0,0,1,0,,Chiara
DSCN3683,11,2,Playa Blanca,,arana,,,4,2023,abr_23,456.717,2,0,0,1,0,,Chiara
DSCN3684,11,3,Playa Blanca,,arana,,,4,2023,abr_23,487.621,3,0,1,1,0,,Chiara
DSCN3685,11,4,Playa Blanca,,arana,,,4,2023,abr_23,552.917,2,0,0,3,0,,Chiara
DSCN3686,11,5,Playa Blanca,,arana,,,4,2023,abr_23,697.097,6,0,2,0,0,,Chiara
DSCN3687,11,6,Playa Blanca,,arana,,,4,2023,abr_23,811.582,6,0,0,0,0,,Chiara
DSCN3688,11,7,Playa Blanca,,arana,,,4,2023,abr_23,"1,343.451",7,0,0,0,0,,Chiara
DSCN4331,102,1,Playa Blanca,,arana,,,5,2023,may_23,311.835,5,0,0,1,0,,Chiara
DSCN4332,102,2,Playa Blanca,,arana,,,5,2023,may_23,285.419,3,0,0,0,0,,Chiara
DSCN4333,102,3,Playa Blanca,,arana,,,5,2023,may_23,237.027,4,0,0,1,0,,Chiara
DSCN4334,102,4,Playa Blanca,,arana,,,5,2023,may_23,298.749,4,0,0,0,0,,Chiara
DSCN4335,102,5,Playa Blanca,,arana,,,5,2023,may_23,376.021,4,0,0,0,0,,Chiara
DSCN4336,102,6,Playa Blanca,,arana,,,5,2023,may_23,546.478,5,0,0,0,0,,Chiara
DSCN4338,102,7,Playa Blanca,,arana,,,5,2023,may_23,437.121,6,0,0,1,0,,Chiara
DSCN4348,89,1,Playa Blanca,,arana,,,5,2023,may_23,403.427,5,0,0,0,0,,Chiara
DSCN4349,89,2,Playa Blanca,,arana,,,5,2023,may_23,270.451,3,0,0,0,0,,Chiara
DSCN4350,89,3,Playa Blanca,,arana,,,5,2023,may_23,179.453,3,0,0,0,0,,Chiara
DSCN4351,89,4,Playa Blanca,,arana,,,5,2023,may_23,371.879,4,0,0,1,0,,Chiara
DSCN4352,89,5,Playa Blanca,,arana,,,5,2023,may_23,370.636,5,0,0,0,0,,Chiara
DSCN4353,89,6,Playa Blanca,,arana,,,5,2023,may_23,334.893,5,0,0,1,0,,Chiara
DSCN4354,89,7,Playa Blanca,,arana,,,5,2023,may_23,710.565,6,0,1,1,0,,Chiara
DSCN4412,90,1,Playa Blanca,,arana,,,5,2023,may_23,"1,127.051",7,0,0,1,0,,Chiara
DSCN4413,90,2,Playa Blanca,,arana,,,5,2023,may_23,547.886,2,0,0,0,0,,Chiara
DSCN4414,90,3,Playa Blanca,,arana,,,5,2023,may_23,586.769,3,0,0,0,0,,Chiara
DSCN4416,90,4,Playa Blanca,,arana,,,5,2023,may_23,0.000,0,0,0,0,0,,Chiara
DSCN4417,90,5,Playa Blanca,,arana,,,5,2023,may_23,681.310,4,0,0,1,0,,Chiara
DSCN4418,90,6,Playa Blanca,,arana,,,5,2023,may_23,688.135,4,0,0,0,0,,Chiara
DSCN4419,90,7,Playa Blanca,,arana,,,5,2023,may_23,"1,144.755",7,0,0,1,0,,Chiara
DSCN4437,14,1,Playa Blanca,,arana,,,6,2023,jun_23,358.135,2,0,1,3,0,,Chiara
DSCN4438,14,2,Playa Blanca,,arana,,,6,2023,jun_23,347.715,2,0,0,1,0,,Chiara
DSCN4439,14,3,Playa Blanca,,arana,,,6,2023,jun_23,949.771,4,0,0,0,0,,Chiara
DSCN4440,14,4,Playa Blanca,,arana,,,6,2023,jun_23,"1,060.973",4,0,0,1,0,,Chiara
DSCN4441,14,5,Playa Blanca,,arana,,,6,2023,jun_23,339.804,2,0,0,2,0,,Chiara
DSCN4442,14,6,Playa Blanca,,arana,,,6,2023,jun_23,107.150,1,0,0,1,0,,Chiara
DSCN4443,14,7,Playa Blanca,,arana,,,6,2023,jun_23,"2,532.047",7,0,0,1,0,,Chiara
DSCN4445,107,1,Playa Blanca,,arana,,,5,2023,may_23,"1,085.933",5,0,0,0,0,,Chiara
DSCN4446,107,2,Playa Blanca,,arana,,,5,2023,may_23,"1,524.674",6,0,0,0,0,,Chiara
DSCN4447,107,3,Playa Blanca,,arana,,,5,2023,may_23,753.518,4,0,0,0,0,,Chiara
DSCN4448,107,4,Playa Blanca,,arana,,,5,2023,may_23,"1,094.417",5,0,0,0,0,,Chiara
DSCN4449,107,5,Playa Blanca,,arana,,,5,2023,may_23,748.867,4,0,0,1,0,,Chiara
DSCN4450,107,6,Playa Blanca,,arana,,,5,2023,may_23,635.417,2,0,0,0,0,,Chiara
DSCN4451,107,7,Playa Blanca,,arana,,,5,2023,may_23,"3,381.914",13,0,0,1,0,,Chiara
DSCN4453,101,1,Playa Blanca,,arana,,,5,2023,may_23,"1,034.675",5,0,0,0,0,,Chiara
DSCN4454,101,2,Playa Blanca,,arana,,,5,2023,may_23,409.588,2,0,0,0,0,,Chiara
DSCN4455,101,3,Playa Blanca,,arana,,,5,2023,may_23,706.843,6,0,0,1,0,,Chiara
DSCN4456,101,4,Playa Blanca,,arana,,,5,2023,may_23,374.737,2,0,0,1,0,,Chiara
DSCN4457,101,5,Playa Blanca,,arana,,,5,2023,may_23,739.698,4,0,0,0,0,,Chiara
DSCN4458,101,6,Playa Blanca,,arana,,,5,2023,may_23,557.220,2,0,0,1,0,,Chiara
DSCN4459,101,7,Playa Blanca,,arana,,,5,2023,may_23,"1,450.441",7,0,0,2,0,,Chiara
DSCN4493,11,1,Playa Blanca,,arana,,,5,2023,may_23,0.000,0,0,0,1,0,,Chiara
DSCN4494,11,2,Playa Blanca,,arana,,,5,2023,may_23,473.549,2,0,0,1,0,,Chiara
DSCN4495,11,3,Playa Blanca,,arana,,,5,2023,may_23,619.831,3,0,1,1,0,,Chiara
DSCN4496,11,4,Playa Blanca,,arana,,,5,2023,may_23,430.807,2,0,0,1,0,,Chiara
DSCN4497,11,5,Playa Blanca,,arana,,,5,2023,may_23,734.353,6,0,0,0,0,,Chiara
DSCN4498,11,6,Playa Blanca,,arana,,,5,2023,may_23,806.989,5,0,0,0,0,,Chiara
DSCN4499,11,7,Playa Blanca,,arana,,,5,2023,may_23,"1,407.615",7,0,0,0,0,,Chiara
DSCN5397,89,1,Playa Blanca,,arana,,,6,2023,jun_23,505.918,5,0,0,0,0,,Chiara
DSCN5398,89,2,Playa Blanca,,arana,,,6,2023,jun_23,288.492,3,0,0,0,1,,Chiara
DSCN5399,89,3,Playa Blanca,,arana,,,6,2023,jun_23,220.997,3,0,0,0,0,,Chiara
DSCN5400,89,4,Playa Blanca,,arana,,,6,2023,jun_23,328.616,4,0,0,0,0,,Chiara
DSCN5401,89,5,Playa Blanca,,arana,,,6,2023,jun_23,484.339,5,0,0,0,0,,Chiara
DSCN5402,89,6,Playa Blanca,,arana,,,6,2023,jun_23,422.810,5,0,0,0,0,,Chiara
DSCN5403,89,7,Playa Blanca,,arana,,,6,2023,jun_23,808.563,6,0,0,1,0,,Chiara
DSCN5414,102,1,Playa Blanca,,arana,,,6,2023,jun_23,439.836,5,0,0,1,0,,Chiara
DSCN5416,102,2,Playa Blanca,,arana,,,6,2023,jun_23,368.781,3,0,0,0,0,,Chiara
DSCN5418,102,3,Playa Blanca,,arana,,,6,2023,jun_23,317.887,4,0,0,1,0,,Chiara
DSCN5419,102,4,Playa Blanca,,arana,,,6,2023,jun_23,380.876,4,0,0,0,0,,Chiara
DSCN5421,102,5,Playa Blanca,,arana,,,6,2023,jun_23,401.254,4,0,0,0,0,,Chiara
DSCN5422,102,6,Playa Blanca,,arana,,,6,2023,jun_23,725.518,5,0,0,0,0,,Chiara
DSCN5424,102,7,Playa Blanca,,arana,,,6,2023,jun_23,512.977,6,0,0,1,0,,Chiara
DSCN5536,101,2,Playa Blanca,,arana,,,6,2023,jun_23,485.565,2,0,0,0,0,No hay foto del lado 1,Chiara
DSCN5537,101,3,Playa Blanca,,arana,,,6,2023,jun_23,849.945,6,0,0,1,0,,Chiara
DSCN5538,101,4,Playa Blanca,,arana,,,6,2023,jun_23,394.597,2,0,0,1,0,,Chiara
DSCN5539,101,5,Playa Blanca,,arana,,,6,2023,jun_23,875.537,4,0,0,0,0,,Chiara
DSCN5540,101,6,Playa Blanca,,arana,,,6,2023,jun_23,707.428,2,0,0,1,0,,Chiara
DSCN5543,101,7,Playa Blanca,,arana,,,6,2023,jun_23,"1,702.868",7,0,0,2,0,,Chiara
DSCN5545,90,1,Playa Blanca,,arana,,,6,2023,jun_23,"1,298.347",7,0,0,1,0,,Chiara
DSCN5546,90,2,Playa Blanca,,arana,,,6,2023,jun_23,718.294,2,0,0,0,0,,Chiara
DSCN5547,90,3,Playa Blanca,,arana,,,6,2023,jun_23,808.007,3,0,0,0,0,,Chiara
DSCN5548,90,4,Playa Blanca,,arana,,,6,2023,jun_23,0.000,0,0,0,0,0,,Chiara
DSCN5549,90,5,Playa Blanca,,arana,,,6,2023,jun_23,767.643,4,0,0,1,0,,Chiara
DSCN5550,90,6,Playa Blanca,,arana,,,6,2023,jun_23,801.153,4,0,0,0,0,,Chiara
DSCN5551,90,7,Playa Blanca,,arana,,,6,2023,jun_23,"1,041.939",6,0,0,2,0,,Chiara
DSCN5587,11,1,Playa Blanca,,arana,,,6,2023,jun_23,0.000,0,0,0,1,0,,Chiara
DSCN5588,11,2,Playa Blanca,,arana,,,6,2023,jun_23,651.646,2,0,0,1,0,,Chiara
DSCN5589,11,3,Playa Blanca,,arana,,,6,2023,jun_23,819.517,3,0,1,1,0,,Chiara
DSCN5590,11,4,Playa Blanca,,arana,,,6,2023,jun_23,601.603,2,0,0,1,0,,Chiara
DSCN5592,11,5,Playa Blanca,,arana,,,6,2023,jun_23,817.227,6,0,0,0,0,,Chiara
DSCN5593,11,6,Playa Blanca,,arana,,,6,2023,jun_23,904.190,5,0,0,0,0,,Chiara
DSCN5594,11,7,Playa Blanca,,arana,,,6,2023,jun_23,"1,540.592",7,0,0,1,0,,Chiara
DSCN5630,107,1,Playa Blanca,,arana,,,6,2023,jun_23,"1,406.481",5,0,0,0,0,,Chiara
DSCN5631,107,2,Playa Blanca,,arana,,,6,2023,jun_23,"1,827.109",6,0,0,0,0,,Chiara
DSCN5632,107,3,Playa Blanca,,arana,,,6,2023,jun_23,888.674,4,0,0,0,0,,Chiara
DSCN5633,107,4,Playa Blanca,,arana,,,6,2023,jun_23,"1,319.568",5,0,0,0,0,,Chiara
DSCN5634,107,5,Playa Blanca,,arana,,,6,2023,jun_23,"1,221.483",4,0,0,1,0,,Chiara
DSCN5635,107,6,Playa Blanca,,arana,,,6,2023,jun_23,715.882,2,0,0,0,0,,Chiara
DSCN5636,107,7,Playa Blanca,,arana,,,6,2023,jun_23,"2,621.288",13,0,0,1,0,,Chiara
DSCN9944,102,1,Playa Blanca,,arana,,,11,2022,nov_22,224.401,7,0,0,4,0,,Chiara
DSCN9946,102,2,Playa Blanca,,arana,,,11,2022,nov_22,142.153,4,1,0,0,0,,Chiara
DSCN9947,102,3,Playa Blanca,,arana,,,11,2022,nov_22,99.553,5,0,0,0,0,,Chiara
DSCN9948,102,4,Playa Blanca,,arana,,,11,2022,nov_22,224.628,4,0,0,0,0,,Chiara
DSCN9949,102,5,Playa Blanca,,arana,,,11,2022,nov_22,187.998,6,0,0,0,0,,Chiara
DSCN9950,102,6,Playa Blanca,,arana,,,11,2022,nov_22,265.180,6,0,0,1,0,,Chiara
DSCN9951,102,7,Playa Blanca,,arana,,,11,2022,nov_22,220.073,6,0,0,2,0,,Chiara
DSCN1895,102,1,Playa Blanca,,arana,,,11,2023,nov_23,506.964,5,0,0,0,5,,Chiara
DSCN1896,102,2,Playa Blanca,,arana,,,11,2023,nov_23,469.209,5,0,0,0,4,,Chiara
DSCN1897,102,3,Playa Blanca,,arana,,,11,2023,nov_23,274.383,5,1,0,0,4,,Chiara
DSCN1898,102,4,Playa Blanca,,arana,,,11,2023,nov_23,431.625,4,0,0,0,3,,Chiara
DSCN1899,102,5,Playa Blanca,,arana,,,11,2023,nov_23,404.731,4,0,0,0,3,,Chiara
DSCN1900,102,6,Playa Blanca,,arana,,,11,2023,nov_23,637.261,4,0,0,1,4,,Chiara
DSCN1902,102,7,Playa Blanca,,arana,,,11,2023,nov_23,723.366,7,0,1,0,6,,Chiara
DSCN1913,89,1,Playa Blanca,,arana,,,11,2023,nov_23,504.164,5,0,4,0,5,,Chiara
DSCN1914,89,2,Playa Blanca,,arana,,,11,2023,nov_23,278.391,3,1,1,0,2,,Chiara
DSCN1915,89,3,Playa Blanca,,arana,,,11,2023,nov_23,242.060,3,0,2,1,3,,Chiara
DSCN1916,89,4,Playa Blanca,,arana,,,11,2023,nov_23,516.191,4,0,2,0,3,,Chiara
DSCN1917,89,5,Playa Blanca,,arana,,,11,2023,nov_23,476.739,4,0,1,0,4,,Chiara
DSCN1918,89,6,Playa Blanca,,arana,,,11,2023,nov_23,385.498,5,0,3,0,4,,Chiara
DSCN1919,89,7,Playa Blanca,,arana,,,11,2023,nov_23,583.363,9,4,2,1,6,,Chiara
DSCN1980,285,1,Playa Blanca,,arana,,,11,2023,nov_23,149.680,5,3,1,1,0,,Chiara
DSCN1981,285,2,Playa Blanca,,arana,,,11,2023,nov_23,17.765,4,3,1,0,1,,Chiara
DSCN1982,285,3,Playa Blanca,,arana,,,11,2023,nov_23,15.943,1,0,0,1,1,,Chiara
DSCN1983,285,4,Playa Blanca,,arana,,,11,2023,nov_23,226.048,5,4,1,1,1,,Chiara
DSCN1984,285,5,Playa Blanca,,arana,,,11,2023,nov_23,0.000,5,5,0,0,0,,Chiara
DSCN1985,285,6,Playa Blanca,,arana,,,11,2023,nov_23,0.000,5,5,0,2,0,,Chiara
DSCN1986,285,7,Playa Blanca,,arana,,,11,2023,nov_23,615.600,10,2,6,0,2,,Chiara
DSCN2005,14,1,Playa Blanca,,arana,,,11,2023,nov_23,74.355,4,2,0,1,2,,Chiara
DSCN2006,14,2,Playa Blanca,,arana,,,11,2023,nov_23,181.935,2,1,0,1,0,,Chiara
DSCN2007,14,3,Playa Blanca,,arana,,,11,2023,nov_23,0.000,3,3,0,0,0,,Chiara
DSCN2008,14,4,Playa Blanca,,arana,,,11,2023,nov_23,0.000,4,4,0,1,0,,Chiara
DSCN2009,14,5,Playa Blanca,,arana,,,11,2023,nov_23,210.632,3,0,3,3,2,,Chiara
DSCN2010,14,6,Playa Blanca,,arana,,,11,2023,nov_23,268.098,5,0,3,0,5,,Chiara
DSCN2011,14,7,Playa Blanca,,arana,,,11,2023,nov_23,0.000,7,7,0,1,0,,Chiara
DSCN2015,107,1,Playa Blanca,,arana,,,11,2023,nov_23,334.815,5,5,0,0,0,,Chiara
DSCN2016,107,2,Playa Blanca,,arana,,,11,2023,nov_23,"1,264.132",6,0,5,0,6,,Chiara
DSCN2017,107,3,Playa Blanca,,arana,,,11,2023,nov_23,478.740,4,0,3,0,4,,Chiara
DSCN2018,107,4,Playa Blanca,,arana,,,11,2023,nov_23,792.711,5,0,5,0,4,,Chiara
DSCN2019,107,5,Playa Blanca,,arana,,,11,2023,nov_23,469.204,4,2,1,1,1,,Chiara
DSCN2020,107,6,Playa Blanca,,arana,,,11,2023,nov_23,7.777,3,2,0,0,1,,Chiara
DSCN2021,107,7,Playa Blanca,,arana,,,11,2023,nov_23,0.000,13,13,0,1,0,,Chiara
DSCN2023,101,1,Playa Blanca,,arana,,,11,2023,nov_23,0.000,3,3,0,1,0,,Chiara
DSCN2024,101,2,Playa Blanca,,arana,,,11,2023,nov_23,0.000,2,2,0,1,0,,Chiara
DSCN2025,101,3,Playa Blanca,,arana,,,11,2023,nov_23,0.000,4,4,0,1,0,,Chiara
DSCN2026,101,4,Playa Blanca,,arana,,,11,2023,nov_23,0.000,0,0,0,2,0,,Chiara
DSCN2027,101,5,Playa Blanca,,arana,,,11,2023,nov_23,0.000,2,2,0,2,0,,Chiara
DSCN2028,101,6,Playa Blanca,,arana,,,11,2023,nov_23,0.000,1,1,0,2,0,,Chiara
DSCN2029,101,7,Playa Blanca,,arana,,,11,2023,nov_23,207.676,6,5,1,2,1,,Chiara
DSCN2063,11,1,Playa Blanca,,arana,,,11,2023,nov_23,0.000,0,0,0,1,0,,Chiara
DSCN2064,11,2,Playa Blanca,,arana,,,11,2023,nov_23,0.000,2,2,0,1,0,,Chiara
DSCN2065,11,3,Playa Blanca,,arana,,,11,2023,nov_23,0.000,3,3,0,0,0,,Chiara
DSCN2066,11,4,Playa Blanca,,arana,,,11,2023,nov_23,17.978,2,1,1,1,1,,Chiara
DSCN2067,11,5,Playa Blanca,,arana,,,11,2023,nov_23,103.834,5,4,1,1,1,,Chiara
DSCN2068,11,6,Playa Blanca,,arana,,,11,2023,nov_23,0.000,5,5,0,0,0,,Chiara
DSCN2069,11,7,Playa Blanca,,arana,,,11,2023,nov_23,462.114,7,3,2,1,4,,Chiara
DSCN8558,102,1,Playa Blanca,,arana,,,7,2023,jul_23,450.538,5,0,0,1,0,,Chiara
DSCN8559,102,2,Playa Blanca,,arana,,,7,2023,jul_23,393.648,3,0,0,0,0,,Chiara
DSCN8560,102,3,Playa Blanca,,arana,,,7,2023,jul_23,295.873,4,0,0,1,0,,Chiara
DSCN8561,102,4,Playa Blanca,,arana,,,7,2023,jul_23,412.798,4,0,0,0,0,,Chiara
DSCN8562,102,5,Playa Blanca,,arana,,,7,2023,jul_23,437.468,4,0,0,0,0,,Chiara
DSCN8563,102,6,Playa Blanca,,arana,,,7,2023,jul_23,736.482,5,0,0,0,0,,Chiara
DSCN8564,102,7,Playa Blanca,,arana,,,7,2023,jul_23,532.566,6,0,0,1,0,,Chiara
DSCN8574,89,1,Playa Blanca,,arana,,,7,2023,jul_23,466.956,5,0,0,0,0,,Chiara
DSCN8575,89,2,Playa Blanca,,arana,,,7,2023,jul_23,312.220,3,0,2,0,1,,Chiara
DSCN8576,89,3,Playa Blanca,,arana,,,7,2023,jul_23,150.527,2,0,0,1,0,,Chiara
DSCN8577,89,4,Playa Blanca,,arana,,,7,2023,jul_23,383.495,4,0,0,0,1,,Chiara
DSCN8578,89,5,Playa Blanca,,arana,,,7,2023,jul_23,390.880,4,0,0,1,0,,Chiara
DSCN8579,89,6,Playa Blanca,,arana,,,7,2023,jul_23,382.907,5,0,2,0,0,,Chiara
DSCN8580,89,7,Playa Blanca,,arana,,,7,2023,jul_23,784.764,6,0,1,1,0,,Chiara
DSCN8640,90,1,Playa Blanca,,arana,,,7,2023,jul_23,962.327,7,0,0,0,0,,Chiara
DSCN8641,90,2,Playa Blanca,,arana,,,7,2023,jul_23,105.294,2,0,0,0,0,,Chiara
DSCN8642,90,3,Playa Blanca,,arana,,,7,2023,jul_23,588.278,3,0,0,0,0,,Chiara
DSCN8643,90,4,Playa Blanca,,arana,,,7,2023,jul_23,0.000,0,0,0,1,0,,Chiara
DSCN8645,90,5,Playa Blanca,,arana,,,7,2023,jul_23,770.327,4,0,0,1,0,,Chiara
DSCN8646,90,6,Playa Blanca,,arana,,,7,2023,jul_23,679.469,4,0,0,0,1,,Chiara
DSCN8647,90,7,Playa Blanca,,arana,,,7,2023,jul_23,"1,083.919",6,0,0,2,0,,Chiara
DSCN8665,14,1,Playa Blanca,,arana,,,7,2023,jul_23,389.000,2,0,1,3,0,,Chiara
DSCN8666,14,2,Playa Blanca,,arana,,,7,2023,jul_23,364.456,2,0,0,1,0,,Chiara
DSCN8667,14,3,Playa Blanca,,arana,,,7,2023,jul_23,"1,017.439",4,0,0,0,0,,Chiara
DSCN8668,14,4,Playa Blanca,,arana,,,7,2023,jul_23,"1,043.755",4,0,0,1,0,,Chiara
DSCN8669,14,5,Playa Blanca,,arana,,,7,2023,jul_23,188.015,1,0,0,3,0,,Chiara
DSCN8670,14,6,Playa Blanca,,arana,,,7,2023,jul_23,67.023,1,0,0,1,0,,Chiara
DSCN8671,14,7,Playa Blanca,,arana,,,7,2023,jul_23,"1,787.215",7,0,0,1,0,,Chiara
DSCN8673,107,1,Playa Blanca,,arana,,,7,2023,jul_23,"1,059.356",5,0,0,0,0,,Chiara
DSCN8674,107,2,Playa Blanca,,arana,,,7,2023,jul_23,"1,487.902",6,0,0,0,0,,Chiara
DSCN8675,107,3,Playa Blanca,,arana,,,7,2023,jul_23,641.270,4,0,0,0,0,,Chiara
DSCN8676,107,4,Playa Blanca,,arana,,,7,2023,jul_23,"1,037.382",5,0,0,0,0,,Chiara
DSCN8677,107,5,Playa Blanca,,arana,,,7,2023,jul_23,794.687,4,0,0,1,0,,Chiara
DSCN8678,107,6,Playa Blanca,,arana,,,7,2023,jul_23,681.739,2,0,0,0,0,,Chiara
DSCN8679,107,7,Playa Blanca,,arana,,,7,2023,jul_23,"3,022.742",13,0,0,1,0,,Chiara
DSCN8681,101,1,Playa Blanca,,arana,,,7,2023,jul_23,"1,191.560",5,0,0,0,0,,Chiara
DSCN8682,101,2,Playa Blanca,,arana,,,7,2023,jul_23,561.390,3,0,0,0,0,,Chiara
DSCN8683,101,3,Playa Blanca,,arana,,,7,2023,jul_23,733.470,5,0,0,0,0,,Chiara
DSCN8684,101,4,Playa Blanca,,arana,,,7,2023,jul_23,454.850,2,0,0,1,0,,Chiara
DSCN8685,101,5,Playa Blanca,,arana,,,7,2023,jul_23,840.438,4,0,0,0,0,,Chiara
DSCN8686,101,6,Playa Blanca,,arana,,,7,2023,jul_23,645.966,2,0,0,1,0,,Chiara
DSCN8687,101,7,Playa Blanca,,arana,,,7,2023,jul_23,"2,148.419",7,0,0,2,0,,Chiara
DSCN8723,11,1,Playa Blanca,,arana,,,7,2023,jul_23,0.000,0,0,0,1,0,,Chiara
DSCN8724,11,2,Playa Blanca,,arana,,,7,2023,jul_23,510.749,2,0,0,1,0,,Chiara
DSCN8725,11,3,Playa Blanca,,arana,,,7,2023,jul_23,618.441,3,0,1,1,0,,Chiara
DSCN8726,11,4,Playa Blanca,,arana,,,7,2023,jul_23,593.519,2,0,0,1,0,,Chiara
DSCN8727,11,5,Playa Blanca,,arana,,,7,2023,jul_23,665.769,6,0,0,0,0,,Chiara
DSCN8728,11,6,Playa Blanca,,arana,,,7,2023,jul_23,796.237,5,0,0,0,0,,Chiara
DSCN8729,11,7,Playa Blanca,,arana,,,7,2023,jul_23,"1,247.076",7,0,0,1,0,,Chiara
DSCN9576,102,1,Playa Blanca,,arana,,,8,2023,ago_23,449.846,5,0,0,1,0,,Chiara
DSCN9577,102,2,Playa Blanca,,arana,,,8,2023,ago_23,489.152,5,0,0,0,0,,Chiara
DSCN9578,102,3,Playa Blanca,,arana,,,8,2023,ago_23,375.822,5,0,0,1,0,,Chiara
DSCN9579,102,4,Playa Blanca,,arana,,,8,2023,ago_23,472.228,4,0,0,0,0,,Chiara
DSCN9580,102,5,Playa Blanca,,arana,,,8,2023,ago_23,460.979,4,0,0,0,0,,Chiara
DSCN9581,102,6,Playa Blanca,,arana,,,8,2023,ago_23,754.768,5,0,1,0,0,,Chiara
DSCN9582,102,7,Playa Blanca,,arana,,,8,2023,ago_23,727.385,7,0,0,0,0,,Chiara
DSCN9597,89,1,Playa Blanca,,arana,,,8,2023,ago_23,521.593,5,0,0,0,0,,Chiara
DSCN9598,89,2,Playa Blanca,,arana,,,8,2023,ago_23,344.447,3,0,2,0,1,,Chiara
DSCN9599,89,3,Playa Blanca,,arana,,,8,2023,ago_23,247.731,4,0,0,0,0,,Chiara
DSCN9600,89,4,Playa Blanca,,arana,,,8,2023,ago_23,459.795,4,0,0,0,0,,Chiara
DSCN9601,89,5,Playa Blanca,,arana,,,8,2023,ago_23,476.133,4,0,0,0,0,,Chiara
DSCN9602,89,6,Playa Blanca,,arana,,,8,2023,ago_23,458.904,5,0,2,0,0,,Chiara
DSCN9603,89,7,Playa Blanca,,arana,,,8,2023,ago_23,"1,065.456",10,0,1,0,0,,Chiara
DSCN9662,90,1,Playa Blanca,,arana,,,8,2023,ago_23,"1,203.276",7,0,0,0,0,,Chiara
DSCN9663,90,2,Playa Blanca,,arana,,,8,2023,ago_23,663.566,5,0,0,0,0,,Chiara
DSCN9664,90,3,Playa Blanca,,arana,,,8,2023,ago_23,708.021,4,0,0,0,0,,Chiara
DSCN9665,90,4,Playa Blanca,,arana,,,8,2023,ago_23,19.058,1,0,0,1,0,,Chiara
DSCN9666,90,5,Playa Blanca,,arana,,,8,2023,ago_23,"1,184.341",6,0,0,0,0,,Chiara
DSCN9667,90,6,Playa Blanca,,arana,,,8,2023,ago_23,786.343,5,0,0,0,1,,Chiara
DSCN9668,90,7,Playa Blanca,,arana,,,8,2023,ago_23,"1,149.846",11,0,0,1,0,,Chiara
DSCN9687,14,1,Playa Blanca,,arana,,,8,2023,ago_23,428.008,4,0,1,1,0,,Chiara
DSCN9688,14,2,Playa Blanca,,arana,,,8,2023,ago_23,355.157,2,0,0,1,0,,Chiara
DSCN9689,14,3,Playa Blanca,,arana,,,8,2023,ago_23,944.459,4,0,0,0,0,,Chiara
DSCN9690,14,4,Playa Blanca,,arana,,,8,2023,ago_23,"1,021.663",4,0,0,1,0,,Chiara
DSCN9691,14,5,Playa Blanca,,arana,,,8,2023,ago_23,224.633,4,0,0,2,0,,Chiara
DSCN9692,14,6,Playa Blanca,,arana,,,8,2023,ago_23,378.609,5,0,1,0,0,,Chiara
DSCN9693,14,7,Playa Blanca,,arana,,,8,2023,ago_23,"2,109.062",7,0,0,1,0,,Chiara
DSCN9695,107,1,Playa Blanca,,arana,,,8,2023,ago_23,"1,292.729",5,0,0,0,0,,Chiara
DSCN9696,107,2,Playa Blanca,,arana,,,8,2023,ago_23,"1,233.277",6,0,0,0,0,,Chiara
DSCN9697,107,3,Playa Blanca,,arana,,,8,2023,ago_23,699.644,4,0,0,0,0,,Chiara
DSCN9698,107,4,Playa Blanca,,arana,,,8,2023,ago_23,956.741,5,0,0,0,0,,Chiara
DSCN9699,107,5,Playa Blanca,,arana,,,8,2023,ago_23,954.511,4,0,0,1,0,,Chiara
DSCN9700,107,6,Playa Blanca,,arana,,,8,2023,ago_23,795.528,3,0,0,0,0,,Chiara
DSCN9701,107,7,Playa Blanca,,arana,,,8,2023,ago_23,"2,545.590",13,0,0,1,0,,Chiara
DSCN9704,101,1,Playa Blanca,,arana,,,8,2023,ago_23,"1,204.372",5,0,0,0,0,,Chiara
DSCN9705,101,2,Playa Blanca,,arana,,,8,2023,ago_23,594.213,3,0,0,0,0,,Chiara
DSCN9706,101,3,Playa Blanca,,arana,,,8,2023,ago_23,705.336,5,0,0,0,0,,Chiara
DSCN9707,101,4,Playa Blanca,,arana,,,8,2023,ago_23,348.695,2,0,0,1,0,,Chiara
DSCN9708,101,5,Playa Blanca,,arana,,,8,2023,ago_23,825.657,4,0,0,0,0,,Chiara
DSCN9709,101,6,Playa Blanca,,arana,,,8,2023,ago_23,638.306,2,0,0,1,0,,Chiara
DSCN9710,101,7,Playa Blanca,,arana,,,8,2023,ago_23,"1,879.162",7,0,0,2,0,,Chiara
DSCN9728,11,1,Playa Blanca,,arana,,,8,2023,ago_23,0.000,0,0,0,1,0,,Chiara
DSCN9729,11,2,Playa Blanca,,arana,,,8,2023,ago_23,483.925,2,0,0,1,0,,Chiara
DSCN9730,11,3,Playa Blanca,,arana,,,8,2023,ago_23,653.010,3,0,1,1,0,,Chiara
DSCN9731,11,4,Playa Blanca,,arana,,,8,2023,ago_23,659.541,2,0,0,1,0,,Chiara
DSCN9732,11,5,Playa Blanca,,arana,,,8,2023,ago_23,987.168,6,0,0,0,0,,Chiara
DSCN9733,11,6,Playa Blanca,,arana,,,8,2023,ago_23,910.908,5,0,0,0,0,,Chiara
DSCN9734,11,7,Playa Blanca,,arana,,,8,2023,ago_23,"1,357.428",7,0,0,1,0,,Chiara
P9235353,89,1,Playa Blanca,,arana,,,9,2023,sep_23,529.953,5,0,0,0,0,"Empiezan a blanquearse, pero aún no del todo.",Chiara
P9235354,89,2,Playa Blanca,,arana,,,9,2023,sep_23,382.505,3,0,2,0,1,"Empiezan a blanquearse, pero aún no del todo.",Chiara
P9235355,89,3,Playa Blanca,,arana,,,9,2023,sep_23,250.741,3,0,0,1,0,"Empiezan a blanquearse, pero aún no del todo.",Chiara
P9235356,89,4,Playa Blanca,,arana,,,9,2023,sep_23,447.227,4,0,0,0,0,"Empiezan a blanquearse, pero aún no del todo.",Chiara
P9235357,89,5,Playa Blanca,,arana,,,9,2023,sep_23,500.825,4,0,1,0,0,"Empiezan a blanquearse, pero aún no del todo.",Chiara
P9235358,89,6,Playa Blanca,,arana,,,9,2023,sep_23,436.301,5,0,2,0,0,"Empiezan a blanquearse, pero aún no del todo.",Chiara
P9235359,89,7,Playa Blanca,,arana,,,9,2023,sep_23,"1,062.123",10,0,1,0,0,"Empiezan a blanquearse, pero aún no del todo.",Chiara
P9235377,90,1,Playa Blanca,,arana,,,9,2023,sep_23,960.321,6,0,0,1,0,"Empiezan a blanquearse, pero aún no del todo.",Chiara
P9235378,90,2,Playa Blanca,,arana,,,9,2023,sep_23,560.768,5,0,1,0,0,"Empiezan a blanquearse, pero aún no del todo.",Chiara
P9235379,90,3,Playa Blanca,,arana,,,9,2023,sep_23,678.715,4,0,0,0,0,"Empiezan a blanquearse, pero aún no del todo.",Chiara
P9235380,90,4,Playa Blanca,,arana,,,9,2023,sep_23,24.925,1,0,0,1,0,"Empiezan a blanquearse, pero aún no del todo.",Chiara
P9235381,90,5,Playa Blanca,,arana,,,9,2023,sep_23,817.060,6,0,0,0,0,"Empiezan a blanquearse, pero aún no del todo.",Chiara
P9235382,90,6,Playa Blanca,,arana,,,9,2023,sep_23,981.261,5,0,1,0,1,"Empiezan a blanquearse, pero aún no del todo.",Chiara
P9235383,90,7,Playa Blanca,,arana,,,9,2023,sep_23,"1,158.793",10,0,0,2,0,"Empiezan a blanquearse, pero aún no del todo.",Chiara
P9235385,101,1,Playa Blanca,,arana,,,9,2023,sep_23,"1,067.438",5,0,1,0,0,"Empiezan a blanquearse, pero aún no del todo.",Chiara
P9235386,101,2,Playa Blanca,,arana,,,9,2023,sep_23,478.522,3,0,0,0,0,"Empiezan a blanquearse, pero aún no del todo.",Chiara
P9235387,101,3,Playa Blanca,,arana,,,9,2023,sep_23,614.935,5,0,0,0,0,"Empiezan a blanquearse, pero aún no del todo.",Chiara
P9235388,101,4,Playa Blanca,,arana,,,9,2023,sep_23,357.613,2,0,0,1,0,"Empiezan a blanquearse, pero aún no del todo.",Chiara
P9235389,101,5,Playa Blanca,,arana,,,9,2023,sep_23,760.805,4,0,0,0,0,"Empiezan a blanquearse, pero aún no del todo.",Chiara
P9235390,101,6,Playa Blanca,,arana,,,9,2023,sep_23,541.977,2,0,0,1,0,"Empiezan a blanquearse, pero aún no del todo.",Chiara
P9235391,101,7,Playa Blanca,,arana,,,9,2023,sep_23,"1,802.211",7,0,0,2,0,"Empiezan a blanquearse, pero aún no del todo.",Chiara
P9235481,107,1,Playa Blanca,,arana,,,9,2023,sep_23,"1,196.347",5,0,0,0,0,"Empiezan a blanquearse, pero aún no del todo.",Chiara
P9235482,107,2,Playa Blanca,,arana,,,9,2023,sep_23,"1,298.702",6,0,0,0,0,"Empiezan a blanquearse, pero aún no del todo.",Chiara
P9235483,107,3,Playa Blanca,,arana,,,9,2023,sep_23,591.000,4,0,0,0,0,"Empiezan a blanquearse, pero aún no del todo.",Chiara
P9235484,107,4,Playa Blanca,,arana,,,9,2023,sep_23,"1,008.187",5,0,0,0,0,"Empiezan a blanquearse, pero aún no del todo.",Chiara
P9235485,107,5,Playa Blanca,,arana,,,9,2023,sep_23,855.875,4,0,0,1,0,"Empiezan a blanquearse, pero aún no del todo.",Chiara
P9235486,107,6,Playa Blanca,,arana,,,9,2023,sep_23,779.355,3,0,0,0,0,"Empiezan a blanquearse, pero aún no del todo.",Chiara
P9235487,107,7,Playa Blanca,,arana,,,9,2023,sep_23,"2,605.864",13,0,0,1,0,"Empiezan a blanquearse, pero aún no del todo.",Chiara
P9235516,11,1,Playa Blanca,,arana,,,9,2023,sep_23,0.000,0,0,0,1,0,"Empiezan a blanquearse, pero aún no del todo.",Chiara
P9235517,11,2,Playa Blanca,,arana,,,9,2023,sep_23,381.535,2,0,0,1,0,"Empiezan a blanquearse, pero aún no del todo.",Chiara
P9235518,11,3,Playa Blanca,,arana,,,9,2023,sep_23,533.547,3,0,1,0,0,"Empiezan a blanquearse, pero aún no del todo.",Chiara
P9235519,11,4,Playa Blanca,,arana,,,9,2023,sep_23,513.925,2,0,0,1,0,"Empiezan a blanquearse, pero aún no del todo.",Chiara
P9235520,11,5,Playa Blanca,,arana,,,9,2023,sep_23,829.554,6,0,0,0,0,"Empiezan a blanquearse, pero aún no del todo.",Chiara
P9235521,11,6,Playa Blanca,,arana,,,9,2023,sep_23,847.051,5,0,0,0,0,"Empiezan a blanquearse, pero aún no del todo.",Chiara
P9235522,11,7,Playa Blanca,,arana,,,9,2023,sep_23,"1,257.177",7,0,0,1,0,"Empiezan a blanquearse, pero aún no del todo.",Chiara
P9235525,14,1,Playa Blanca,,arana,,,9,2023,sep_23,404.331,4,0,1,1,0,"Empiezan a blanquearse, pero aún no del todo.",Chiara
P9235526,14,2,Playa Blanca,,arana,,,9,2023,sep_23,320.833,2,0,0,1,0,"Empiezan a blanquearse, pero aún no del todo.",Chiara
P9235527,14,3,Playa Blanca,,arana,,,9,2023,sep_23,783.473,3,0,0,1,0,"Empiezan a blanquearse, pero aún no del todo.",Chiara
P9235529,14,4,Playa Blanca,,arana,,,9,2023,sep_23,964.027,4,0,0,1,0,"Empiezan a blanquearse, pero aún no del todo.",Chiara
P9235530,14,5,Playa Blanca,,arana,,,9,2023,sep_23,246.054,4,0,0,2,0,"Empiezan a blanquearse, pero aún no del todo.",Chiara
P9235531,14,6,Playa Blanca,,arana,,,9,2023,sep_23,347.246,5,0,1,0,0,"Empiezan a blanquearse, pero aún no del todo.",Chiara
P9235533,14,7,Playa Blanca,,arana,,,9,2023,sep_23,"1,921.631",7,0,0,1,0,"Empiezan a blanquearse, pero aún no del todo.",Chiara
PA210619,102,1,Playa Blanca,,arana,,,10,2023,oct_23,603.745,5,0,0,0,5,No hay septiembre,Chiara
PA210620,102,2,Playa Blanca,,arana,,,10,2023,oct_23,449.055,5,0,0,0,4,No hay septiembre,Chiara
PA210621,102,3,Playa Blanca,,arana,,,10,2023,oct_23,354.901,5,0,0,1,4,No hay septiembre,Chiara
PA210622,102,4,Playa Blanca,,arana,,,10,2023,oct_23,469.821,4,0,0,0,3,No hay septiembre,Chiara
PA210623,102,5,Playa Blanca,,arana,,,10,2023,oct_23,447.945,4,0,0,0,4,No hay septiembre,Chiara
PA210624,102,6,Playa Blanca,,arana,,,10,2023,oct_23,677.715,4,0,0,1,4,No hay septiembre,Chiara
PA210625,102,7,Playa Blanca,,arana,,,10,2023,oct_23,771.539,7,0,0,0,6,No hay septiembre,Chiara
PA210635,89,1,Playa Blanca,,arana,,,10,2023,oct_23,524.092,5,0,0,0,5,,Chiara
PA210636,89,2,Playa Blanca,,arana,,,10,2023,oct_23,303.582,3,1,1,0,2,,Chiara
PA210637,89,3,Playa Blanca,,arana,,,10,2023,oct_23,216.074,3,0,0,1,3,,Chiara
PA210638,89,4,Playa Blanca,,arana,,,10,2023,oct_23,457.503,4,0,1,0,3,,Chiara
PA210639,89,5,Playa Blanca,,arana,,,10,2023,oct_23,428.901,4,0,1,0,4,,Chiara
PA210640,89,6,Playa Blanca,,arana,,,10,2023,oct_23,324.812,5,0,2,0,4,,Chiara
PA210641,89,7,Playa Blanca,,arana,,,10,2023,oct_23,886.568,9,0,1,1,8,,Chiara
PA210701,285,1,Playa Blanca,,arana,,,10,2023,oct_23,616.212,5,0,1,4,0,"Antes era la araña 90, y los lados han corrido 1 posición atrás.",Chiara
PA210702,285,2,Playa Blanca,,arana,,,10,2023,oct_23,676.579,4,0,1,0,4,"Antes era la araña 90, y los lados han corrido 1 posición atrás.",Chiara
PA210703,285,3,Playa Blanca,,arana,,,10,2023,oct_23,9.574,1,0,0,1,1,"Antes era la araña 90, y los lados han corrido 1 posición atrás.",Chiara
PA210704,285,4,Playa Blanca,,arana,,,10,2023,oct_23,745.832,6,0,0,0,6,"Antes era la araña 90, y los lados han corrido 1 posición atrás.",Chiara
PA210705,285,5,Playa Blanca,,arana,,,10,2023,oct_23,462.003,5,1,0,0,4,"Antes era la araña 90, y los lados han corrido 1 posición atrás.",Chiara
PA210706,285,6,Playa Blanca,,arana,,,10,2023,oct_23,940.913,6,0,2,1,6,"Antes era la araña 90, y los lados han corrido 1 posición atrás.",Chiara
PA210707,285,7,Playa Blanca,,arana,,,10,2023,oct_23,"1,040.823",10,0,3,1,10,"Antes era la araña 90, y los lados han corrido 1 posición atrás.",Chiara
PA210725,14,1,Playa Blanca,,arana,,,10,2023,oct_23,416.896,4,0,2,1,4,,Chiara
PA210726,14,2,Playa Blanca,,arana,,,10,2023,oct_23,284.627,2,0,1,1,1,,Chiara
PA210727,14,3,Playa Blanca,,arana,,,10,2023,oct_23,869.640,3,0,2,1,3,,Chiara
PA210728,14,4,Playa Blanca,,arana,,,10,2023,oct_23,982.611,4,0,2,1,4,,Chiara
PA210729,14,5,Playa Blanca,,arana,,,10,2023,oct_23,473.234,4,0,0,2,4,,Chiara
PA210730,14,6,Playa Blanca,,arana,,,10,2023,oct_23,220.946,5,0,1,0,5,,Chiara
PA210731,14,7,Playa Blanca,,arana,,,10,2023,oct_23,"2,027.413",7,0,2,1,7,,Chiara
PA210733,107,1,Playa Blanca,,arana,,,10,2023,oct_23,"1,316.622",5,0,0,0,5,,Chiara
PA210734,107,2,Playa Blanca,,arana,,,10,2023,oct_23,"1,375.268",6,0,2,0,4,,Chiara
PA210735,107,3,Playa Blanca,,arana,,,10,2023,oct_23,573.828,4,0,1,0,4,,Chiara
PA210736,107,4,Playa Blanca,,arana,,,10,2023,oct_23,"1,120.478",5,0,0,0,5,,Chiara
PA210737,107,5,Playa Blanca,,arana,,,10,2023,oct_23,856.216,4,0,1,1,3,,Chiara
PA210738,107,6,Playa Blanca,,arana,,,10,2023,oct_23,620.784,3,0,0,0,3,,Chiara
PA210739,107,7,Playa Blanca,,arana,,,10,2023,oct_23,"2,819.180",13,0,5,1,13,,Chiara
PA210741,101,1,Playa Blanca,,arana,,,10,2023,oct_23,759.568,4,0,2,0,4,,Chiara
PA210742,101,2,Playa Blanca,,arana,,,10,2023,oct_23,508.535,3,0,2,0,3,,Chiara
PA210743,101,3,Playa Blanca,,arana,,,10,2023,oct_23,614.971,5,0,2,0,5,,Chiara
PA210744,101,4,Playa Blanca,,arana,,,10,2023,oct_23,363.923,2,0,1,1,2,,Chiara
PA210745,101,5,Playa Blanca,,arana,,,10,2023,oct_23,814.905,4,0,0,0,4,,Chiara
PA210746,101,6,Playa Blanca,,arana,,,10,2023,oct_23,526.252,2,0,2,1,2,,Chiara
PA210747,101,7,Playa Blanca,,arana,,,10,2023,oct_23,"1,637.364",7,0,4,2,7,,Chiara
PA210784,11,1,Playa Blanca,,arana,,,10,2023,oct_23,0.000,0,0,0,1,0,,Chiara
PA210785,11,2,Playa Blanca,,arana,,,10,2023,oct_23,463.200,2,0,1,1,2,,Chiara
PA210786,11,3,Playa Blanca,,arana,,,10,2023,oct_23,625.988,3,0,1,0,3,,Chiara
PA210787,11,4,Playa Blanca,,arana,,,10,2023,oct_23,783.532,2,0,0,1,2,,Chiara
PA210788,11,5,Playa Blanca,,arana,,,10,2023,oct_23,648.973,5,0,0,1,5,,Chiara
PA210789,11,6,Playa Blanca,,arana,,,10,2023,oct_23,886.424,5,0,3,0,5,,Chiara
PA210790,11,7,Playa Blanca,,arana,,,10,2023,oct_23,"1,244.009",7,0,4,1,7,,Chiara
DSCN0855,102,1,Playa Blanca,,arana,,,3,2024,mar_24,294.370,4,0,3,0,0,,Chiara
DSCN0856,102,2,Playa Blanca,,arana,,,3,2024,mar_24,190.563,5,0,0,0,0,,Chiara
DSCN0857,102,3,Playa Blanca,,arana,,,3,2024,mar_24,246.065,7,3,0,1,0,,Chiara
DSCN0858,102,4,Playa Blanca,,arana,,,3,2024,mar_24,301.210,4,0,0,0,0,,Chiara
DSCN0859,102,5,Playa Blanca,,arana,,,3,2024,mar_24,312.829,5,0,0,0,0,,Chiara
DSCN0860,102,6,Playa Blanca,,arana,,,3,2024,mar_24,621.808,7,0,2,1,0,,Chiara
DSCN0861,102,7,Playa Blanca,,arana,,,3,2024,mar_24,334.736,5,0,0,1,0,,Chiara
DSCN0871,89,1,Playa Blanca,,arana,,,3,2024,mar_24,309.837,5,0,1,1,0,,Chiara
DSCN0872,89,2,Playa Blanca,,arana,,,3,2024,mar_24,335.477,5,1,0,0,0,,Chiara
DSCN0873,89,3,Playa Blanca,,arana,,,3,2024,mar_24,245.852,5,0,1,1,0,,Chiara
DSCN0874,89,4,Playa Blanca,,arana,,,3,2024,mar_24,520.465,5,1,0,0,0,,Chiara
DSCN0875,89,5,Playa Blanca,,arana,,,3,2024,mar_24,369.658,6,0,0,0,0,,Chiara
DSCN0876,89,6,Playa Blanca,,arana,,,3,2024,mar_24,422.127,6,0,0,0,0,,Chiara
DSCN0877,89,7,Playa Blanca,,arana,,,3,2024,mar_24,810.727,10,0,1,0,0,,Chiara
DSCN0934,285,1,Playa Blanca,,arana,,,3,2024,mar_24,149.723,4,1,0,0,0,,Chiara
DSCN0935,285,2,Playa Blanca,,arana,,,3,2024,mar_24,135.283,3,1,0,0,0,,Chiara
DSCN0936,285,3,Playa Blanca,,arana,,,3,2024,mar_24,130.292,3,0,0,2,0,,Chiara
DSCN0937,285,4,Playa Blanca,,arana,,,3,2024,mar_24,210.977,4,0,0,1,0,,Chiara
DSCN0938,285,5,Playa Blanca,,arana,,,3,2024,mar_24,208.481,5,0,0,2,0,,Chiara
DSCN0939,285,6,Playa Blanca,,arana,,,3,2024,mar_24,154.582,5,0,0,0,0,,Chiara
DSCN0940,285,7,Playa Blanca,,arana,,,3,2024,mar_24,"1,002.111",8,0,0,6,0,,Chiara
DSCN0959,14,1,Playa Blanca,,arana,,,3,2024,mar_24,150.918,2,0,0,4,0,,Chiara
DSCN0960,14,2,Playa Blanca,,arana,,,3,2024,mar_24,412.906,3,0,0,1,0,,Chiara
DSCN0961,14,3,Playa Blanca,,arana,,,3,2024,mar_24,258.569,4,0,0,2,0,,Chiara
DSCN0962,14,4,Playa Blanca,,arana,,,3,2024,mar_24,159.668,3,0,2,0,0,,Chiara
DSCN0963,14,5,Playa Blanca,,arana,,,3,2024,mar_24,144.463,3,0,0,1,0,,Chiara
DSCN0964,14,6,Playa Blanca,,arana,,,3,2024,mar_24,217.613,4,0,0,0,0,,Chiara
DSCN0965,14,7,Playa Blanca,,arana,,,3,2024,mar_24,502.594,10,0,0,3,0,,Chiara
DSCN0967,107,1,Playa Blanca,,arana,,,3,2024,mar_24,79.287,4,0,0,3,0,,Chiara
DSCN0968,107,2,Playa Blanca,,arana,,,3,2024,mar_24,81.527,5,1,2,3,0,,Chiara
DSCN0969,107,3,Playa Blanca,,arana,,,3,2024,mar_24,195.939,4,0,0,1,0,,Chiara
DSCN0970,107,4,Playa Blanca,,arana,,,3,2024,mar_24,83.959,3,0,0,4,0,,Chiara
DSCN0971,107,5,Playa Blanca,,arana,,,3,2024,mar_24,53.328,4,1,2,2,0,,Chiara
DSCN0972,107,6,Playa Blanca,,arana,,,3,2024,mar_24,277.245,4,0,0,3,0,,Chiara
DSCN0973,107,7,Playa Blanca,,arana,,,3,2024,mar_24,526.311,15,0,1,8,0,,Chiara
DSCN0975,101,1,Playa Blanca,,arana,,,3,2024,mar_24,50.873,2,0,0,1,0,,Chiara
DSCN0976,101,2,Playa Blanca,,arana,,,3,2024,mar_24,103.814,2,0,0,3,0,,Chiara
DSCN0977,101,3,Playa Blanca,,arana,,,3,2024,mar_24,78.860,2,0,0,1,0,,Chiara
DSCN0978,101,4,Playa Blanca,,arana,,,3,2024,mar_24,247.468,3,0,0,3,0,,Chiara
DSCN0979,101,5,Playa Blanca,,arana,,,3,2024,mar_24,238.277,2,0,0,3,0,,Chiara
DSCN0980,101,6,Playa Blanca,,arana,,,3,2024,mar_24,83.005,1,0,0,3,0,,Chiara
DSCN0981,101,7,Playa Blanca,,arana,,,3,2024,mar_24,343.658,8,0,0,6,1,,Chiara
DSCN1021,11,1,Playa Blanca,,arana,,,3,2024,mar_24,194.392,5,0,0,1,0,,Chiara
DSCN1022,11,2,Playa Blanca,,arana,,,3,2024,mar_24,231.665,4,1,0,1,0,,Chiara
DSCN1023,11,3,Playa Blanca,,arana,,,3,2024,mar_24,154.339,4,1,0,1,0,,Chiara
DSCN1024,11,4,Playa Blanca,,arana,,,3,2024,mar_24,232.482,3,0,0,1,0,,Chiara
DSCN1025,11,5,Playa Blanca,,arana,,,3,2024,mar_24,118.347,3,0,0,2,0,,Chiara
DSCN1026,11,6,Playa Blanca,,arana,,,3,2024,mar_24,185.504,5,1,0,2,0,,Chiara
DSCN1027,11,7,Playa Blanca,,arana,,,3,2024,mar_24,430.359,8,2,0,1,0,,Chiara
DSCN8244,102,1,Playa Blanca,,arana,,,5,2024,may_24,394.447,4,0,0,0,0,,Chiara
DSCN8245,102,2,Playa Blanca,,arana,,,5,2024,may_24,206.296,4,0,0,1,0,,Chiara
DSCN8246,102,3,Playa Blanca,,arana,,,5,2024,may_24,306.286,4,0,0,4,0,,Chiara
DSCN8247,102,4,Playa Blanca,,arana,,,5,2024,may_24,379.921,4,0,0,0,0,,Chiara
DSCN8248,102,5,Playa Blanca,,arana,,,5,2024,may_24,439.225,5,0,0,0,0,,Chiara
DSCN8249,102,7,Playa Blanca,,arana,,,5,2024,may_24,350.867,5,0,0,1,0,No hay foto del lado 6.,Chiara
DSCN8259,89,1,Playa Blanca,,arana,,,5,2024,may_24,329.015,5,0,1,1,0,,Chiara
DSCN8260,89,2,Playa Blanca,,arana,,,5,2024,may_24,329.607,5,1,0,0,0,,Chiara
DSCN8261,89,3,Playa Blanca,,arana,,,5,2024,may_24,283.852,5,0,1,1,0,,Chiara
DSCN8262,89,4,Playa Blanca,,arana,,,5,2024,may_24,529.916,5,1,0,0,0,,Chiara
DSCN8263,89,5,Playa Blanca,,arana,,,5,2024,may_24,421.212,6,0,1,0,0,,Chiara
DSCN8264,89,6,Playa Blanca,,arana,,,5,2024,may_24,469.699,6,0,0,0,0,,Chiara
DSCN8265,89,7,Playa Blanca,,arana,,,5,2024,may_24,691.863,10,0,1,0,0,,Chiara
DSCN8326,285,1,Playa Blanca,,arana,,,5,2024,may_24,207.435,4,1,0,0,0,,Chiara
DSCN8327,285,2,Playa Blanca,,arana,,,5,2024,may_24,100.124,3,1,0,0,0,,Chiara
DSCN8328,285,3,Playa Blanca,,arana,,,5,2024,may_24,159.574,3,0,0,2,0,,Chiara
DSCN8329,285,4,Playa Blanca,,arana,,,5,2024,may_24,122.734,4,0,0,1,0,,Chiara
DSCN8330,285,5,Playa Blanca,,arana,,,5,2024,may_24,262.845,5,0,0,2,0,,Chiara
DSCN8331,285,6,Playa Blanca,,arana,,,5,2024,may_24,184.300,5,0,0,0,0,,Chiara
DSCN8332,285,7,Playa Blanca,,arana,,,5,2024,may_24,428.007,7,0,0,6,0,,Chiara
DSCN8350,14,1,Playa Blanca,,arana,,,5,2024,may_24,162.916,2,0,0,3,0,,Chiara
DSCN8351,14,2,Playa Blanca,,arana,,,5,2024,may_24,480.177,3,0,0,1,0,,Chiara
DSCN8352,14,3,Playa Blanca,,arana,,,5,2024,may_24,324.474,4,0,0,2,0,,Chiara
DSCN8353,14,4,Playa Blanca,,arana,,,5,2024,may_24,303.114,3,0,1,0,0,,Chiara
DSCN8354,14,5,Playa Blanca,,arana,,,5,2024,may_24,186.855,3,0,0,1,0,,Chiara
DSCN8355,14,6,Playa Blanca,,arana,,,5,2024,may_24,302.160,4,0,0,0,0,,Chiara
DSCN8356,14,7,Playa Blanca,,arana,,,5,2024,may_24,856.705,10,0,0,3,0,,Chiara
DSCN8363,107,1,Playa Blanca,,arana,,,5,2024,may_24,175.900,4,0,0,3,0,,Chiara
DSCN8364,107,2,Playa Blanca,,arana,,,5,2024,may_24,67.599,5,2,2,3,1,,Chiara
DSCN8365,107,3,Playa Blanca,,arana,,,5,2024,may_24,139.148,3,0,0,2,0,,Chiara
DSCN8366,107,4,Playa Blanca,,arana,,,5,2024,may_24,113.834,3,0,0,4,0,,Chiara
DSCN8367,107,5,Playa Blanca,,arana,,,5,2024,may_24,64.259,4,1,2,2,0,,Chiara
DSCN8368,107,6,Playa Blanca,,arana,,,5,2024,may_24,416.731,4,0,0,3,0,,Chiara
DSCN8369,107,7,Playa Blanca,,arana,,,5,2024,may_24,691.373,14,1,1,9,0,,Chiara
DSCN8371,101,1,Playa Blanca,,arana,,,5,2024,may_24,111.974,2,0,0,1,0,,Chiara
DSCN8372,101,2,Playa Blanca,,arana,,,5,2024,may_24,149.957,2,0,0,3,0,,Chiara
DSCN8373,101,3,Playa Blanca,,arana,,,5,2024,may_24,97.152,2,0,1,1,0,,Chiara
DSCN8374,101,4,Playa Blanca,,arana,,,5,2024,may_24,251.969,3,0,0,3,0,,Chiara
DSCN8375,101,5,Playa Blanca,,arana,,,5,2024,may_24,323.103,2,0,0,3,0,,Chiara
DSCN8376,101,6,Playa Blanca,,arana,,,5,2024,may_24,85.131,1,0,0,3,0,,Chiara
DSCN8377,101,7,Playa Blanca,,arana,,,5,2024,may_24,364.337,8,0,0,6,1,,Chiara
DSCN8411,11,1,Playa Blanca,,arana,,,5,2024,may_24,257.875,5,0,0,1,0,,Chiara
DSCN8412,11,2,Playa Blanca,,arana,,,5,2024,may_24,226.468,4,1,0,1,0,,Chiara
DSCN8413,11,3,Playa Blanca,,arana,,,5,2024,may_24,213.966,4,1,0,1,0,,Chiara
DSCN8414,11,4,Playa Blanca,,arana,,,5,2024,may_24,312.030,3,0,0,1,0,,Chiara
DSCN8415,11,5,Playa Blanca,,arana,,,5,2024,may_24,146.726,3,0,0,2,0,,Chiara
DSCN8416,11,6,Playa Blanca,,arana,,,5,2024,may_24,204.181,5,1,0,2,0,,Chiara
DSCN8417,11,7,Playa Blanca,,arana,,,5,2024,may_24,459.678,7,1,0,1,0,,Chiara
DSCN8774,11,1,Playa Blanca,,arana,,,1,2024,ene_24,131.181,5,0,0,1,0,,Chiara
DSCN8775,11,2,Playa Blanca,,arana,,,1,2024,ene_24,156.500,4,1,0,1,1,,Chiara
DSCN8776,11,3,Playa Blanca,,arana,,,1,2024,ene_24,130.040,4,1,0,1,1,,Chiara
DSCN8777,11,4,Playa Blanca,,arana,,,1,2024,ene_24,177.128,3,0,0,1,0,,Chiara
DSCN8778,11,5,Playa Blanca,,arana,,,1,2024,ene_24,58.248,3,0,0,2,0,,Chiara
DSCN8779,11,6,Playa Blanca,,arana,,,1,2024,ene_24,126.336,5,1,0,2,0,,Chiara
DSCN8780,11,7,Playa Blanca,,arana,,,1,2024,ene_24,417.891,8,2,0,1,0,,Chiara
DSCN8814,101,1,Playa Blanca,,arana,,,1,2024,ene_24,49.389,2,0,0,1,0,,Chiara
DSCN8815,101,2,Playa Blanca,,arana,,,1,2024,ene_24,79.744,2,0,0,3,0,,Chiara
DSCN8816,101,3,Playa Blanca,,arana,,,1,2024,ene_24,59.982,2,0,0,2,0,,Chiara
DSCN8817,101,4,Playa Blanca,,arana,,,1,2024,ene_24,209.865,3,0,0,3,0,,Chiara
DSCN8818,101,5,Playa Blanca,,arana,,,1,2024,ene_24,137.975,2,0,0,3,0,,Chiara
DSCN8819,101,6,Playa Blanca,,arana,,,1,2024,ene_24,78.265,1,0,0,3,0,,Chiara
DSCN8821,101,7,Playa Blanca,,arana,,,1,2024,ene_24,272.979,8,0,0,6,1,,Chiara
DSCN8823,107,1,Playa Blanca,,arana,,,1,2024,ene_24,100.673,4,0,0,3,0,,Chiara
DSCN8824,107,2,Playa Blanca,,arana,,,1,2024,ene_24,64.152,5,1,1,3,0,,Chiara
DSCN8825,107,3,Playa Blanca,,arana,,,1,2024,ene_24,149.564,4,0,0,1,0,,Chiara
DSCN8826,107,4,Playa Blanca,,arana,,,1,2024,ene_24,81.258,3,0,0,4,0,,Chiara
DSCN8827,107,5,Playa Blanca,,arana,,,1,2024,ene_24,67.069,4,1,0,2,0,,Chiara
DSCN8828,107,6,Playa Blanca,,arana,,,1,2024,ene_24,195.024,4,0,0,3,0,,Chiara
DSCN8829,107,7,Playa Blanca,,arana,,,1,2024,ene_24,374.574,15,0,0,8,0,,Chiara
DSCN8831,14,1,Playa Blanca,,arana,,,1,2024,ene_24,93.358,2,0,0,4,0,,Chiara
DSCN8832,14,2,Playa Blanca,,arana,,,1,2024,ene_24,283.327,3,0,0,2,0,,Chiara
DSCN8833,14,3,Playa Blanca,,arana,,,1,2024,ene_24,168.705,4,0,0,2,0,,Chiara
DSCN8834,14,4,Playa Blanca,,arana,,,1,2024,ene_24,206.579,3,0,0,1,0,,Chiara
DSCN8835,14,5,Playa Blanca,,arana,,,1,2024,ene_24,105.511,3,0,0,1,0,,Chiara
DSCN8836,14,6,Playa Blanca,,arana,,,1,2024,ene_24,184.855,4,0,0,0,0,,Chiara
DSCN8837,14,7,Playa Blanca,,arana,,,1,2024,ene_24,494.832,10,0,0,3,0,,Chiara
DSCN8863,285,1,Playa Blanca,,arana,,,1,2024,ene_24,84.604,4,1,0,0,0,,Chiara
DSCN8864,285,2,Playa Blanca,,arana,,,1,2024,ene_24,53.737,3,1,0,0,0,,Chiara
DSCN8865,285,3,Playa Blanca,,arana,,,1,2024,ene_24,86.471,3,0,0,2,0,,Chiara
DSCN8866,285,4,Playa Blanca,,arana,,,1,2024,ene_24,145.176,4,0,0,1,0,,Chiara
DSCN8867,285,5,Playa Blanca,,arana,,,1,2024,ene_24,116.894,5,0,0,2,0,,Chiara
DSCN8868,285,6,Playa Blanca,,arana,,,1,2024,ene_24,114.248,5,0,0,0,0,,Chiara
DSCN8869,285,7,Playa Blanca,,arana,,,1,2024,ene_24,176.495,7,0,0,6,0,,Chiara
DSCN8930,89,1,Playa Blanca,,arana,,,1,2024,ene_24,212.139,5,0,0,2,0,,Chiara
DSCN8931,89,2,Playa Blanca,,arana,,,1,2024,ene_24,390.447,5,0,2,0,0,,Chiara
DSCN8932,89,3,Playa Blanca,,arana,,,1,2024,ene_24,239.089,5,0,1,1,0,,Chiara
DSCN8933,89,4,Playa Blanca,,arana,,,1,2024,ene_24,655.710,5,0,1,0,0,,Chiara
DSCN8934,89,5,Playa Blanca,,arana,,,1,2024,ene_24,284.309,6,0,0,0,0,,Chiara
DSCN8935,89,6,Playa Blanca,,arana,,,1,2024,ene_24,322.036,6,0,0,0,0,,Chiara
DSCN8936,89,7,Playa Blanca,,arana,,,1,2024,ene_24,691.550,11,0,2,0,0,,Chiara
DSCN8946,102,1,Playa Blanca,,arana,,,1,2024,ene_24,495.295,4,0,3,0,0,,Chiara
DSCN8947,102,2,Playa Blanca,,arana,,,1,2024,ene_24,153.806,5,0,0,0,0,,Chiara
DSCN8948,102,3,Playa Blanca,,arana,,,1,2024,ene_24,238.872,7,2,1,1,0,,Chiara
DSCN8949,102,4,Playa Blanca,,arana,,,1,2024,ene_24,239.771,4,0,0,0,0,,Chiara
DSCN8950,102,5,Playa Blanca,,arana,,,1,2024,ene_24,341.462,5,0,0,0,0,,Chiara
DSCN8951,102,6,Playa Blanca,,arana,,,1,2024,ene_24,678.706,7,0,2,1,0,,Chiara
DSCN8952,102,7,Playa Blanca,,arana,,,1,2024,ene_24,250.265,5,0,0,1,1,,Chiara
DSCN9083,11,1,Playa Blanca,,arana,,,6,2024,jun_24,251.053,5,0,0,1,0,,Chiara
DSCN9084,11,2,Playa Blanca,,arana,,,6,2024,jun_24,245.937,4,1,0,1,0,,Chiara
DSCN9085,11,3,Playa Blanca,,arana,,,6,2024,jun_24,196.304,4,1,0,1,0,,Chiara
DSCN9086,11,4,Playa Blanca,,arana,,,6,2024,jun_24,293.484,3,0,0,1,0,,Chiara
DSCN9087,11,5,Playa Blanca,,arana,,,6,2024,jun_24,170.925,3,0,0,2,0,,Chiara
DSCN9088,11,6,Playa Blanca,,arana,,,6,2024,jun_24,166.511,5,1,0,2,0,,Chiara
DSCN9089,11,7,Playa Blanca,,arana,,,6,2024,jun_24,548.571,7,1,0,1,0,,Chiara
DSCN9123,101,1,Playa Blanca,,arana,,,6,2024,jun_24,107.938,2,0,0,1,0,,Chiara
DSCN9124,101,2,Playa Blanca,,arana,,,6,2024,jun_24,182.681,2,0,0,3,0,,Chiara
DSCN9125,101,3,Playa Blanca,,arana,,,6,2024,jun_24,110.669,2,0,1,1,0,,Chiara
DSCN9126,101,4,Playa Blanca,,arana,,,6,2024,jun_24,342.600,3,0,0,3,0,,Chiara
DSCN9127,101,5,Playa Blanca,,arana,,,6,2024,jun_24,336.321,2,0,0,3,0,,Chiara
DSCN9128,101,6,Playa Blanca,,arana,,,6,2024,jun_24,107.230,1,0,0,3,0,,Chiara
DSCN9129,101,7,Playa Blanca,,arana,,,6,2024,jun_24,479.816,8,0,0,6,1,,Chiara
DSCN9131,107,1,Playa Blanca,,arana,,,6,2024,jun_24,158.928,4,0,0,3,0,,Chiara
DSCN9132,107,2,Playa Blanca,,arana,,,6,2024,jun_24,46.958,4,2,1,4,0,,Chiara
DSCN9133,107,3,Playa Blanca,,arana,,,6,2024,jun_24,140.278,3,0,0,2,0,,Chiara
DSCN9134,107,4,Playa Blanca,,arana,,,6,2024,jun_24,139.348,3,0,0,4,1,,Chiara
DSCN9135,107,5,Playa Blanca,,arana,,,6,2024,jun_24,83.841,4,1,2,2,0,,Chiara
DSCN9136,107,6,Playa Blanca,,arana,,,6,2024,jun_24,361.810,4,0,1,3,0,,Chiara
DSCN9137,107,7,Playa Blanca,,arana,,,6,2024,jun_24,679.366,13,0,2,10,1,,Chiara
DSCN9139,14,1,Playa Blanca,,arana,,,6,2024,jun_24,208.623,2,0,0,3,0,,Chiara
DSCN9140,14,2,Playa Blanca,,arana,,,6,2024,jun_24,482.581,3,0,0,1,0,,Chiara
DSCN9141,14,3,Playa Blanca,,arana,,,6,2024,jun_24,370.200,4,0,0,2,0,,Chiara
DSCN9142,14,4,Playa Blanca,,arana,,,6,2024,jun_24,352.373,3,0,1,0,0,,Chiara
DSCN9143,14,5,Playa Blanca,,arana,,,6,2024,jun_24,215.857,3,0,0,1,0,,Chiara
DSCN9144,14,6,Playa Blanca,,arana,,,6,2024,jun_24,299.440,4,0,0,0,0,,Chiara
DSCN9145,14,7,Playa Blanca,,arana,,,6,2024,jun_24,807.042,10,0,0,3,0,,Chiara
DSCN9162,285,1,Playa Blanca,,arana,,,6,2024,jun_24,213.950,4,1,0,0,0,,Chiara
DSCN9163,285,2,Playa Blanca,,arana,,,6,2024,jun_24,101.813,3,1,0,0,0,,Chiara
DSCN9164,285,3,Playa Blanca,,arana,,,6,2024,jun_24,205.946,3,0,0,2,0,,Chiara
DSCN9165,285,4,Playa Blanca,,arana,,,6,2024,jun_24,165.048,4,0,0,1,0,,Chiara
DSCN9166,285,5,Playa Blanca,,arana,,,6,2024,jun_24,268.471,5,0,0,2,0,,Chiara
DSCN9167,285,6,Playa Blanca,,arana,,,6,2024,jun_24,238.235,5,0,0,0,0,,Chiara
DSCN9168,285,7,Playa Blanca,,arana,,,6,2024,jun_24,538.976,7,0,0,6,0,,Chiara
DSCN9228,89,1,Playa Blanca,,arana,,,6,2024,jun_24,393.619,5,0,2,1,0,,Chiara
DSCN9229,89,2,Playa Blanca,,arana,,,6,2024,jun_24,393.009,5,1,0,0,0,,Chiara
DSCN9230,89,3,Playa Blanca,,arana,,,6,2024,jun_24,291.226,5,0,1,1,0,,Chiara
DSCN9231,89,4,Playa Blanca,,arana,,,6,2024,jun_24,597.412,5,1,0,0,0,,Chiara
DSCN9232,89,5,Playa Blanca,,arana,,,6,2024,jun_24,486.795,6,0,1,0,0,,Chiara
DSCN9233,89,6,Playa Blanca,,arana,,,6,2024,jun_24,483.694,6,0,0,0,0,,Chiara
DSCN9234,89,7,Playa Blanca,,arana,,,6,2024,jun_24,825.911,10,0,1,0,0,,Chiara
DSCN9244,102,1,Playa Blanca,,arana,,,6,2024,jun_24,461.973,4,0,0,0,0,,Chiara
DSCN9245,102,2,Playa Blanca,,arana,,,6,2024,jun_24,239.398,4,0,0,1,0,,Chiara
DSCN9246,102,3,Playa Blanca,,arana,,,6,2024,jun_24,399.300,4,0,0,4,0,,Chiara
DSCN9247,102,4,Playa Blanca,,arana,,,6,2024,jun_24,325.238,4,0,0,0,0,,Chiara
DSCN9248,102,5,Playa Blanca,,arana,,,6,2024,jun_24,472.695,5,0,0,0,0,,Chiara
DSCN9249,102,6,Playa Blanca,,arana,,,6,2024,jun_24,744.306,7,0,0,1,0,,Chiara
DSCN9250,102,7,Playa Blanca,,arana,,,6,2024,jun_24,350.963,5,0,0,1,0,,Chiara
DSCN9467,102,1,Playa Blanca,,arana,,,2,2024,feb_24,250.657,4,0,3,0,0,,Chiara
DSCN9468,102,2,Playa Blanca,,arana,,,2,2024,feb_24,177.038,5,0,0,0,0,,Chiara
DSCN9469,102,3,Playa Blanca,,arana,,,2,2024,feb_24,248.277,7,3,0,1,0,,Chiara
DSCN9470,102,4,Playa Blanca,,arana,,,2,2024,feb_24,271.526,4,0,0,0,0,,Chiara
DSCN9471,102,5,Playa Blanca,,arana,,,2,2024,feb_24,328.478,5,0,0,0,0,,Chiara
DSCN9472,102,6,Playa Blanca,,arana,,,2,2024,feb_24,534.729,7,0,2,1,0,,Chiara
DSCN9473,102,7,Playa Blanca,,arana,,,2,2024,feb_24,359.251,5,0,0,1,1,,Chiara
DSCN9483,89,1,Playa Blanca,,arana,,,2,2024,feb_24,249.171,5,0,1,1,0,,Chiara
DSCN9484,89,2,Playa Blanca,,arana,,,2,2024,feb_24,382.202,5,1,0,0,0,,Chiara
DSCN9485,89,3,Playa Blanca,,arana,,,2,2024,feb_24,234.886,5,0,1,1,0,,Chiara
DSCN9486,89,4,Playa Blanca,,arana,,,2,2024,feb_24,513.606,5,1,0,0,0,,Chiara
DSCN9487,89,5,Playa Blanca,,arana,,,2,2024,feb_24,311.160,6,0,0,0,0,,Chiara
DSCN9488,89,6,Playa Blanca,,arana,,,2,2024,feb_24,443.786,6,0,0,0,0,,Chiara
DSCN9489,89,7,Playa Blanca,,arana,,,2,2024,feb_24,611.229,10,0,1,1,0,,Chiara
DSCN9546,285,1,Playa Blanca,,arana,,,2,2024,feb_24,129.019,4,1,0,0,0,,Chiara
DSCN9547,285,2,Playa Blanca,,arana,,,2,2024,feb_24,65.091,3,1,0,0,0,,Chiara
DSCN9548,285,3,Playa Blanca,,arana,,,2,2024,feb_24,108.521,3,0,0,2,0,,Chiara
DSCN9549,285,4,Playa Blanca,,arana,,,2,2024,feb_24,158.143,4,0,0,1,0,,Chiara
DSCN9550,285,5,Playa Blanca,,arana,,,2,2024,feb_24,152.175,5,0,0,2,0,,Chiara
DSCN9551,285,6,Playa Blanca,,arana,,,2,2024,feb_24,130.361,5,0,0,0,0,,Chiara
DSCN9552,285,7,Playa Blanca,,arana,,,2,2024,feb_24,294.521,7,0,0,6,0,,Chiara
DSCN9570,14,1,Playa Blanca,,arana,,,2,2024,feb_24,120.826,2,0,0,4,0,,Chiara
DSCN9571,14,2,Playa Blanca,,arana,,,2,2024,feb_24,302.048,3,0,0,2,0,,Chiara
DSCN9572,14,3,Playa Blanca,,arana,,,2,2024,feb_24,243.850,4,0,0,2,0,,Chiara
DSCN9573,14,4,Playa Blanca,,arana,,,2,2024,feb_24,158.287,3,0,2,1,0,,Chiara
DSCN9574,14,5,Playa Blanca,,arana,,,2,2024,feb_24,127.030,3,0,0,1,0,,Chiara
DSCN9575,14,6,Playa Blanca,,arana,,,2,2024,feb_24,207.275,4,0,0,0,0,,Chiara
DSCN9576,14,7,Playa Blanca,,arana,,,2,2024,feb_24,613.521,10,0,0,3,0,,Chiara
DSCN9578,107,1,Playa Blanca,,arana,,,2,2024,feb_24,92.065,4,0,0,3,0,,Chiara
DSCN9579,107,2,Playa Blanca,,arana,,,2,2024,feb_24,60.992,5,1,1,3,0,,Chiara
DSCN9580,107,3,Playa Blanca,,arana,,,2,2024,feb_24,157.639,4,0,0,1,0,,Chiara
DSCN9581,107,4,Playa Blanca,,arana,,,2,2024,feb_24,90.777,3,0,0,4,0,,Chiara
DSCN9582,107,5,Playa Blanca,,arana,,,2,2024,feb_24,93.845,4,1,0,2,0,,Chiara
DSCN9583,107,6,Playa Blanca,,arana,,,2,2024,feb_24,276.384,4,0,0,3,0,,Chiara
DSCN9584,107,7,Playa Blanca,,arana,,,2,2024,feb_24,558.664,15,0,0,8,0,,Chiara
DSCN9586,101,1,Playa Blanca,,arana,,,2,2024,feb_24,55.619,2,0,0,1,0,,Chiara
DSCN9587,101,2,Playa Blanca,,arana,,,2,2024,feb_24,114.337,2,0,0,3,0,,Chiara
DSCN9588,101,3,Playa Blanca,,arana,,,2,2024,feb_24,59.101,2,0,0,2,0,,Chiara
DSCN9589,101,4,Playa Blanca,,arana,,,2,2024,feb_24,150.992,3,0,0,3,0,,Chiara
DSCN9590,101,5,Playa Blanca,,arana,,,2,2024,feb_24,228.953,2,0,0,3,0,,Chiara
DSCN9591,101,6,Playa Blanca,,arana,,,2,2024,feb_24,77.845,1,0,0,3,0,,Chiara
DSCN9592,101,7,Playa Blanca,,arana,,,2,2024,feb_24,293.439,8,0,0,6,1,,Chiara
DSCN9627,11,1,Playa Blanca,,arana,,,2,2024,feb_24,143.518,5,0,0,1,0,,Chiara
DSCN9628,11,2,Playa Blanca,,arana,,,2,2024,feb_24,187.330,4,1,0,1,0,,Chiara
DSCN9629,11,3,Playa Blanca,,arana,,,2,2024,feb_24,128.347,4,1,0,1,0,,Chiara
DSCN9630,11,4,Playa Blanca,,arana,,,2,2024,feb_24,215.735,3,0,0,1,0,,Chiara
DSCN9631,11,5,Playa Blanca,,arana,,,2,2024,feb_24,76.062,3,0,0,2,0,,Chiara
DSCN9632,11,6,Playa Blanca,,arana,,,2,2024,feb_24,149.115,5,1,0,2,0,,Chiara
DSCN9633,11,7,Playa Blanca,,arana,,,2,2024,feb_24,399.312,8,2,0,1,0,,Chiara
DSCN8540,95,0,Playa Blanca,,arana,,,7,2023,jul_23,NA,NA,NA,NA,NA,NA,etiqueta arana,Amanda
DSCN8541,95,1,Playa Blanca,,arana,,,7,2023,jul_23,760.444,5,0,0,0,2,Fragmentos palidos,Amanda
DSCN8542,95,2,Playa Blanca,,arana,,,7,2023,jul_23,221.720,2,0,0,1,1,,Amanda
DSCN8543,95,3,Playa Blanca,,arana,,,7,2023,jul_23,370.780,3,0,1,1,1,,Amanda
DSCN8544,95,4,Playa Blanca,,arana,,,7,2023,jul_23,264.612,4,0,0,0,2,,Amanda
DSCN8545,95,5,Playa Blanca,,arana,,,7,2023,jul_23,36.708,1,0,0,2,1,,Amanda
DSCN8546,95,6,Playa Blanca,,arana,,,7,2023,jul_23,81.488,1,0,0,0,1,,Amanda
DSCN8547,95,7,Playa Blanca,,arana,,,7,2023,jul_23,671.775,7,0,0,2,7,todos blanqueados,Amanda
DSCN9550,95,0,Playa Blanca,,arana,,,8,2023,ago_23,NA,NA,NA,NA,NA,NA,etiqueta arana,Amanda
DSCN9551,95,1,Playa Blanca,,arana,,,8,2023,ago_23,831.243,6,0,3,0,4,nuevos fragmentos,Amanda
DSCN9552,95,2,Playa Blanca,,arana,,,8,2023,ago_23,271.296,6,1,2,1,3,nuevos fragmentos,Amanda
DSCN9553,95,3,Playa Blanca,,arana,,,8,2023,ago_23,511.031,8,0,2,0,4,nuevos fragmentos,Amanda
DSCN9554,95,4,Playa Blanca,,arana,,,8,2023,ago_23,399.654,6,0,1,0,4,nuevos fragmentos,Amanda
DSCN9555,95,5,Playa Blanca,,arana,,,8,2023,ago_23,431.465,6,0,3,0,5,nuevos fragmentos,Amanda
DSCN9556,95,6,Playa Blanca,,arana,,,8,2023,ago_23,305.984,7,0,3,0,5,nuevos fragmentos,Amanda
DSCN9557,95,7,Playa Blanca,,arana,,,8,2023,ago_23,813.794,14,1,3,2,7,nuevos fragmentos,Amanda
PA210608,95,0,Playa Blanca,,arana,,,10,2023,oct_23,NA,NA,NA,NA,NA,NA,etiqueta arana,Amanda
PA210609,95,0,Playa Blanca,,arana,,,10,2023,oct_23,NA,NA,NA,NA,NA,NA,etiqueta arana,Amanda
PA210610,95,1,Playa Blanca,,arana,,,10,2023,oct_23,677.176,6,0,1,0,5,blanqueamiento total,Amanda
PA210611,95,2,Playa Blanca,,arana,,,10,2023,oct_23,313.069,6,0,3,0,4,blanqueamiento total,Amanda
PA210612,95,3,Playa Blanca,,arana,,,10,2023,oct_23,387.971,7,1,3,0,7,blanqueamiento total,Amanda
PA210613,95,4,Playa Blanca,,arana,,,10,2023,oct_23,294.738,4,0,0,0,4,blanqueamiento total,Amanda
PA210614,95,5,Playa Blanca,,arana,,,10,2023,oct_23,424.125,6,0,3,1,6,blanqueamiento total,Amanda
PA210615,95,6,Playa Blanca,,arana,,,10,2023,oct_23,264.303,7,0,4,0,7,blanqueamiento total,Amanda
PA210616,95,7,Playa Blanca,,arana,,,10,2023,oct_23,NA,NA,NA,NA,NA,NA,replica foto,Amanda
PA210617,95,7,Playa Blanca,,arana,,,10,2023,oct_23,745.774,15,0,5,2,15,blanqueamiento total,Amanda
DSCN1854,95,0,Playa Blanca,,arana,,,11,2023,nov_23,NA,NA,NA,NA,NA,NA,etiqueta arana,Amanda
DSCN1855,95,1,Playa Blanca,,arana,,,11,2023,nov_23,626.935,6,0,3,0,5,blanqueamiento total,Amanda
DSCN1856,95,2,Playa Blanca,,arana,,,11,2023,nov_23,320.396,5,1,3,1,4,blanqueamiento total,Amanda
DSCN1857,95,3,Playa Blanca,,arana,,,11,2023,nov_23,295.844,5,2,3,0,5,blanqueamiento total,Amanda
DSCN1858,95,4,Playa Blanca,,arana,,,11,2023,nov_23,415.925,5,0,3,0,5,blanqueamiento total,Amanda
DSCN1859,95,5,Playa Blanca,,arana,,,11,2023,nov_23,64.970,3,2,2,0,3,blanqueamiento total,Amanda
DSCN1860,95,6,Playa Blanca,,arana,,,11,2023,nov_23,139.898,3,1,2,2,2,blanqueamiento total,Amanda
DSCN1861,95,7,Playa Blanca,,arana,,,11,2023,nov_23,259.759,5,5,5,6,5,blanqueamiento total,Amanda
DSCN8961,95,0,Playa Blanca,,arana,,,1,2024,ene_24,NA,NA,NA,NA,NA,NA,etiqueta arana,Amanda
DSCN8962,95,1,Playa Blanca,,arana,,,1,2024,ene_24,91.655,5,1,2,1,2,nuevos fragmentos,Amanda
DSCN8963,95,2,Playa Blanca,,arana,,,1,2024,ene_24,178.885,6,1,1,1,0,nuevos fragmentos,Amanda
DSCN8964,95,3,Playa Blanca,,arana,,,1,2024,ene_24,136.285,7,0,2,0,4,nuevos fragmentos,Amanda
DSCN8965,95,4,Playa Blanca,,arana,,,1,2024,ene_24,117.757,5,2,2,1,2,nuevos fragmentos,Amanda
DSCN8966,95,5,Playa Blanca,,arana,,,1,2024,ene_24,120.703,5,0,1,0,1,nuevos fragmentos,Amanda
DSCN8967,95,6,Playa Blanca,,arana,,,1,2024,ene_24,131.795,6,0,1,1,2,nuevos fragmentos,Amanda
DSCN8968,95,7,Playa Blanca,,arana,,,1,2024,ene_24,322.772,14,3,4,5,4,nuevos fragmentos,Amanda
DSCN9434,95,0,Playa Blanca,,arana,,,2,2024,feb_24,NA,NA,NA,NA,NA,NA,etiqueta arana,Amanda
DSCN9435,95,1,Playa Blanca,,arana,,,2,2024,feb_24,87.319,4,2,4,1,2,baja visibilidad,Amanda
DSCN9436,95,2,Playa Blanca,,arana,,,2,2024,feb_24,135.388,6,0,6,0,3,baja visibilidad,Amanda
DSCN9437,95,3,Playa Blanca,,arana,,,2,2024,feb_24,136.108,7,0,3,0,1,baja visibilidad,Amanda
DSCN9438,95,4,Playa Blanca,,arana,,,2,2024,feb_24,116.293,5,0,3,1,0,baja visibilidad,Amanda
DSCN9439,95,5,Playa Blanca,,arana,,,2,2024,feb_24,81.129,5,0,4,0,0,baja visibilidad,Amanda
DSCN9440,95,6,Playa Blanca,,arana,,,2,2024,feb_24,185.910,6,0,6,1,1,baja visibilidad,Amanda
DSCN9441,95,7,Playa Blanca,,arana,,,2,2024,feb_24,233.992,14,4,5,3,2,baja visibilidad,Amanda
DSCN0820,95,0,Playa Blanca,,arana,,,3,2024,mar_24,NA,NA,NA,NA,NA,NA,etiqueta arana,Amanda
DSCN0821,95,1,Playa Blanca,,arana,,,3,2024,mar_24,282.355,5,2,3,0,1,,Amanda
DSCN0822,95,2,Playa Blanca,,arana,,,3,2024,mar_24,142.968,5,2,3,1,1,,Amanda
DSCN0823,95,3,Playa Blanca,,arana,,,3,2024,mar_24,131.188,5,0,3,0,0,,Amanda
DSCN0824,95,4,Playa Blanca,,arana,,,3,2024,mar_24,157.911,5,0,2,0,1,,Amanda
DSCN0825,95,5,Playa Blanca,,arana,,,3,2024,mar_24,150.531,5,0,3,0,1,,Amanda
DSCN0826,95,6,Playa Blanca,,arana,,,3,2024,mar_24,140.804,5,0,3,0,2,,Amanda
DSCN0827,95,7,Playa Blanca,,arana,,,3,2024,mar_24,339.041,13,3,4,2,3,,Amanda
DSCN8211,95,0,Playa Blanca,,arana,,,5,2024,may_24,NA,NA,NA,NA,NA,NA,etiqueta arana,Amanda
DSCN8212,95,1,Playa Blanca,,arana,,,5,2024,may_24,207.299,6,1,1,0,0,,Amanda
DSCN8213,95,2,Playa Blanca,,arana,,,5,2024,may_24,119.981,5,1,4,0,1,,Amanda
DSCN8214,95,3,Playa Blanca,,arana,,,5,2024,may_24,130.872,5,0,3,1,0,,Amanda
DSCN8215,95,4,Playa Blanca,,arana,,,5,2024,may_24,189.807,5,0,1,0,0,,Amanda
DSCN8216,95,5,Playa Blanca,,arana,,,5,2024,may_24,227.737,5,0,3,0,0,,Amanda
DSCN8217,95,6,Playa Blanca,,arana,,,5,2024,may_24,169.367,5,0,2,0,0,,Amanda
DSCN8218,95,7,Playa Blanca,,arana,,,5,2024,may_24,328.137,13,2,6,2,4,,Amanda
DSCN9259,95,0,Playa Blanca,,arana,,,6,2024,jun_24,NA,NA,NA,NA,NA,NA,etiqueta arana,Amanda
DSCN9260,95,1,Playa Blanca,,arana,,,6,2024,jun_24,248.815,6,1,5,0,0,visibilidad reducida,Amanda
DSCN9261,95,2,Playa Blanca,,arana,,,6,2024,jun_24,156.499,5,1,4,0,0,visibilidad reducida,Amanda
DSCN9262,95,3,Playa Blanca,,arana,,,6,2024,jun_24,75.094,4,0,2,1,0,visibilidad reducida,Amanda
DSCN9263,95,4,Playa Blanca,,arana,,,6,2024,jun_24,182.552,5,0,2,0,2,visibilidad reducida,Amanda
DSCN9264,95,5,Playa Blanca,,arana,,,6,2024,jun_24,222.421,5,0,2,0,1,visibilidad reducida,Amanda
DSCN9265,95,6,Playa Blanca,,arana,,,6,2024,jun_24,204.711,5,0,2,0,0,visibilidad reducida,Amanda
DSCN9266,95,7,Playa Blanca,,arana,,,6,2024,jun_24,410.437,12,2,5,3,2,visibilidad reducida,Amanda
DSCN2801,95,0,Playa Blanca,,arana,,,10,2024,oct_24,NA,NA,NA,NA,NA,NA,etiqueta arana,Amanda
DSCN2802,95,1,Playa Blanca,,arana,,,10,2024,oct_24,216.915,5,2,4,0,0,,Amanda
DSCN2803,95,2,Playa Blanca,,arana,,,10,2024,oct_24,207.813,4,2,3,0,0,,Amanda
DSCN2804,95,3,Playa Blanca,,arana,,,10,2024,oct_24,147.754,4,0,4,2,0,,Amanda
DSCN2805,95,4,Playa Blanca,,arana,,,10,2024,oct_24,294.633,5,0,3,0,0,fragmento palido,Amanda
DSCN2806,95,5,Playa Blanca,,arana,,,10,2024,oct_24,371.563,5,0,3,0,0,,Amanda
DSCN2807,95,6,Playa Blanca,,arana,,,10,2024,oct_24,441.193,6,0,3,0,0,,Amanda
DSCN2808,95,7,Playa Blanca,,arana,,,10,2024,oct_24,524.031,12,2,4,0,0,,Amanda
DSCN5451,96,1,Playa Blanca,,arana,,,6,2023,jun-23,517.815,4,0,0,0,0,,Gaby
DSCN5452,96,2,Playa Blanca,,arana,,,6,2023,jun-23,477.519,4,0,0,0,0,,Gaby
DSCN5453,96,3,Playa Blanca,,arana,,,6,2023,jun-23,206.143,2,0,0,0,0,,Gaby
DSCN5454,96,4,Playa Blanca,,arana,,,6,2023,jun-23,642.738,5,0,0,0,0,,Gaby
DSCN5455,96,5,Playa Blanca,,arana,,,6,2023,jun-23,452.443,4,0,0,0,0,,Gaby
DSCN5456,96,6,Playa Blanca,,arana,,,6,2023,jun-23,313.007,2,0,0,0,0,,Gaby
DSCN5457,96,7,Playa Blanca,,arana,,,6,2023,jun-23,506.234,6,0,0,0,0,,Gaby
DSCN8526,96,1,Playa Blanca,,arana,,,7,2023,jul-23,454.094,4,0,"26,040",0,0,sin etiqueta,Gaby
DSCN8527,96,2,Playa Blanca,,arana,,,7,2023,jul-23,509.366,4,0,0,0,0,sin etiqueta,Gaby
DSCN8528,96,3,Playa Blanca,,arana,,,7,2023,jul-23,203.382,2,0,0,0,0,sin etiqueta,Gaby
DSCN8529,96,4,Playa Blanca,,arana,,,7,2023,jul-23,435.830,5,0,0,0,"79,250",sin etiqueta,Gaby
DSCN8530,96,5,Playa Blanca,,arana,,,7,2023,jul-23,401.537,4,0,0,0,"106,596",sin etiqueta,Gaby
DSCN8525,96,6,Playa Blanca,,arana,,,7,2023,jul-23,194.184,1,0,0,1,0,sin etiqueta,Gaby
DSCN8531,96,7,Playa Blanca,,arana,,,7,2023,jul-23,559.371,6,0,0,0,"40,180",sin etiqueta,Gaby
DSCN9568,283,1,Playa Blanca,,arana,,,8,2023,ago-23,304.146,6,0,0,0,0,cambio de etiqueta,Gaby
DSCN9569,283,2,Playa Blanca,,arana,,,8,2023,ago-23,799.812,5,0,0,0,0,,Gaby
DSCN9570,283,3,Playa Blanca,,arana,,,8,2023,ago-23,543.385,4,0,0,0,0,,Gaby
DSCN9571,283,4,Playa Blanca,,arana,,,8,2023,ago-23,404.872,8,0,0,0,0,,Gaby
DSCN9572,283,5,Playa Blanca,,arana,,,8,2023,ago-23,681.928,5,0,0,0,0,,Gaby
DSCN9573,283,6,Playa Blanca,,arana,,,8,2023,ago-23,436.482,5,0,0,0,"102,525",,Gaby
DSCN9574,283,7,Playa Blanca,,arana,,,8,2023,ago-23,793.313,11,0,0,0,0,,Gaby
,283,,Playa Blanca,,arana,,,9,2023,set-23,,,,,,,no hay foto,Gaby
PA210585,283,1,Playa Blanca,,arana,,,10,2023,oct-23,,5,0,0,0,"243,374",,Gaby
PA210586,283,2,Playa Blanca,,arana,,,10,2023,oct-23,,4,0,"54,188",0,"420,127",,Gaby
PA210587,283,3,Playa Blanca,,arana,,,10,2023,oct-23,55.378,3,0,0,0,"355,238",,Gaby
PA210588,283,4,Playa Blanca,,arana,,,10,2023,oct-23,158.487,8,0,"35,944",0,"125,003",,Gaby
PA210589,283,5,Playa Blanca,,arana,,,10,2023,oct-23,,4,0,0,0,"530,764",,Gaby
PA210590,283,6,Playa Blanca,,arana,,,10,2023,oct-23,43.297,5,0,0,0,"474,437",,Gaby
PA210591,283,7,Playa Blanca,,arana,,,10,2023,oct-23,,11,0,0,0,"798,482",,Gaby
DSCN1874,283,1,Playa Blanca,,arana,,,11,2023,nov-23,50.700,5,0,"55,085",0,"205,395",,Gaby
DSCN1875,283,2,Playa Blanca,,arana,,,11,2023,nov-23,35.080,4,"292,097",0,0,"85,045",,Gaby
DSCN1876,283,3,Playa Blanca,,arana,,,11,2023,nov-23,71.017,3,"199,247",0,0,"128,827",,Gaby
DSCN1877,283,4,Playa Blanca,,arana,,,11,2023,nov-23,165.591,5,"144,903",0,2,"74,140",,Gaby
DSCN1878,283,5,Playa Blanca,,arana,,,11,2023,nov-23,,4,"226,541",0,0,"293,785",,Gaby
DSCN1879,283,6,Playa Blanca,,arana,,,11,2023,nov-23,,5,"111,541",0,0,"317,733",,Gaby
DSCN1880,283,7,Playa Blanca,,arana,,,11,2023,nov-23,,11,"574,904","16,421",0,"136,930",,Gaby
,283,,Playa Blanca,,arana,,,12,2023,dic-23,,,,,,,no hubo gira ,Gaby
DSCN8978,283,1,Playa Blanca,,arana,,,1,2024,ene-24,95.794,5,0,"87,945",0,0,,Gaby
DSCN8979,283,2,Playa Blanca,,arana,,,1,2024,ene-24,117.949,6,0,0,0,0,,Gaby
DSCN8980,283,3,Playa Blanca,,arana,,,1,2024,ene-24,119.533,5,0,0,0,0,,Gaby
DSCN8981,283,4,Playa Blanca,,arana,,,1,2024,ene-24,357.940,6,0,0,0,0,,Gaby
DSCN8982,283,5,Playa Blanca,,arana,,,1,2024,ene-24,172.037,4,0,0,0,0,,Gaby
DSCN8983,283,6,Playa Blanca,,arana,,,1,2024,ene-24,291.271,4,0,0,0,0,,Gaby
DSCN8984,283,7,Playa Blanca,,arana,,,1,2024,ene-24,282.471,12,0,0,0,"13,930",,Gaby
DSCN9451,283,1,Playa Blanca,,arana,,,2,2024,feb-24,86.696,5,0,0,0,0,mala visibilidad,Gaby
DSCN9452,283,2,Playa Blanca,,arana,,,2,2024,feb-24,143.217,5,0,0,1,0,mala visibilidad,Gaby
DSCN9453,283,3,Playa Blanca,,arana,,,2,2024,feb-24,138.710,5,0,0,0,0,mala visibilidad,Gaby
DSCN9454,283,4,Playa Blanca,,arana,,,2,2024,feb-24,321.736,6,0,0,0,0,mala visibilidad,Gaby
DSCN9455,283,5,Playa Blanca,,arana,,,2,2024,feb-24,186.863,4,0,0,0,0,mala visibilidad,Gaby
DSCN9456,283,6,Playa Blanca,,arana,,,2,2024,feb-24,305.837,4,0,0,0,0,mala visibilidad,Gaby
DSCN9457,283,7,Playa Blanca,,arana,,,2,2024,feb-24,378.285,11,0,0,0,0,mala visibilidad,Gaby
DSCN0838,283,1,Playa Blanca,,arana,,,3,2024,mar-24,117.332,5,0,0,0,0,,Gaby
DSCN0839,283,2,Playa Blanca,,arana,,,3,2024,mar-24,132.152,5,0,0,0,0,,Gaby
DSCN0840,283,3,Playa Blanca,,arana,,,3,2024,mar-24,149.275,5,0,0,0,0,,Gaby
DSCN0841,283,4,Playa Blanca,,arana,,,3,2024,mar-24,363.235,6,0,0,0,0,,Gaby
DSCN0842,283,5,Playa Blanca,,arana,,,3,2024,mar-24,181.650,4,0,0,0,0,,Gaby
DSCN0843,283,6,Playa Blanca,,arana,,,3,2024,mar-24,388.247,4,0,0,0,0,,Gaby
DSCN0844,283,7,Playa Blanca,,arana,,,3,2024,mar-24,390.352,11,0,0,0,0,,Gaby
,283,,Playa Blanca,,arana,,,4,2024,abr-24,,,,,,,no hubo gira,Gaby
DSCN8228,283,1,Playa Blanca,,arana,,,5,2024,may-24,122.137,5,0,0,0,0,,Gaby
DSCN8229,283,2,Playa Blanca,,arana,,,5,2024,may-24,165.038,5,0,0,0,0,,Gaby
DSCN8230,283,3,Playa Blanca,,arana,,,5,2024,may-24,160.015,5,0,0,0,0,,Gaby
DSCN8231,283,4,Playa Blanca,,arana,,,5,2024,may-24,297.186,6,0,0,0,0,,Gaby
DSCN8232,283,5,Playa Blanca,,arana,,,5,2024,may-24,210.513,4,0,0,0,0,,Gaby
DSCN8233,283,6,Playa Blanca,,arana,,,5,2024,may-24,394.928,4,0,0,0,0,,Gaby
DSCN8234,283,7,Playa Blanca,,arana,,,5,2024,may-24,410.589,10,0,0,1,0,,Gaby
DSCN9276,283,1,Playa Blanca,,arana,,,6,2024,jun-24,135.335,5,0,0,0,0,mala visibilidad,Gaby
DSCN9277,283,2,Playa Blanca,,arana,,,6,2024,jun-24,224.812,5,0,0,0,0,mala visibilidad,Gaby
DSCN9278,283,3,Playa Blanca,,arana,,,6,2024,jun-24,173.729,3,0,0,0,0,mala visibilidad,Gaby
DSCN9279,283,4,Playa Blanca,,arana,,,6,2024,jun-24,330.948,6,0,0,0,0,mala visibilidad,Gaby
DSCN9280,283,5,Playa Blanca,,arana,,,6,2024,jun-24,254.407,4,0,0,0,0,mala visibilidad,Gaby
DSCN9281,283,6,Playa Blanca,,arana,,,6,2024,jun-24,419.286,4,0,0,0,0,mala visibilidad,Gaby
DSCN9282,283,7,Playa Blanca,,arana,,,6,2024,jun-24,407.739,10,0,0,0,0,mala visibilidad,Gaby
,283,,Playa Blanca,,arana,,,7,2024,jul-24,,,,,,,no hay fotos de arañas en Blanca,Gaby
,283,,Playa Blanca,,arana,,,8,2024,ago-24,,,,,,,no hay fotos de arañas ,Gaby
,283,,Playa Blanca,,arana,,,9,2024,set-24,,,,,,,no hay fotos de arañas,Gaby
DSCN2737,283,1,Playa Blanca,,arana,,,10,2024,oct-24,190.017,5,0,0,0,0,,Gaby
DSCN2738,283,2,Playa Blanca,,arana,,,10,2024,oct-24,258.459,5,0,0,0,0,,Gaby
DSCN2739,283,3,Playa Blanca,,arana,,,10,2024,oct-24,197.513,5,0,0,0,0,,Gaby
DSCN2740,283,4,Playa Blanca,,arana,,,10,2024,oct-24,182.443,4,0,0,2,0,,Gaby
DSCN2741,283,5,Playa Blanca,,arana,,,10,2024,oct-24,261.189,4,0,0,0,0,,Gaby
DSCN2742,283,6,Playa Blanca,,arana,,,10,2024,oct-24,464.454,4,0,0,0,0,,Gaby
DSCN2743,283,7,Playa Blanca,,arana,,,10,2024,oct-24,,,,,,,,